filepath,true_class_id,true_class,pred_class_id,pred_class,confidence,is_correct
C:\Users\dzaki\OneDrive\Dokumen\Bahasa Pemograman\Python\Batik\datasets\raw\dataset_augmented\Aceh_Pintu_Aceh\aug_0_1281.jpeg,0,Aceh_Pintu_Aceh,2,batik-bali,0.37080443,False
C:\Users\dzaki\OneDrive\Dokumen\Bahasa Pemograman\Python\Batik\datasets\raw\dataset_augmented\Aceh_Pintu_Aceh\aug_0_1433.jpeg,0,Aceh_Pintu_Aceh,0,Aceh_Pintu_Aceh,0.9239806,True
C:\Users\dzaki\OneDrive\Dokumen\Bahasa Pemograman\Python\Batik\datasets\raw\dataset_augmented\Aceh_Pintu_Aceh\aug_0_1746.jpeg,0,Aceh_Pintu_Aceh,12,batik-lasem,0.55792385,False
C:\Users\dzaki\OneDrive\Dokumen\Bahasa Pemograman\Python\Batik\datasets\raw\dataset_augmented\Aceh_Pintu_Aceh\aug_0_1849.jpeg,0,Aceh_Pintu_Aceh,0,Aceh_Pintu_Aceh,0.8070163,True
C:\Users\dzaki\OneDrive\Dokumen\Bahasa Pemograman\Python\Batik\datasets\raw\dataset_augmented\Aceh_Pintu_Aceh\aug_0_1994.jpeg,0,Aceh_Pintu_Aceh,3,batik-betawi,0.43304107,False
C:\Users\dzaki\OneDrive\Dokumen\Bahasa Pemograman\Python\Batik\datasets\raw\dataset_augmented\Aceh_Pintu_Aceh\aug_0_2003.jpeg,0,Aceh_Pintu_Aceh,28,NTB_Lumbung,0.28218403,False
C:\Users\dzaki\OneDrive\Dokumen\Bahasa Pemograman\Python\Batik\datasets\raw\dataset_augmented\Aceh_Pintu_Aceh\aug_0_203.jpeg,0,Aceh_Pintu_Aceh,17,batik-sekar,0.3786586,False
C:\Users\dzaki\OneDrive\Dokumen\Bahasa Pemograman\Python\Batik\datasets\raw\dataset_augmented\Aceh_Pintu_Aceh\aug_0_2846.jpeg,0,Aceh_Pintu_Aceh,2,batik-bali,0.4606863,False
C:\Users\dzaki\OneDrive\Dokumen\Bahasa Pemograman\Python\Batik\datasets\raw\dataset_augmented\Aceh_Pintu_Aceh\aug_0_3910.jpeg,0,Aceh_Pintu_Aceh,0,Aceh_Pintu_Aceh,0.84237635,True
C:\Users\dzaki\OneDrive\Dokumen\Bahasa Pemograman\Python\Batik\datasets\raw\dataset_augmented\Aceh_Pintu_Aceh\aug_0_4246.jpeg,0,Aceh_Pintu_Aceh,0,Aceh_Pintu_Aceh,0.8765128,True
C:\Users\dzaki\OneDrive\Dokumen\Bahasa Pemograman\Python\Batik\datasets\raw\dataset_augmented\Aceh_Pintu_Aceh\aug_0_4278.jpeg,0,Aceh_Pintu_Aceh,0,Aceh_Pintu_Aceh,0.14727421,True
C:\Users\dzaki\OneDrive\Dokumen\Bahasa Pemograman\Python\Batik\datasets\raw\dataset_augmented\Aceh_Pintu_Aceh\aug_0_4537.jpeg,0,Aceh_Pintu_Aceh,3,batik-betawi,0.34930456,False
C:\Users\dzaki\OneDrive\Dokumen\Bahasa Pemograman\Python\Batik\datasets\raw\dataset_augmented\Aceh_Pintu_Aceh\aug_0_4684.jpeg,0,Aceh_Pintu_Aceh,0,Aceh_Pintu_Aceh,0.6181774,True
C:\Users\dzaki\OneDrive\Dokumen\Bahasa Pemograman\Python\Batik\datasets\raw\dataset_augmented\Aceh_Pintu_Aceh\aug_0_4721.jpeg,0,Aceh_Pintu_Aceh,0,Aceh_Pintu_Aceh,0.44126898,True
C:\Users\dzaki\OneDrive\Dokumen\Bahasa Pemograman\Python\Batik\datasets\raw\dataset_augmented\Aceh_Pintu_Aceh\aug_0_4871.jpeg,0,Aceh_Pintu_Aceh,0,Aceh_Pintu_Aceh,0.8764145,True
C:\Users\dzaki\OneDrive\Dokumen\Bahasa Pemograman\Python\Batik\datasets\raw\dataset_augmented\Aceh_Pintu_Aceh\aug_0_5156.jpeg,0,Aceh_Pintu_Aceh,0,Aceh_Pintu_Aceh,0.89211226,True
C:\Users\dzaki\OneDrive\Dokumen\Bahasa Pemograman\Python\Batik\datasets\raw\dataset_augmented\Aceh_Pintu_Aceh\aug_0_5217.jpeg,0,Aceh_Pintu_Aceh,0,Aceh_Pintu_Aceh,0.25950795,True
C:\Users\dzaki\OneDrive\Dokumen\Bahasa Pemograman\Python\Batik\datasets\raw\dataset_augmented\Aceh_Pintu_Aceh\aug_0_5540.jpeg,0,Aceh_Pintu_Aceh,0,Aceh_Pintu_Aceh,0.44203952,True
C:\Users\dzaki\OneDrive\Dokumen\Bahasa Pemograman\Python\Batik\datasets\raw\dataset_augmented\Aceh_Pintu_Aceh\aug_0_659.jpeg,0,Aceh_Pintu_Aceh,0,Aceh_Pintu_Aceh,0.3681406,True
C:\Users\dzaki\OneDrive\Dokumen\Bahasa Pemograman\Python\Batik\datasets\raw\dataset_augmented\Aceh_Pintu_Aceh\aug_0_6830.jpeg,0,Aceh_Pintu_Aceh,0,Aceh_Pintu_Aceh,0.9777135,True
C:\Users\dzaki\OneDrive\Dokumen\Bahasa Pemograman\Python\Batik\datasets\raw\dataset_augmented\Aceh_Pintu_Aceh\aug_0_7021.jpeg,0,Aceh_Pintu_Aceh,12,batik-lasem,0.34753412,False
C:\Users\dzaki\OneDrive\Dokumen\Bahasa Pemograman\Python\Batik\datasets\raw\dataset_augmented\Aceh_Pintu_Aceh\aug_0_7065.jpeg,0,Aceh_Pintu_Aceh,6,batik-ceplok,0.20920163,False
C:\Users\dzaki\OneDrive\Dokumen\Bahasa Pemograman\Python\Batik\datasets\raw\dataset_augmented\Aceh_Pintu_Aceh\aug_0_7092.jpeg,0,Aceh_Pintu_Aceh,0,Aceh_Pintu_Aceh,0.4918071,True
C:\Users\dzaki\OneDrive\Dokumen\Bahasa Pemograman\Python\Batik\datasets\raw\dataset_augmented\Aceh_Pintu_Aceh\aug_0_7206.jpeg,0,Aceh_Pintu_Aceh,0,Aceh_Pintu_Aceh,0.6117439,True
C:\Users\dzaki\OneDrive\Dokumen\Bahasa Pemograman\Python\Batik\datasets\raw\dataset_augmented\Aceh_Pintu_Aceh\aug_0_7596.jpeg,0,Aceh_Pintu_Aceh,0,Aceh_Pintu_Aceh,0.5878961,True
C:\Users\dzaki\OneDrive\Dokumen\Bahasa Pemograman\Python\Batik\datasets\raw\dataset_augmented\Aceh_Pintu_Aceh\aug_0_7712.jpeg,0,Aceh_Pintu_Aceh,0,Aceh_Pintu_Aceh,0.9669775,True
C:\Users\dzaki\OneDrive\Dokumen\Bahasa Pemograman\Python\Batik\datasets\raw\dataset_augmented\Aceh_Pintu_Aceh\aug_0_7786.jpeg,0,Aceh_Pintu_Aceh,0,Aceh_Pintu_Aceh,0.22832873,True
C:\Users\dzaki\OneDrive\Dokumen\Bahasa Pemograman\Python\Batik\datasets\raw\dataset_augmented\Aceh_Pintu_Aceh\aug_0_8194.jpeg,0,Aceh_Pintu_Aceh,0,Aceh_Pintu_Aceh,0.71821505,True
C:\Users\dzaki\OneDrive\Dokumen\Bahasa Pemograman\Python\Batik\datasets\raw\dataset_augmented\Aceh_Pintu_Aceh\aug_0_8243.jpeg,0,Aceh_Pintu_Aceh,9,batik-gentongan,0.3063261,False
C:\Users\dzaki\OneDrive\Dokumen\Bahasa Pemograman\Python\Batik\datasets\raw\dataset_augmented\Aceh_Pintu_Aceh\aug_0_8378.jpeg,0,Aceh_Pintu_Aceh,0,Aceh_Pintu_Aceh,0.2262333,True
C:\Users\dzaki\OneDrive\Dokumen\Bahasa Pemograman\Python\Batik\datasets\raw\dataset_augmented\Aceh_Pintu_Aceh\aug_0_873.jpeg,0,Aceh_Pintu_Aceh,0,Aceh_Pintu_Aceh,0.8535986,True
C:\Users\dzaki\OneDrive\Dokumen\Bahasa Pemograman\Python\Batik\datasets\raw\dataset_augmented\Aceh_Pintu_Aceh\aug_0_8810.jpeg,0,Aceh_Pintu_Aceh,0,Aceh_Pintu_Aceh,0.41330582,True
C:\Users\dzaki\OneDrive\Dokumen\Bahasa Pemograman\Python\Batik\datasets\raw\dataset_augmented\Aceh_Pintu_Aceh\aug_0_9085.jpeg,0,Aceh_Pintu_Aceh,0,Aceh_Pintu_Aceh,0.60121167,True
C:\Users\dzaki\OneDrive\Dokumen\Bahasa Pemograman\Python\Batik\datasets\raw\dataset_augmented\Aceh_Pintu_Aceh\aug_0_9160.jpeg,0,Aceh_Pintu_Aceh,0,Aceh_Pintu_Aceh,0.8960418,True
C:\Users\dzaki\OneDrive\Dokumen\Bahasa Pemograman\Python\Batik\datasets\raw\dataset_augmented\Aceh_Pintu_Aceh\aug_0_9162.jpeg,0,Aceh_Pintu_Aceh,0,Aceh_Pintu_Aceh,0.5267769,True
C:\Users\dzaki\OneDrive\Dokumen\Bahasa Pemograman\Python\Batik\datasets\raw\dataset_augmented\Aceh_Pintu_Aceh\aug_0_9449.jpeg,0,Aceh_Pintu_Aceh,0,Aceh_Pintu_Aceh,0.91894704,True
C:\Users\dzaki\OneDrive\Dokumen\Bahasa Pemograman\Python\Batik\datasets\raw\dataset_augmented\Aceh_Pintu_Aceh\aug_0_9967.jpeg,0,Aceh_Pintu_Aceh,0,Aceh_Pintu_Aceh,0.6186428,True
C:\Users\dzaki\OneDrive\Dokumen\Bahasa Pemograman\Python\Batik\datasets\raw\dataset_augmented\Bali_Barong\aug_0_10.jpeg,1,Bali_Barong,1,Bali_Barong,0.9705569,True
C:\Users\dzaki\OneDrive\Dokumen\Bahasa Pemograman\Python\Batik\datasets\raw\dataset_augmented\Bali_Barong\aug_0_1140.jpeg,1,Bali_Barong,1,Bali_Barong,0.9866414,True
C:\Users\dzaki\OneDrive\Dokumen\Bahasa Pemograman\Python\Batik\datasets\raw\dataset_augmented\Bali_Barong\aug_0_2173.jpeg,1,Bali_Barong,1,Bali_Barong,0.85423726,True
C:\Users\dzaki\OneDrive\Dokumen\Bahasa Pemograman\Python\Batik\datasets\raw\dataset_augmented\Bali_Barong\aug_0_2263.jpeg,1,Bali_Barong,1,Bali_Barong,0.8181334,True
C:\Users\dzaki\OneDrive\Dokumen\Bahasa Pemograman\Python\Batik\datasets\raw\dataset_augmented\Bali_Barong\aug_0_2280.jpeg,1,Bali_Barong,1,Bali_Barong,0.9950305,True
C:\Users\dzaki\OneDrive\Dokumen\Bahasa Pemograman\Python\Batik\datasets\raw\dataset_augmented\Bali_Barong\aug_0_2352.jpeg,1,Bali_Barong,1,Bali_Barong,0.964728,True
C:\Users\dzaki\OneDrive\Dokumen\Bahasa Pemograman\Python\Batik\datasets\raw\dataset_augmented\Bali_Barong\aug_0_261.jpeg,1,Bali_Barong,1,Bali_Barong,0.8533872,True
C:\Users\dzaki\OneDrive\Dokumen\Bahasa Pemograman\Python\Batik\datasets\raw\dataset_augmented\Bali_Barong\aug_0_2774.jpeg,1,Bali_Barong,1,Bali_Barong,0.9981822,True
C:\Users\dzaki\OneDrive\Dokumen\Bahasa Pemograman\Python\Batik\datasets\raw\dataset_augmented\Bali_Barong\aug_0_3131.jpeg,1,Bali_Barong,1,Bali_Barong,0.48709223,True
C:\Users\dzaki\OneDrive\Dokumen\Bahasa Pemograman\Python\Batik\datasets\raw\dataset_augmented\Bali_Barong\aug_0_3155.jpeg,1,Bali_Barong,1,Bali_Barong,0.98634547,True
C:\Users\dzaki\OneDrive\Dokumen\Bahasa Pemograman\Python\Batik\datasets\raw\dataset_augmented\Bali_Barong\aug_0_3175.jpeg,1,Bali_Barong,1,Bali_Barong,0.9990727,True
C:\Users\dzaki\OneDrive\Dokumen\Bahasa Pemograman\Python\Batik\datasets\raw\dataset_augmented\Bali_Barong\aug_0_3360.jpeg,1,Bali_Barong,1,Bali_Barong,0.99565816,True
C:\Users\dzaki\OneDrive\Dokumen\Bahasa Pemograman\Python\Batik\datasets\raw\dataset_augmented\Bali_Barong\aug_0_3657.jpeg,1,Bali_Barong,1,Bali_Barong,0.9700022,True
C:\Users\dzaki\OneDrive\Dokumen\Bahasa Pemograman\Python\Batik\datasets\raw\dataset_augmented\Bali_Barong\aug_0_4123.jpeg,1,Bali_Barong,1,Bali_Barong,0.9996352,True
C:\Users\dzaki\OneDrive\Dokumen\Bahasa Pemograman\Python\Batik\datasets\raw\dataset_augmented\Bali_Barong\aug_0_4151.jpeg,1,Bali_Barong,21,batik-tambal,0.5100679,False
C:\Users\dzaki\OneDrive\Dokumen\Bahasa Pemograman\Python\Batik\datasets\raw\dataset_augmented\Bali_Barong\aug_0_4602.jpeg,1,Bali_Barong,1,Bali_Barong,0.90337205,True
C:\Users\dzaki\OneDrive\Dokumen\Bahasa Pemograman\Python\Batik\datasets\raw\dataset_augmented\Bali_Barong\aug_0_4614.jpeg,1,Bali_Barong,1,Bali_Barong,0.90830064,True
C:\Users\dzaki\OneDrive\Dokumen\Bahasa Pemograman\Python\Batik\datasets\raw\dataset_augmented\Bali_Barong\aug_0_4808.jpeg,1,Bali_Barong,1,Bali_Barong,0.9994281,True
C:\Users\dzaki\OneDrive\Dokumen\Bahasa Pemograman\Python\Batik\datasets\raw\dataset_augmented\Bali_Barong\aug_0_5801.jpeg,1,Bali_Barong,1,Bali_Barong,0.99740285,True
C:\Users\dzaki\OneDrive\Dokumen\Bahasa Pemograman\Python\Batik\datasets\raw\dataset_augmented\Bali_Barong\aug_0_6191.jpeg,1,Bali_Barong,1,Bali_Barong,0.99526066,True
C:\Users\dzaki\OneDrive\Dokumen\Bahasa Pemograman\Python\Batik\datasets\raw\dataset_augmented\Bali_Barong\aug_0_66.jpeg,1,Bali_Barong,2,batik-bali,0.86425745,False
C:\Users\dzaki\OneDrive\Dokumen\Bahasa Pemograman\Python\Batik\datasets\raw\dataset_augmented\Bali_Barong\aug_0_6820.jpeg,1,Bali_Barong,1,Bali_Barong,0.9998982,True
C:\Users\dzaki\OneDrive\Dokumen\Bahasa Pemograman\Python\Batik\datasets\raw\dataset_augmented\Bali_Barong\aug_0_7060.jpeg,1,Bali_Barong,1,Bali_Barong,0.99850404,True
C:\Users\dzaki\OneDrive\Dokumen\Bahasa Pemograman\Python\Batik\datasets\raw\dataset_augmented\Bali_Barong\aug_0_7129.jpeg,1,Bali_Barong,1,Bali_Barong,0.6070135,True
C:\Users\dzaki\OneDrive\Dokumen\Bahasa Pemograman\Python\Batik\datasets\raw\dataset_augmented\Bali_Barong\aug_0_7342.jpeg,1,Bali_Barong,1,Bali_Barong,0.9148737,True
C:\Users\dzaki\OneDrive\Dokumen\Bahasa Pemograman\Python\Batik\datasets\raw\dataset_augmented\Bali_Barong\aug_0_7651.jpeg,1,Bali_Barong,1,Bali_Barong,0.9674049,True
C:\Users\dzaki\OneDrive\Dokumen\Bahasa Pemograman\Python\Batik\datasets\raw\dataset_augmented\Bali_Barong\aug_0_7877.jpeg,1,Bali_Barong,2,batik-bali,0.36806852,False
C:\Users\dzaki\OneDrive\Dokumen\Bahasa Pemograman\Python\Batik\datasets\raw\dataset_augmented\Bali_Barong\aug_0_7906.jpeg,1,Bali_Barong,14,batik-parang,0.604072,False
C:\Users\dzaki\OneDrive\Dokumen\Bahasa Pemograman\Python\Batik\datasets\raw\dataset_augmented\Bali_Barong\aug_0_8141.jpeg,1,Bali_Barong,1,Bali_Barong,0.96562475,True
C:\Users\dzaki\OneDrive\Dokumen\Bahasa Pemograman\Python\Batik\datasets\raw\dataset_augmented\Bali_Barong\aug_0_8145.jpeg,1,Bali_Barong,1,Bali_Barong,0.99973613,True
C:\Users\dzaki\OneDrive\Dokumen\Bahasa Pemograman\Python\Batik\datasets\raw\dataset_augmented\Bali_Barong\aug_0_8482.jpeg,1,Bali_Barong,1,Bali_Barong,0.9458589,True
C:\Users\dzaki\OneDrive\Dokumen\Bahasa Pemograman\Python\Batik\datasets\raw\dataset_augmented\Bali_Barong\aug_0_9034.jpeg,1,Bali_Barong,1,Bali_Barong,0.76370996,True
C:\Users\dzaki\OneDrive\Dokumen\Bahasa Pemograman\Python\Batik\datasets\raw\dataset_augmented\Bali_Barong\aug_0_910.jpeg,1,Bali_Barong,2,batik-bali,0.80601287,False
C:\Users\dzaki\OneDrive\Dokumen\Bahasa Pemograman\Python\Batik\datasets\raw\dataset_augmented\Bali_Barong\aug_0_9461.jpeg,1,Bali_Barong,1,Bali_Barong,0.97735095,True
C:\Users\dzaki\OneDrive\Dokumen\Bahasa Pemograman\Python\Batik\datasets\raw\dataset_augmented\Bali_Barong\aug_0_9725.jpeg,1,Bali_Barong,1,Bali_Barong,0.94334686,True
C:\Users\dzaki\OneDrive\Dokumen\Bahasa Pemograman\Python\Batik\datasets\raw\dataset_augmented\batik-bali\aug_0_1120.jpeg,2,batik-bali,2,batik-bali,0.95648074,True
C:\Users\dzaki\OneDrive\Dokumen\Bahasa Pemograman\Python\Batik\datasets\raw\dataset_augmented\batik-bali\aug_0_1124.jpeg,2,batik-bali,14,batik-parang,0.89159393,False
C:\Users\dzaki\OneDrive\Dokumen\Bahasa Pemograman\Python\Batik\datasets\raw\dataset_augmented\batik-bali\aug_0_1168.jpeg,2,batik-bali,11,batik-keraton,0.45069438,False
C:\Users\dzaki\OneDrive\Dokumen\Bahasa Pemograman\Python\Batik\datasets\raw\dataset_augmented\batik-bali\aug_0_1227.jpeg,2,batik-bali,2,batik-bali,0.66391605,True
C:\Users\dzaki\OneDrive\Dokumen\Bahasa Pemograman\Python\Batik\datasets\raw\dataset_augmented\batik-bali\aug_0_1282.jpeg,2,batik-bali,2,batik-bali,0.56699693,True
C:\Users\dzaki\OneDrive\Dokumen\Bahasa Pemograman\Python\Batik\datasets\raw\dataset_augmented\batik-bali\aug_0_1314.jpeg,2,batik-bali,2,batik-bali,0.50528544,True
C:\Users\dzaki\OneDrive\Dokumen\Bahasa Pemograman\Python\Batik\datasets\raw\dataset_augmented\batik-bali\aug_0_141.jpeg,2,batik-bali,2,batik-bali,0.9746143,True
C:\Users\dzaki\OneDrive\Dokumen\Bahasa Pemograman\Python\Batik\datasets\raw\dataset_augmented\batik-bali\aug_0_1467.jpeg,2,batik-bali,2,batik-bali,0.567751,True
C:\Users\dzaki\OneDrive\Dokumen\Bahasa Pemograman\Python\Batik\datasets\raw\dataset_augmented\batik-bali\aug_0_1663.jpeg,2,batik-bali,2,batik-bali,0.95253956,True
C:\Users\dzaki\OneDrive\Dokumen\Bahasa Pemograman\Python\Batik\datasets\raw\dataset_augmented\batik-bali\aug_0_1710.jpeg,2,batik-bali,2,batik-bali,0.9239783,True
C:\Users\dzaki\OneDrive\Dokumen\Bahasa Pemograman\Python\Batik\datasets\raw\dataset_augmented\batik-bali\aug_0_1765.jpeg,2,batik-bali,2,batik-bali,0.8962841,True
C:\Users\dzaki\OneDrive\Dokumen\Bahasa Pemograman\Python\Batik\datasets\raw\dataset_augmented\batik-bali\aug_0_1772.jpeg,2,batik-bali,15,batik-pekalongan,0.5792309,False
C:\Users\dzaki\OneDrive\Dokumen\Bahasa Pemograman\Python\Batik\datasets\raw\dataset_augmented\batik-bali\aug_0_1790.jpeg,2,batik-bali,14,batik-parang,0.45053145,False
C:\Users\dzaki\OneDrive\Dokumen\Bahasa Pemograman\Python\Batik\datasets\raw\dataset_augmented\batik-bali\aug_0_1807.jpeg,2,batik-bali,10,batik-kawung,0.9003685,False
C:\Users\dzaki\OneDrive\Dokumen\Bahasa Pemograman\Python\Batik\datasets\raw\dataset_augmented\batik-bali\aug_0_1900.jpeg,2,batik-bali,15,batik-pekalongan,0.46819177,False
C:\Users\dzaki\OneDrive\Dokumen\Bahasa Pemograman\Python\Batik\datasets\raw\dataset_augmented\batik-bali\aug_0_2.jpeg,2,batik-bali,2,batik-bali,0.71903926,True
C:\Users\dzaki\OneDrive\Dokumen\Bahasa Pemograman\Python\Batik\datasets\raw\dataset_augmented\batik-bali\aug_0_2053.jpeg,2,batik-bali,2,batik-bali,0.8597507,True
C:\Users\dzaki\OneDrive\Dokumen\Bahasa Pemograman\Python\Batik\datasets\raw\dataset_augmented\batik-bali\aug_0_2055.jpeg,2,batik-bali,15,batik-pekalongan,0.58607787,False
C:\Users\dzaki\OneDrive\Dokumen\Bahasa Pemograman\Python\Batik\datasets\raw\dataset_augmented\batik-bali\aug_0_2172.jpeg,2,batik-bali,2,batik-bali,0.80291295,True
C:\Users\dzaki\OneDrive\Dokumen\Bahasa Pemograman\Python\Batik\datasets\raw\dataset_augmented\batik-bali\aug_0_2182.jpeg,2,batik-bali,2,batik-bali,0.9801441,True
C:\Users\dzaki\OneDrive\Dokumen\Bahasa Pemograman\Python\Batik\datasets\raw\dataset_augmented\batik-bali\aug_0_2203.jpeg,2,batik-bali,15,batik-pekalongan,0.4725711,False
C:\Users\dzaki\OneDrive\Dokumen\Bahasa Pemograman\Python\Batik\datasets\raw\dataset_augmented\batik-bali\aug_0_225.jpeg,2,batik-bali,2,batik-bali,0.24683629,True
C:\Users\dzaki\OneDrive\Dokumen\Bahasa Pemograman\Python\Batik\datasets\raw\dataset_augmented\batik-bali\aug_0_2442.jpeg,2,batik-bali,15,batik-pekalongan,0.31891572,False
C:\Users\dzaki\OneDrive\Dokumen\Bahasa Pemograman\Python\Batik\datasets\raw\dataset_augmented\batik-bali\aug_0_2463.jpeg,2,batik-bali,2,batik-bali,0.3931454,True
C:\Users\dzaki\OneDrive\Dokumen\Bahasa Pemograman\Python\Batik\datasets\raw\dataset_augmented\batik-bali\aug_0_2561.jpeg,2,batik-bali,2,batik-bali,0.7606365,True
C:\Users\dzaki\OneDrive\Dokumen\Bahasa Pemograman\Python\Batik\datasets\raw\dataset_augmented\batik-bali\aug_0_2619.jpeg,2,batik-bali,2,batik-bali,0.7067107,True
C:\Users\dzaki\OneDrive\Dokumen\Bahasa Pemograman\Python\Batik\datasets\raw\dataset_augmented\batik-bali\aug_0_2633.jpeg,2,batik-bali,27,Maluku_Pala,0.44411343,False
C:\Users\dzaki\OneDrive\Dokumen\Bahasa Pemograman\Python\Batik\datasets\raw\dataset_augmented\batik-bali\aug_0_2636.jpeg,2,batik-bali,2,batik-bali,0.9454775,True
C:\Users\dzaki\OneDrive\Dokumen\Bahasa Pemograman\Python\Batik\datasets\raw\dataset_augmented\batik-bali\aug_0_2655.jpeg,2,batik-bali,2,batik-bali,0.9087105,True
C:\Users\dzaki\OneDrive\Dokumen\Bahasa Pemograman\Python\Batik\datasets\raw\dataset_augmented\batik-bali\aug_0_2664.jpeg,2,batik-bali,2,batik-bali,0.5628243,True
C:\Users\dzaki\OneDrive\Dokumen\Bahasa Pemograman\Python\Batik\datasets\raw\dataset_augmented\batik-bali\aug_0_2703.jpeg,2,batik-bali,2,batik-bali,0.78899133,True
C:\Users\dzaki\OneDrive\Dokumen\Bahasa Pemograman\Python\Batik\datasets\raw\dataset_augmented\batik-bali\aug_0_2733.jpeg,2,batik-bali,2,batik-bali,0.80364287,True
C:\Users\dzaki\OneDrive\Dokumen\Bahasa Pemograman\Python\Batik\datasets\raw\dataset_augmented\batik-bali\aug_0_2927.jpeg,2,batik-bali,10,batik-kawung,0.50063705,False
C:\Users\dzaki\OneDrive\Dokumen\Bahasa Pemograman\Python\Batik\datasets\raw\dataset_augmented\batik-bali\aug_0_293.jpeg,2,batik-bali,2,batik-bali,0.9164301,True
C:\Users\dzaki\OneDrive\Dokumen\Bahasa Pemograman\Python\Batik\datasets\raw\dataset_augmented\batik-bali\aug_0_3094.jpeg,2,batik-bali,2,batik-bali,0.82981086,True
C:\Users\dzaki\OneDrive\Dokumen\Bahasa Pemograman\Python\Batik\datasets\raw\dataset_augmented\batik-bali\aug_0_3112.jpeg,2,batik-bali,2,batik-bali,0.7652757,True
C:\Users\dzaki\OneDrive\Dokumen\Bahasa Pemograman\Python\Batik\datasets\raw\dataset_augmented\batik-bali\aug_0_3235.jpeg,2,batik-bali,2,batik-bali,0.86624444,True
C:\Users\dzaki\OneDrive\Dokumen\Bahasa Pemograman\Python\Batik\datasets\raw\dataset_augmented\batik-bali\aug_0_3500.jpeg,2,batik-bali,2,batik-bali,0.8410736,True
C:\Users\dzaki\OneDrive\Dokumen\Bahasa Pemograman\Python\Batik\datasets\raw\dataset_augmented\batik-bali\aug_0_351.jpeg,2,batik-bali,10,batik-kawung,0.9192681,False
C:\Users\dzaki\OneDrive\Dokumen\Bahasa Pemograman\Python\Batik\datasets\raw\dataset_augmented\batik-bali\aug_0_3586.jpeg,2,batik-bali,2,batik-bali,0.9646511,True
C:\Users\dzaki\OneDrive\Dokumen\Bahasa Pemograman\Python\Batik\datasets\raw\dataset_augmented\batik-bali\aug_0_3593.jpeg,2,batik-bali,2,batik-bali,0.96094316,True
C:\Users\dzaki\OneDrive\Dokumen\Bahasa Pemograman\Python\Batik\datasets\raw\dataset_augmented\batik-bali\aug_0_3642.jpeg,2,batik-bali,2,batik-bali,0.40726975,True
C:\Users\dzaki\OneDrive\Dokumen\Bahasa Pemograman\Python\Batik\datasets\raw\dataset_augmented\batik-bali\aug_0_370.jpeg,2,batik-bali,16,batik-priangan,0.19969341,False
C:\Users\dzaki\OneDrive\Dokumen\Bahasa Pemograman\Python\Batik\datasets\raw\dataset_augmented\batik-bali\aug_0_3765.jpeg,2,batik-bali,2,batik-bali,0.87044156,True
C:\Users\dzaki\OneDrive\Dokumen\Bahasa Pemograman\Python\Batik\datasets\raw\dataset_augmented\batik-bali\aug_0_3791.jpeg,2,batik-bali,2,batik-bali,0.50311893,True
C:\Users\dzaki\OneDrive\Dokumen\Bahasa Pemograman\Python\Batik\datasets\raw\dataset_augmented\batik-bali\aug_0_3792.jpeg,2,batik-bali,2,batik-bali,0.8409461,True
C:\Users\dzaki\OneDrive\Dokumen\Bahasa Pemograman\Python\Batik\datasets\raw\dataset_augmented\batik-bali\aug_0_3862.jpeg,2,batik-bali,2,batik-bali,0.88415474,True
C:\Users\dzaki\OneDrive\Dokumen\Bahasa Pemograman\Python\Batik\datasets\raw\dataset_augmented\batik-bali\aug_0_3871.jpeg,2,batik-bali,15,batik-pekalongan,0.5144121,False
C:\Users\dzaki\OneDrive\Dokumen\Bahasa Pemograman\Python\Batik\datasets\raw\dataset_augmented\batik-bali\aug_0_4004.jpeg,2,batik-bali,2,batik-bali,0.89762807,True
C:\Users\dzaki\OneDrive\Dokumen\Bahasa Pemograman\Python\Batik\datasets\raw\dataset_augmented\batik-bali\aug_0_4121.jpeg,2,batik-bali,19,batik-sidomukti,0.34441325,False
C:\Users\dzaki\OneDrive\Dokumen\Bahasa Pemograman\Python\Batik\datasets\raw\dataset_augmented\batik-bali\aug_0_4159.jpeg,2,batik-bali,2,batik-bali,0.7154462,True
C:\Users\dzaki\OneDrive\Dokumen\Bahasa Pemograman\Python\Batik\datasets\raw\dataset_augmented\batik-bali\aug_0_430.jpeg,2,batik-bali,2,batik-bali,0.90235996,True
C:\Users\dzaki\OneDrive\Dokumen\Bahasa Pemograman\Python\Batik\datasets\raw\dataset_augmented\batik-bali\aug_0_4350.jpeg,2,batik-bali,2,batik-bali,0.964087,True
C:\Users\dzaki\OneDrive\Dokumen\Bahasa Pemograman\Python\Batik\datasets\raw\dataset_augmented\batik-bali\aug_0_4656.jpeg,2,batik-bali,2,batik-bali,0.8434601,True
C:\Users\dzaki\OneDrive\Dokumen\Bahasa Pemograman\Python\Batik\datasets\raw\dataset_augmented\batik-bali\aug_0_4723.jpeg,2,batik-bali,2,batik-bali,0.86811477,True
C:\Users\dzaki\OneDrive\Dokumen\Bahasa Pemograman\Python\Batik\datasets\raw\dataset_augmented\batik-bali\aug_0_4835.jpeg,2,batik-bali,2,batik-bali,0.9811576,True
C:\Users\dzaki\OneDrive\Dokumen\Bahasa Pemograman\Python\Batik\datasets\raw\dataset_augmented\batik-bali\aug_0_4942.jpeg,2,batik-bali,2,batik-bali,0.9644608,True
C:\Users\dzaki\OneDrive\Dokumen\Bahasa Pemograman\Python\Batik\datasets\raw\dataset_augmented\batik-bali\aug_0_4962.jpeg,2,batik-bali,2,batik-bali,0.94018924,True
C:\Users\dzaki\OneDrive\Dokumen\Bahasa Pemograman\Python\Batik\datasets\raw\dataset_augmented\batik-bali\aug_0_5037.jpeg,2,batik-bali,15,batik-pekalongan,0.49523112,False
C:\Users\dzaki\OneDrive\Dokumen\Bahasa Pemograman\Python\Batik\datasets\raw\dataset_augmented\batik-bali\aug_0_5063.jpeg,2,batik-bali,2,batik-bali,0.9444969,True
C:\Users\dzaki\OneDrive\Dokumen\Bahasa Pemograman\Python\Batik\datasets\raw\dataset_augmented\batik-bali\aug_0_5231.jpeg,2,batik-bali,2,batik-bali,0.9974884,True
C:\Users\dzaki\OneDrive\Dokumen\Bahasa Pemograman\Python\Batik\datasets\raw\dataset_augmented\batik-bali\aug_0_5287.jpeg,2,batik-bali,2,batik-bali,0.81005806,True
C:\Users\dzaki\OneDrive\Dokumen\Bahasa Pemograman\Python\Batik\datasets\raw\dataset_augmented\batik-bali\aug_0_5298.jpeg,2,batik-bali,2,batik-bali,0.98071325,True
C:\Users\dzaki\OneDrive\Dokumen\Bahasa Pemograman\Python\Batik\datasets\raw\dataset_augmented\batik-bali\aug_0_5390.jpeg,2,batik-bali,2,batik-bali,0.9143995,True
C:\Users\dzaki\OneDrive\Dokumen\Bahasa Pemograman\Python\Batik\datasets\raw\dataset_augmented\batik-bali\aug_0_5427.jpeg,2,batik-bali,2,batik-bali,0.96724206,True
C:\Users\dzaki\OneDrive\Dokumen\Bahasa Pemograman\Python\Batik\datasets\raw\dataset_augmented\batik-bali\aug_0_5465.jpeg,2,batik-bali,15,batik-pekalongan,0.4732247,False
C:\Users\dzaki\OneDrive\Dokumen\Bahasa Pemograman\Python\Batik\datasets\raw\dataset_augmented\batik-bali\aug_0_5547.jpeg,2,batik-bali,14,batik-parang,0.33636618,False
C:\Users\dzaki\OneDrive\Dokumen\Bahasa Pemograman\Python\Batik\datasets\raw\dataset_augmented\batik-bali\aug_0_5635.jpeg,2,batik-bali,14,batik-parang,0.5136341,False
C:\Users\dzaki\OneDrive\Dokumen\Bahasa Pemograman\Python\Batik\datasets\raw\dataset_augmented\batik-bali\aug_0_5674.jpeg,2,batik-bali,2,batik-bali,0.7122448,True
C:\Users\dzaki\OneDrive\Dokumen\Bahasa Pemograman\Python\Batik\datasets\raw\dataset_augmented\batik-bali\aug_0_5707.jpeg,2,batik-bali,2,batik-bali,0.51855785,True
C:\Users\dzaki\OneDrive\Dokumen\Bahasa Pemograman\Python\Batik\datasets\raw\dataset_augmented\batik-bali\aug_0_575.jpeg,2,batik-bali,2,batik-bali,0.8821937,True
C:\Users\dzaki\OneDrive\Dokumen\Bahasa Pemograman\Python\Batik\datasets\raw\dataset_augmented\batik-bali\aug_0_5750.jpeg,2,batik-bali,2,batik-bali,0.835209,True
C:\Users\dzaki\OneDrive\Dokumen\Bahasa Pemograman\Python\Batik\datasets\raw\dataset_augmented\batik-bali\aug_0_5855.jpeg,2,batik-bali,2,batik-bali,0.6712614,True
C:\Users\dzaki\OneDrive\Dokumen\Bahasa Pemograman\Python\Batik\datasets\raw\dataset_augmented\batik-bali\aug_0_5859.jpeg,2,batik-bali,2,batik-bali,0.9905867,True
C:\Users\dzaki\OneDrive\Dokumen\Bahasa Pemograman\Python\Batik\datasets\raw\dataset_augmented\batik-bali\aug_0_5989.jpeg,2,batik-bali,2,batik-bali,0.82053393,True
C:\Users\dzaki\OneDrive\Dokumen\Bahasa Pemograman\Python\Batik\datasets\raw\dataset_augmented\batik-bali\aug_0_6036.jpeg,2,batik-bali,15,batik-pekalongan,0.2827949,False
C:\Users\dzaki\OneDrive\Dokumen\Bahasa Pemograman\Python\Batik\datasets\raw\dataset_augmented\batik-bali\aug_0_6068.jpeg,2,batik-bali,15,batik-pekalongan,0.56099063,False
C:\Users\dzaki\OneDrive\Dokumen\Bahasa Pemograman\Python\Batik\datasets\raw\dataset_augmented\batik-bali\aug_0_6149.jpeg,2,batik-bali,2,batik-bali,0.92269546,True
C:\Users\dzaki\OneDrive\Dokumen\Bahasa Pemograman\Python\Batik\datasets\raw\dataset_augmented\batik-bali\aug_0_6196.jpeg,2,batik-bali,15,batik-pekalongan,0.5273725,False
C:\Users\dzaki\OneDrive\Dokumen\Bahasa Pemograman\Python\Batik\datasets\raw\dataset_augmented\batik-bali\aug_0_6212.jpeg,2,batik-bali,2,batik-bali,0.4680421,True
C:\Users\dzaki\OneDrive\Dokumen\Bahasa Pemograman\Python\Batik\datasets\raw\dataset_augmented\batik-bali\aug_0_6271.jpeg,2,batik-bali,2,batik-bali,0.9926069,True
C:\Users\dzaki\OneDrive\Dokumen\Bahasa Pemograman\Python\Batik\datasets\raw\dataset_augmented\batik-bali\aug_0_6363.jpeg,2,batik-bali,15,batik-pekalongan,0.7641612,False
C:\Users\dzaki\OneDrive\Dokumen\Bahasa Pemograman\Python\Batik\datasets\raw\dataset_augmented\batik-bali\aug_0_6587.jpeg,2,batik-bali,2,batik-bali,0.67060846,True
C:\Users\dzaki\OneDrive\Dokumen\Bahasa Pemograman\Python\Batik\datasets\raw\dataset_augmented\batik-bali\aug_0_6617.jpeg,2,batik-bali,13,batik-megamendung,0.5573839,False
C:\Users\dzaki\OneDrive\Dokumen\Bahasa Pemograman\Python\Batik\datasets\raw\dataset_augmented\batik-bali\aug_0_6630.jpeg,2,batik-bali,2,batik-bali,0.951057,True
C:\Users\dzaki\OneDrive\Dokumen\Bahasa Pemograman\Python\Batik\datasets\raw\dataset_augmented\batik-bali\aug_0_6677.jpeg,2,batik-bali,2,batik-bali,0.95179015,True
C:\Users\dzaki\OneDrive\Dokumen\Bahasa Pemograman\Python\Batik\datasets\raw\dataset_augmented\batik-bali\aug_0_6707.jpeg,2,batik-bali,2,batik-bali,0.9319912,True
C:\Users\dzaki\OneDrive\Dokumen\Bahasa Pemograman\Python\Batik\datasets\raw\dataset_augmented\batik-bali\aug_0_6749.jpeg,2,batik-bali,2,batik-bali,0.58155864,True
C:\Users\dzaki\OneDrive\Dokumen\Bahasa Pemograman\Python\Batik\datasets\raw\dataset_augmented\batik-bali\aug_0_6765.jpeg,2,batik-bali,2,batik-bali,0.9020129,True
C:\Users\dzaki\OneDrive\Dokumen\Bahasa Pemograman\Python\Batik\datasets\raw\dataset_augmented\batik-bali\aug_0_6863.jpeg,2,batik-bali,15,batik-pekalongan,0.7570259,False
C:\Users\dzaki\OneDrive\Dokumen\Bahasa Pemograman\Python\Batik\datasets\raw\dataset_augmented\batik-bali\aug_0_7013.jpeg,2,batik-bali,2,batik-bali,0.9783851,True
C:\Users\dzaki\OneDrive\Dokumen\Bahasa Pemograman\Python\Batik\datasets\raw\dataset_augmented\batik-bali\aug_0_7020.jpeg,2,batik-bali,2,batik-bali,0.9084652,True
C:\Users\dzaki\OneDrive\Dokumen\Bahasa Pemograman\Python\Batik\datasets\raw\dataset_augmented\batik-bali\aug_0_7084.jpeg,2,batik-bali,2,batik-bali,0.92170423,True
C:\Users\dzaki\OneDrive\Dokumen\Bahasa Pemograman\Python\Batik\datasets\raw\dataset_augmented\batik-bali\aug_0_710.jpeg,2,batik-bali,27,Maluku_Pala,0.75928,False
C:\Users\dzaki\OneDrive\Dokumen\Bahasa Pemograman\Python\Batik\datasets\raw\dataset_augmented\batik-bali\aug_0_7173.jpeg,2,batik-bali,2,batik-bali,0.92985964,True
C:\Users\dzaki\OneDrive\Dokumen\Bahasa Pemograman\Python\Batik\datasets\raw\dataset_augmented\batik-bali\aug_0_727.jpeg,2,batik-bali,15,batik-pekalongan,0.37703982,False
C:\Users\dzaki\OneDrive\Dokumen\Bahasa Pemograman\Python\Batik\datasets\raw\dataset_augmented\batik-bali\aug_0_7343.jpeg,2,batik-bali,2,batik-bali,0.68833894,True
C:\Users\dzaki\OneDrive\Dokumen\Bahasa Pemograman\Python\Batik\datasets\raw\dataset_augmented\batik-bali\aug_0_7462.jpeg,2,batik-bali,2,batik-bali,0.94904524,True
C:\Users\dzaki\OneDrive\Dokumen\Bahasa Pemograman\Python\Batik\datasets\raw\dataset_augmented\batik-bali\aug_0_7577.jpeg,2,batik-bali,2,batik-bali,0.9257578,True
C:\Users\dzaki\OneDrive\Dokumen\Bahasa Pemograman\Python\Batik\datasets\raw\dataset_augmented\batik-bali\aug_0_7676.jpeg,2,batik-bali,2,batik-bali,0.6117228,True
C:\Users\dzaki\OneDrive\Dokumen\Bahasa Pemograman\Python\Batik\datasets\raw\dataset_augmented\batik-bali\aug_0_7716.jpeg,2,batik-bali,2,batik-bali,0.75934434,True
C:\Users\dzaki\OneDrive\Dokumen\Bahasa Pemograman\Python\Batik\datasets\raw\dataset_augmented\batik-bali\aug_0_7950.jpeg,2,batik-bali,2,batik-bali,0.58462375,True
C:\Users\dzaki\OneDrive\Dokumen\Bahasa Pemograman\Python\Batik\datasets\raw\dataset_augmented\batik-bali\aug_0_7957.jpeg,2,batik-bali,19,batik-sidomukti,0.37441534,False
C:\Users\dzaki\OneDrive\Dokumen\Bahasa Pemograman\Python\Batik\datasets\raw\dataset_augmented\batik-bali\aug_0_7981.jpeg,2,batik-bali,2,batik-bali,0.870588,True
C:\Users\dzaki\OneDrive\Dokumen\Bahasa Pemograman\Python\Batik\datasets\raw\dataset_augmented\batik-bali\aug_0_8079.jpeg,2,batik-bali,2,batik-bali,0.6496604,True
C:\Users\dzaki\OneDrive\Dokumen\Bahasa Pemograman\Python\Batik\datasets\raw\dataset_augmented\batik-bali\aug_0_8108.jpeg,2,batik-bali,2,batik-bali,0.28760573,True
C:\Users\dzaki\OneDrive\Dokumen\Bahasa Pemograman\Python\Batik\datasets\raw\dataset_augmented\batik-bali\aug_0_8118.jpeg,2,batik-bali,2,batik-bali,0.9874406,True
C:\Users\dzaki\OneDrive\Dokumen\Bahasa Pemograman\Python\Batik\datasets\raw\dataset_augmented\batik-bali\aug_0_8165.jpeg,2,batik-bali,2,batik-bali,0.8950213,True
C:\Users\dzaki\OneDrive\Dokumen\Bahasa Pemograman\Python\Batik\datasets\raw\dataset_augmented\batik-bali\aug_0_817.jpeg,2,batik-bali,2,batik-bali,0.959507,True
C:\Users\dzaki\OneDrive\Dokumen\Bahasa Pemograman\Python\Batik\datasets\raw\dataset_augmented\batik-bali\aug_0_8279.jpeg,2,batik-bali,2,batik-bali,0.95815516,True
C:\Users\dzaki\OneDrive\Dokumen\Bahasa Pemograman\Python\Batik\datasets\raw\dataset_augmented\batik-bali\aug_0_835.jpeg,2,batik-bali,2,batik-bali,0.6421913,True
C:\Users\dzaki\OneDrive\Dokumen\Bahasa Pemograman\Python\Batik\datasets\raw\dataset_augmented\batik-bali\aug_0_8409.jpeg,2,batik-bali,2,batik-bali,0.91302717,True
C:\Users\dzaki\OneDrive\Dokumen\Bahasa Pemograman\Python\Batik\datasets\raw\dataset_augmented\batik-bali\aug_0_841.jpeg,2,batik-bali,2,batik-bali,0.30167028,True
C:\Users\dzaki\OneDrive\Dokumen\Bahasa Pemograman\Python\Batik\datasets\raw\dataset_augmented\batik-bali\aug_0_8455.jpeg,2,batik-bali,2,batik-bali,0.8685754,True
C:\Users\dzaki\OneDrive\Dokumen\Bahasa Pemograman\Python\Batik\datasets\raw\dataset_augmented\batik-bali\aug_0_8512.jpeg,2,batik-bali,2,batik-bali,0.8690286,True
C:\Users\dzaki\OneDrive\Dokumen\Bahasa Pemograman\Python\Batik\datasets\raw\dataset_augmented\batik-bali\aug_0_8586.jpeg,2,batik-bali,2,batik-bali,0.81237304,True
C:\Users\dzaki\OneDrive\Dokumen\Bahasa Pemograman\Python\Batik\datasets\raw\dataset_augmented\batik-bali\aug_0_8670.jpeg,2,batik-bali,2,batik-bali,0.5312631,True
C:\Users\dzaki\OneDrive\Dokumen\Bahasa Pemograman\Python\Batik\datasets\raw\dataset_augmented\batik-bali\aug_0_890.jpeg,2,batik-bali,2,batik-bali,0.99248815,True
C:\Users\dzaki\OneDrive\Dokumen\Bahasa Pemograman\Python\Batik\datasets\raw\dataset_augmented\batik-bali\aug_0_9008.jpeg,2,batik-bali,2,batik-bali,0.77811354,True
C:\Users\dzaki\OneDrive\Dokumen\Bahasa Pemograman\Python\Batik\datasets\raw\dataset_augmented\batik-bali\aug_0_9015.jpeg,2,batik-bali,2,batik-bali,0.6011228,True
C:\Users\dzaki\OneDrive\Dokumen\Bahasa Pemograman\Python\Batik\datasets\raw\dataset_augmented\batik-bali\aug_0_9071.jpeg,2,batik-bali,2,batik-bali,0.71195376,True
C:\Users\dzaki\OneDrive\Dokumen\Bahasa Pemograman\Python\Batik\datasets\raw\dataset_augmented\batik-bali\aug_0_9091.jpeg,2,batik-bali,2,batik-bali,0.8395994,True
C:\Users\dzaki\OneDrive\Dokumen\Bahasa Pemograman\Python\Batik\datasets\raw\dataset_augmented\batik-bali\aug_0_910.jpeg,2,batik-bali,2,batik-bali,0.93471277,True
C:\Users\dzaki\OneDrive\Dokumen\Bahasa Pemograman\Python\Batik\datasets\raw\dataset_augmented\batik-bali\aug_0_9126.jpeg,2,batik-bali,27,Maluku_Pala,0.36429435,False
C:\Users\dzaki\OneDrive\Dokumen\Bahasa Pemograman\Python\Batik\datasets\raw\dataset_augmented\batik-bali\aug_0_9131.jpeg,2,batik-bali,2,batik-bali,0.96416515,True
C:\Users\dzaki\OneDrive\Dokumen\Bahasa Pemograman\Python\Batik\datasets\raw\dataset_augmented\batik-bali\aug_0_9186.jpeg,2,batik-bali,14,batik-parang,0.5175664,False
C:\Users\dzaki\OneDrive\Dokumen\Bahasa Pemograman\Python\Batik\datasets\raw\dataset_augmented\batik-bali\aug_0_9329.jpeg,2,batik-bali,2,batik-bali,0.96157694,True
C:\Users\dzaki\OneDrive\Dokumen\Bahasa Pemograman\Python\Batik\datasets\raw\dataset_augmented\batik-bali\aug_0_9409.jpeg,2,batik-bali,2,batik-bali,0.93111557,True
C:\Users\dzaki\OneDrive\Dokumen\Bahasa Pemograman\Python\Batik\datasets\raw\dataset_augmented\batik-bali\aug_0_9447.jpeg,2,batik-bali,2,batik-bali,0.6945174,True
C:\Users\dzaki\OneDrive\Dokumen\Bahasa Pemograman\Python\Batik\datasets\raw\dataset_augmented\batik-bali\aug_0_9465.jpeg,2,batik-bali,2,batik-bali,0.9842137,True
C:\Users\dzaki\OneDrive\Dokumen\Bahasa Pemograman\Python\Batik\datasets\raw\dataset_augmented\batik-bali\aug_0_963.jpeg,2,batik-bali,2,batik-bali,0.8708461,True
C:\Users\dzaki\OneDrive\Dokumen\Bahasa Pemograman\Python\Batik\datasets\raw\dataset_augmented\batik-bali\aug_0_9669.jpeg,2,batik-bali,2,batik-bali,0.810804,True
C:\Users\dzaki\OneDrive\Dokumen\Bahasa Pemograman\Python\Batik\datasets\raw\dataset_augmented\batik-bali\aug_0_9721.jpeg,2,batik-bali,2,batik-bali,0.88037413,True
C:\Users\dzaki\OneDrive\Dokumen\Bahasa Pemograman\Python\Batik\datasets\raw\dataset_augmented\batik-bali\aug_0_9790.jpeg,2,batik-bali,2,batik-bali,0.96718377,True
C:\Users\dzaki\OneDrive\Dokumen\Bahasa Pemograman\Python\Batik\datasets\raw\dataset_augmented\batik-bali\aug_0_9983.jpeg,2,batik-bali,2,batik-bali,0.989772,True
C:\Users\dzaki\OneDrive\Dokumen\Bahasa Pemograman\Python\Batik\datasets\raw\dataset_augmented\batik-betawi\aug_0_1116.jpeg,3,batik-betawi,3,batik-betawi,0.91811246,True
C:\Users\dzaki\OneDrive\Dokumen\Bahasa Pemograman\Python\Batik\datasets\raw\dataset_augmented\batik-betawi\aug_0_1297.jpeg,3,batik-betawi,3,batik-betawi,0.9899128,True
C:\Users\dzaki\OneDrive\Dokumen\Bahasa Pemograman\Python\Batik\datasets\raw\dataset_augmented\batik-betawi\aug_0_1328.jpeg,3,batik-betawi,3,batik-betawi,0.47502813,True
C:\Users\dzaki\OneDrive\Dokumen\Bahasa Pemograman\Python\Batik\datasets\raw\dataset_augmented\batik-betawi\aug_0_1360.jpeg,3,batik-betawi,3,batik-betawi,0.9983576,True
C:\Users\dzaki\OneDrive\Dokumen\Bahasa Pemograman\Python\Batik\datasets\raw\dataset_augmented\batik-betawi\aug_0_1386.jpeg,3,batik-betawi,3,batik-betawi,0.9414716,True
C:\Users\dzaki\OneDrive\Dokumen\Bahasa Pemograman\Python\Batik\datasets\raw\dataset_augmented\batik-betawi\aug_0_1432.jpeg,3,batik-betawi,3,batik-betawi,0.73672915,True
C:\Users\dzaki\OneDrive\Dokumen\Bahasa Pemograman\Python\Batik\datasets\raw\dataset_augmented\batik-betawi\aug_0_1435.jpeg,3,batik-betawi,3,batik-betawi,0.9959716,True
C:\Users\dzaki\OneDrive\Dokumen\Bahasa Pemograman\Python\Batik\datasets\raw\dataset_augmented\batik-betawi\aug_0_1448.jpeg,3,batik-betawi,3,batik-betawi,0.2530772,True
C:\Users\dzaki\OneDrive\Dokumen\Bahasa Pemograman\Python\Batik\datasets\raw\dataset_augmented\batik-betawi\aug_0_1459.jpeg,3,batik-betawi,3,batik-betawi,0.9724291,True
C:\Users\dzaki\OneDrive\Dokumen\Bahasa Pemograman\Python\Batik\datasets\raw\dataset_augmented\batik-betawi\aug_0_1504.jpeg,3,batik-betawi,33,Sumatera_Barat_Rumah_Minang,0.2813157,False
C:\Users\dzaki\OneDrive\Dokumen\Bahasa Pemograman\Python\Batik\datasets\raw\dataset_augmented\batik-betawi\aug_0_1511.jpeg,3,batik-betawi,3,batik-betawi,0.80373657,True
C:\Users\dzaki\OneDrive\Dokumen\Bahasa Pemograman\Python\Batik\datasets\raw\dataset_augmented\batik-betawi\aug_0_1617.jpeg,3,batik-betawi,3,batik-betawi,0.83434385,True
C:\Users\dzaki\OneDrive\Dokumen\Bahasa Pemograman\Python\Batik\datasets\raw\dataset_augmented\batik-betawi\aug_0_1631.jpeg,3,batik-betawi,3,batik-betawi,0.86667913,True
C:\Users\dzaki\OneDrive\Dokumen\Bahasa Pemograman\Python\Batik\datasets\raw\dataset_augmented\batik-betawi\aug_0_1680.jpeg,3,batik-betawi,3,batik-betawi,0.40352196,True
C:\Users\dzaki\OneDrive\Dokumen\Bahasa Pemograman\Python\Batik\datasets\raw\dataset_augmented\batik-betawi\aug_0_170.jpeg,3,batik-betawi,3,batik-betawi,0.8794451,True
C:\Users\dzaki\OneDrive\Dokumen\Bahasa Pemograman\Python\Batik\datasets\raw\dataset_augmented\batik-betawi\aug_0_2045.jpeg,3,batik-betawi,3,batik-betawi,0.96033764,True
C:\Users\dzaki\OneDrive\Dokumen\Bahasa Pemograman\Python\Batik\datasets\raw\dataset_augmented\batik-betawi\aug_0_2162.jpeg,3,batik-betawi,22,DKI_Ondel_Ondel,0.55845463,False
C:\Users\dzaki\OneDrive\Dokumen\Bahasa Pemograman\Python\Batik\datasets\raw\dataset_augmented\batik-betawi\aug_0_2314.jpeg,3,batik-betawi,3,batik-betawi,0.9800852,True
C:\Users\dzaki\OneDrive\Dokumen\Bahasa Pemograman\Python\Batik\datasets\raw\dataset_augmented\batik-betawi\aug_0_240.jpeg,3,batik-betawi,3,batik-betawi,0.9566048,True
C:\Users\dzaki\OneDrive\Dokumen\Bahasa Pemograman\Python\Batik\datasets\raw\dataset_augmented\batik-betawi\aug_0_2473.jpeg,3,batik-betawi,3,batik-betawi,0.996271,True
C:\Users\dzaki\OneDrive\Dokumen\Bahasa Pemograman\Python\Batik\datasets\raw\dataset_augmented\batik-betawi\aug_0_2509.jpeg,3,batik-betawi,27,Maluku_Pala,0.40242153,False
C:\Users\dzaki\OneDrive\Dokumen\Bahasa Pemograman\Python\Batik\datasets\raw\dataset_augmented\batik-betawi\aug_0_2581.jpeg,3,batik-betawi,28,NTB_Lumbung,0.43153846,False
C:\Users\dzaki\OneDrive\Dokumen\Bahasa Pemograman\Python\Batik\datasets\raw\dataset_augmented\batik-betawi\aug_0_2608.jpeg,3,batik-betawi,3,batik-betawi,0.6901767,True
C:\Users\dzaki\OneDrive\Dokumen\Bahasa Pemograman\Python\Batik\datasets\raw\dataset_augmented\batik-betawi\aug_0_265.jpeg,3,batik-betawi,3,batik-betawi,0.45476127,True
C:\Users\dzaki\OneDrive\Dokumen\Bahasa Pemograman\Python\Batik\datasets\raw\dataset_augmented\batik-betawi\aug_0_274.jpeg,3,batik-betawi,3,batik-betawi,0.9795759,True
C:\Users\dzaki\OneDrive\Dokumen\Bahasa Pemograman\Python\Batik\datasets\raw\dataset_augmented\batik-betawi\aug_0_2800.jpeg,3,batik-betawi,3,batik-betawi,0.5070845,True
C:\Users\dzaki\OneDrive\Dokumen\Bahasa Pemograman\Python\Batik\datasets\raw\dataset_augmented\batik-betawi\aug_0_2821.jpeg,3,batik-betawi,27,Maluku_Pala,0.8810375,False
C:\Users\dzaki\OneDrive\Dokumen\Bahasa Pemograman\Python\Batik\datasets\raw\dataset_augmented\batik-betawi\aug_0_2832.jpeg,3,batik-betawi,22,DKI_Ondel_Ondel,0.69676304,False
C:\Users\dzaki\OneDrive\Dokumen\Bahasa Pemograman\Python\Batik\datasets\raw\dataset_augmented\batik-betawi\aug_0_296.jpeg,3,batik-betawi,3,batik-betawi,0.8419119,True
C:\Users\dzaki\OneDrive\Dokumen\Bahasa Pemograman\Python\Batik\datasets\raw\dataset_augmented\batik-betawi\aug_0_3021.jpeg,3,batik-betawi,3,batik-betawi,0.9940264,True
C:\Users\dzaki\OneDrive\Dokumen\Bahasa Pemograman\Python\Batik\datasets\raw\dataset_augmented\batik-betawi\aug_0_3101.jpeg,3,batik-betawi,3,batik-betawi,0.95943224,True
C:\Users\dzaki\OneDrive\Dokumen\Bahasa Pemograman\Python\Batik\datasets\raw\dataset_augmented\batik-betawi\aug_0_3149.jpeg,3,batik-betawi,3,batik-betawi,0.88098335,True
C:\Users\dzaki\OneDrive\Dokumen\Bahasa Pemograman\Python\Batik\datasets\raw\dataset_augmented\batik-betawi\aug_0_3197.jpeg,3,batik-betawi,21,batik-tambal,0.3768438,False
C:\Users\dzaki\OneDrive\Dokumen\Bahasa Pemograman\Python\Batik\datasets\raw\dataset_augmented\batik-betawi\aug_0_3322.jpeg,3,batik-betawi,3,batik-betawi,0.851339,True
C:\Users\dzaki\OneDrive\Dokumen\Bahasa Pemograman\Python\Batik\datasets\raw\dataset_augmented\batik-betawi\aug_0_3348.jpeg,3,batik-betawi,3,batik-betawi,0.7354542,True
C:\Users\dzaki\OneDrive\Dokumen\Bahasa Pemograman\Python\Batik\datasets\raw\dataset_augmented\batik-betawi\aug_0_3380.jpeg,3,batik-betawi,16,batik-priangan,0.35695276,False
C:\Users\dzaki\OneDrive\Dokumen\Bahasa Pemograman\Python\Batik\datasets\raw\dataset_augmented\batik-betawi\aug_0_3499.jpeg,3,batik-betawi,3,batik-betawi,0.61386496,True
C:\Users\dzaki\OneDrive\Dokumen\Bahasa Pemograman\Python\Batik\datasets\raw\dataset_augmented\batik-betawi\aug_0_3563.jpeg,3,batik-betawi,22,DKI_Ondel_Ondel,0.50017416,False
C:\Users\dzaki\OneDrive\Dokumen\Bahasa Pemograman\Python\Batik\datasets\raw\dataset_augmented\batik-betawi\aug_0_3650.jpeg,3,batik-betawi,21,batik-tambal,0.2802435,False
C:\Users\dzaki\OneDrive\Dokumen\Bahasa Pemograman\Python\Batik\datasets\raw\dataset_augmented\batik-betawi\aug_0_3664.jpeg,3,batik-betawi,3,batik-betawi,0.6224492,True
C:\Users\dzaki\OneDrive\Dokumen\Bahasa Pemograman\Python\Batik\datasets\raw\dataset_augmented\batik-betawi\aug_0_374.jpeg,3,batik-betawi,3,batik-betawi,0.9703606,True
C:\Users\dzaki\OneDrive\Dokumen\Bahasa Pemograman\Python\Batik\datasets\raw\dataset_augmented\batik-betawi\aug_0_3783.jpeg,3,batik-betawi,3,batik-betawi,0.77256864,True
C:\Users\dzaki\OneDrive\Dokumen\Bahasa Pemograman\Python\Batik\datasets\raw\dataset_augmented\batik-betawi\aug_0_3877.jpeg,3,batik-betawi,22,DKI_Ondel_Ondel,0.7742569,False
C:\Users\dzaki\OneDrive\Dokumen\Bahasa Pemograman\Python\Batik\datasets\raw\dataset_augmented\batik-betawi\aug_0_3886.jpeg,3,batik-betawi,3,batik-betawi,0.88658506,True
C:\Users\dzaki\OneDrive\Dokumen\Bahasa Pemograman\Python\Batik\datasets\raw\dataset_augmented\batik-betawi\aug_0_3925.jpeg,3,batik-betawi,3,batik-betawi,0.6285719,True
C:\Users\dzaki\OneDrive\Dokumen\Bahasa Pemograman\Python\Batik\datasets\raw\dataset_augmented\batik-betawi\aug_0_3934.jpeg,3,batik-betawi,3,batik-betawi,0.9849178,True
C:\Users\dzaki\OneDrive\Dokumen\Bahasa Pemograman\Python\Batik\datasets\raw\dataset_augmented\batik-betawi\aug_0_3937.jpeg,3,batik-betawi,15,batik-pekalongan,0.55774,False
C:\Users\dzaki\OneDrive\Dokumen\Bahasa Pemograman\Python\Batik\datasets\raw\dataset_augmented\batik-betawi\aug_0_3992.jpeg,3,batik-betawi,3,batik-betawi,0.78018546,True
C:\Users\dzaki\OneDrive\Dokumen\Bahasa Pemograman\Python\Batik\datasets\raw\dataset_augmented\batik-betawi\aug_0_404.jpeg,3,batik-betawi,9,batik-gentongan,0.35698786,False
C:\Users\dzaki\OneDrive\Dokumen\Bahasa Pemograman\Python\Batik\datasets\raw\dataset_augmented\batik-betawi\aug_0_4234.jpeg,3,batik-betawi,3,batik-betawi,0.9835354,True
C:\Users\dzaki\OneDrive\Dokumen\Bahasa Pemograman\Python\Batik\datasets\raw\dataset_augmented\batik-betawi\aug_0_433.jpeg,3,batik-betawi,3,batik-betawi,0.8161574,True
C:\Users\dzaki\OneDrive\Dokumen\Bahasa Pemograman\Python\Batik\datasets\raw\dataset_augmented\batik-betawi\aug_0_4332.jpeg,3,batik-betawi,3,batik-betawi,0.46181142,True
C:\Users\dzaki\OneDrive\Dokumen\Bahasa Pemograman\Python\Batik\datasets\raw\dataset_augmented\batik-betawi\aug_0_4550.jpeg,3,batik-betawi,3,batik-betawi,0.42879358,True
C:\Users\dzaki\OneDrive\Dokumen\Bahasa Pemograman\Python\Batik\datasets\raw\dataset_augmented\batik-betawi\aug_0_4696.jpeg,3,batik-betawi,3,batik-betawi,0.9808684,True
C:\Users\dzaki\OneDrive\Dokumen\Bahasa Pemograman\Python\Batik\datasets\raw\dataset_augmented\batik-betawi\aug_0_4806.jpeg,3,batik-betawi,3,batik-betawi,0.9934505,True
C:\Users\dzaki\OneDrive\Dokumen\Bahasa Pemograman\Python\Batik\datasets\raw\dataset_augmented\batik-betawi\aug_0_4839.jpeg,3,batik-betawi,3,batik-betawi,0.8751486,True
C:\Users\dzaki\OneDrive\Dokumen\Bahasa Pemograman\Python\Batik\datasets\raw\dataset_augmented\batik-betawi\aug_0_4911.jpeg,3,batik-betawi,3,batik-betawi,0.7214169,True
C:\Users\dzaki\OneDrive\Dokumen\Bahasa Pemograman\Python\Batik\datasets\raw\dataset_augmented\batik-betawi\aug_0_4962.jpeg,3,batik-betawi,3,batik-betawi,0.38711104,True
C:\Users\dzaki\OneDrive\Dokumen\Bahasa Pemograman\Python\Batik\datasets\raw\dataset_augmented\batik-betawi\aug_0_5038.jpeg,3,batik-betawi,3,batik-betawi,0.27917278,True
C:\Users\dzaki\OneDrive\Dokumen\Bahasa Pemograman\Python\Batik\datasets\raw\dataset_augmented\batik-betawi\aug_0_5040.jpeg,3,batik-betawi,3,batik-betawi,0.7015093,True
C:\Users\dzaki\OneDrive\Dokumen\Bahasa Pemograman\Python\Batik\datasets\raw\dataset_augmented\batik-betawi\aug_0_5079.jpeg,3,batik-betawi,3,batik-betawi,0.7450393,True
C:\Users\dzaki\OneDrive\Dokumen\Bahasa Pemograman\Python\Batik\datasets\raw\dataset_augmented\batik-betawi\aug_0_513.jpeg,3,batik-betawi,3,batik-betawi,0.9702842,True
C:\Users\dzaki\OneDrive\Dokumen\Bahasa Pemograman\Python\Batik\datasets\raw\dataset_augmented\batik-betawi\aug_0_5205.jpeg,3,batik-betawi,3,batik-betawi,0.851027,True
C:\Users\dzaki\OneDrive\Dokumen\Bahasa Pemograman\Python\Batik\datasets\raw\dataset_augmented\batik-betawi\aug_0_5219.jpeg,3,batik-betawi,3,batik-betawi,0.95364547,True
C:\Users\dzaki\OneDrive\Dokumen\Bahasa Pemograman\Python\Batik\datasets\raw\dataset_augmented\batik-betawi\aug_0_5317.jpeg,3,batik-betawi,3,batik-betawi,0.78778654,True
C:\Users\dzaki\OneDrive\Dokumen\Bahasa Pemograman\Python\Batik\datasets\raw\dataset_augmented\batik-betawi\aug_0_5480.jpeg,3,batik-betawi,3,batik-betawi,0.95851,True
C:\Users\dzaki\OneDrive\Dokumen\Bahasa Pemograman\Python\Batik\datasets\raw\dataset_augmented\batik-betawi\aug_0_5494.jpeg,3,batik-betawi,3,batik-betawi,0.86764187,True
C:\Users\dzaki\OneDrive\Dokumen\Bahasa Pemograman\Python\Batik\datasets\raw\dataset_augmented\batik-betawi\aug_0_5544.jpeg,3,batik-betawi,3,batik-betawi,0.9985935,True
C:\Users\dzaki\OneDrive\Dokumen\Bahasa Pemograman\Python\Batik\datasets\raw\dataset_augmented\batik-betawi\aug_0_5732.jpeg,3,batik-betawi,3,batik-betawi,0.96301764,True
C:\Users\dzaki\OneDrive\Dokumen\Bahasa Pemograman\Python\Batik\datasets\raw\dataset_augmented\batik-betawi\aug_0_5765.jpeg,3,batik-betawi,15,batik-pekalongan,0.32158098,False
C:\Users\dzaki\OneDrive\Dokumen\Bahasa Pemograman\Python\Batik\datasets\raw\dataset_augmented\batik-betawi\aug_0_5768.jpeg,3,batik-betawi,3,batik-betawi,0.9867084,True
C:\Users\dzaki\OneDrive\Dokumen\Bahasa Pemograman\Python\Batik\datasets\raw\dataset_augmented\batik-betawi\aug_0_5791.jpeg,3,batik-betawi,3,batik-betawi,0.9404306,True
C:\Users\dzaki\OneDrive\Dokumen\Bahasa Pemograman\Python\Batik\datasets\raw\dataset_augmented\batik-betawi\aug_0_586.jpeg,3,batik-betawi,3,batik-betawi,0.816234,True
C:\Users\dzaki\OneDrive\Dokumen\Bahasa Pemograman\Python\Batik\datasets\raw\dataset_augmented\batik-betawi\aug_0_5878.jpeg,3,batik-betawi,3,batik-betawi,0.8456027,True
C:\Users\dzaki\OneDrive\Dokumen\Bahasa Pemograman\Python\Batik\datasets\raw\dataset_augmented\batik-betawi\aug_0_6115.jpeg,3,batik-betawi,23,Jawa_Timur_Pring,0.36450496,False
C:\Users\dzaki\OneDrive\Dokumen\Bahasa Pemograman\Python\Batik\datasets\raw\dataset_augmented\batik-betawi\aug_0_6157.jpeg,3,batik-betawi,3,batik-betawi,0.59730625,True
C:\Users\dzaki\OneDrive\Dokumen\Bahasa Pemograman\Python\Batik\datasets\raw\dataset_augmented\batik-betawi\aug_0_6172.jpeg,3,batik-betawi,21,batik-tambal,0.21151939,False
C:\Users\dzaki\OneDrive\Dokumen\Bahasa Pemograman\Python\Batik\datasets\raw\dataset_augmented\batik-betawi\aug_0_6286.jpeg,3,batik-betawi,3,batik-betawi,0.32252225,True
C:\Users\dzaki\OneDrive\Dokumen\Bahasa Pemograman\Python\Batik\datasets\raw\dataset_augmented\batik-betawi\aug_0_6303.jpeg,3,batik-betawi,3,batik-betawi,0.5959844,True
C:\Users\dzaki\OneDrive\Dokumen\Bahasa Pemograman\Python\Batik\datasets\raw\dataset_augmented\batik-betawi\aug_0_6364.jpeg,3,batik-betawi,3,batik-betawi,0.9698408,True
C:\Users\dzaki\OneDrive\Dokumen\Bahasa Pemograman\Python\Batik\datasets\raw\dataset_augmented\batik-betawi\aug_0_6630.jpeg,3,batik-betawi,3,batik-betawi,0.97174287,True
C:\Users\dzaki\OneDrive\Dokumen\Bahasa Pemograman\Python\Batik\datasets\raw\dataset_augmented\batik-betawi\aug_0_6797.jpeg,3,batik-betawi,3,batik-betawi,0.75824493,True
C:\Users\dzaki\OneDrive\Dokumen\Bahasa Pemograman\Python\Batik\datasets\raw\dataset_augmented\batik-betawi\aug_0_685.jpeg,3,batik-betawi,15,batik-pekalongan,0.4103918,False
C:\Users\dzaki\OneDrive\Dokumen\Bahasa Pemograman\Python\Batik\datasets\raw\dataset_augmented\batik-betawi\aug_0_6971.jpeg,3,batik-betawi,3,batik-betawi,0.75903636,True
C:\Users\dzaki\OneDrive\Dokumen\Bahasa Pemograman\Python\Batik\datasets\raw\dataset_augmented\batik-betawi\aug_0_6986.jpeg,3,batik-betawi,3,batik-betawi,0.9821056,True
C:\Users\dzaki\OneDrive\Dokumen\Bahasa Pemograman\Python\Batik\datasets\raw\dataset_augmented\batik-betawi\aug_0_700.jpeg,3,batik-betawi,3,batik-betawi,0.7905808,True
C:\Users\dzaki\OneDrive\Dokumen\Bahasa Pemograman\Python\Batik\datasets\raw\dataset_augmented\batik-betawi\aug_0_7164.jpeg,3,batik-betawi,3,batik-betawi,0.99527586,True
C:\Users\dzaki\OneDrive\Dokumen\Bahasa Pemograman\Python\Batik\datasets\raw\dataset_augmented\batik-betawi\aug_0_7190.jpeg,3,batik-betawi,33,Sumatera_Barat_Rumah_Minang,0.47265983,False
C:\Users\dzaki\OneDrive\Dokumen\Bahasa Pemograman\Python\Batik\datasets\raw\dataset_augmented\batik-betawi\aug_0_7316.jpeg,3,batik-betawi,3,batik-betawi,0.9662837,True
C:\Users\dzaki\OneDrive\Dokumen\Bahasa Pemograman\Python\Batik\datasets\raw\dataset_augmented\batik-betawi\aug_0_7351.jpeg,3,batik-betawi,3,batik-betawi,0.9752044,True
C:\Users\dzaki\OneDrive\Dokumen\Bahasa Pemograman\Python\Batik\datasets\raw\dataset_augmented\batik-betawi\aug_0_7408.jpeg,3,batik-betawi,3,batik-betawi,0.8343686,True
C:\Users\dzaki\OneDrive\Dokumen\Bahasa Pemograman\Python\Batik\datasets\raw\dataset_augmented\batik-betawi\aug_0_7471.jpeg,3,batik-betawi,3,batik-betawi,0.6444636,True
C:\Users\dzaki\OneDrive\Dokumen\Bahasa Pemograman\Python\Batik\datasets\raw\dataset_augmented\batik-betawi\aug_0_7490.jpeg,3,batik-betawi,3,batik-betawi,0.6874107,True
C:\Users\dzaki\OneDrive\Dokumen\Bahasa Pemograman\Python\Batik\datasets\raw\dataset_augmented\batik-betawi\aug_0_7626.jpeg,3,batik-betawi,3,batik-betawi,0.9636138,True
C:\Users\dzaki\OneDrive\Dokumen\Bahasa Pemograman\Python\Batik\datasets\raw\dataset_augmented\batik-betawi\aug_0_7643.jpeg,3,batik-betawi,3,batik-betawi,0.9320479,True
C:\Users\dzaki\OneDrive\Dokumen\Bahasa Pemograman\Python\Batik\datasets\raw\dataset_augmented\batik-betawi\aug_0_7726.jpeg,3,batik-betawi,3,batik-betawi,0.9866933,True
C:\Users\dzaki\OneDrive\Dokumen\Bahasa Pemograman\Python\Batik\datasets\raw\dataset_augmented\batik-betawi\aug_0_7813.jpeg,3,batik-betawi,3,batik-betawi,0.99438936,True
C:\Users\dzaki\OneDrive\Dokumen\Bahasa Pemograman\Python\Batik\datasets\raw\dataset_augmented\batik-betawi\aug_0_7832.jpeg,3,batik-betawi,3,batik-betawi,0.88208497,True
C:\Users\dzaki\OneDrive\Dokumen\Bahasa Pemograman\Python\Batik\datasets\raw\dataset_augmented\batik-betawi\aug_0_7836.jpeg,3,batik-betawi,3,batik-betawi,0.9694443,True
C:\Users\dzaki\OneDrive\Dokumen\Bahasa Pemograman\Python\Batik\datasets\raw\dataset_augmented\batik-betawi\aug_0_7936.jpeg,3,batik-betawi,3,batik-betawi,0.99274725,True
C:\Users\dzaki\OneDrive\Dokumen\Bahasa Pemograman\Python\Batik\datasets\raw\dataset_augmented\batik-betawi\aug_0_7937.jpeg,3,batik-betawi,3,batik-betawi,0.9825509,True
C:\Users\dzaki\OneDrive\Dokumen\Bahasa Pemograman\Python\Batik\datasets\raw\dataset_augmented\batik-betawi\aug_0_797.jpeg,3,batik-betawi,3,batik-betawi,0.9147723,True
C:\Users\dzaki\OneDrive\Dokumen\Bahasa Pemograman\Python\Batik\datasets\raw\dataset_augmented\batik-betawi\aug_0_81.jpeg,3,batik-betawi,3,batik-betawi,0.6382275,True
C:\Users\dzaki\OneDrive\Dokumen\Bahasa Pemograman\Python\Batik\datasets\raw\dataset_augmented\batik-betawi\aug_0_8172.jpeg,3,batik-betawi,3,batik-betawi,0.6427779,True
C:\Users\dzaki\OneDrive\Dokumen\Bahasa Pemograman\Python\Batik\datasets\raw\dataset_augmented\batik-betawi\aug_0_8250.jpeg,3,batik-betawi,3,batik-betawi,0.50106335,True
C:\Users\dzaki\OneDrive\Dokumen\Bahasa Pemograman\Python\Batik\datasets\raw\dataset_augmented\batik-betawi\aug_0_8293.jpeg,3,batik-betawi,3,batik-betawi,0.4415689,True
C:\Users\dzaki\OneDrive\Dokumen\Bahasa Pemograman\Python\Batik\datasets\raw\dataset_augmented\batik-betawi\aug_0_8390.jpeg,3,batik-betawi,3,batik-betawi,0.8620047,True
C:\Users\dzaki\OneDrive\Dokumen\Bahasa Pemograman\Python\Batik\datasets\raw\dataset_augmented\batik-betawi\aug_0_8420.jpeg,3,batik-betawi,3,batik-betawi,0.8230186,True
C:\Users\dzaki\OneDrive\Dokumen\Bahasa Pemograman\Python\Batik\datasets\raw\dataset_augmented\batik-betawi\aug_0_8530.jpeg,3,batik-betawi,3,batik-betawi,0.90375334,True
C:\Users\dzaki\OneDrive\Dokumen\Bahasa Pemograman\Python\Batik\datasets\raw\dataset_augmented\batik-betawi\aug_0_8594.jpeg,3,batik-betawi,3,batik-betawi,0.9840947,True
C:\Users\dzaki\OneDrive\Dokumen\Bahasa Pemograman\Python\Batik\datasets\raw\dataset_augmented\batik-betawi\aug_0_8628.jpeg,3,batik-betawi,3,batik-betawi,0.59518605,True
C:\Users\dzaki\OneDrive\Dokumen\Bahasa Pemograman\Python\Batik\datasets\raw\dataset_augmented\batik-betawi\aug_0_872.jpeg,3,batik-betawi,3,batik-betawi,0.94678897,True
C:\Users\dzaki\OneDrive\Dokumen\Bahasa Pemograman\Python\Batik\datasets\raw\dataset_augmented\batik-betawi\aug_0_874.jpeg,3,batik-betawi,3,batik-betawi,0.9817895,True
C:\Users\dzaki\OneDrive\Dokumen\Bahasa Pemograman\Python\Batik\datasets\raw\dataset_augmented\batik-betawi\aug_0_884.jpeg,3,batik-betawi,3,batik-betawi,0.48136052,True
C:\Users\dzaki\OneDrive\Dokumen\Bahasa Pemograman\Python\Batik\datasets\raw\dataset_augmented\batik-betawi\aug_0_8876.jpeg,3,batik-betawi,3,batik-betawi,0.86793894,True
C:\Users\dzaki\OneDrive\Dokumen\Bahasa Pemograman\Python\Batik\datasets\raw\dataset_augmented\batik-betawi\aug_0_9001.jpeg,3,batik-betawi,3,batik-betawi,0.61128026,True
C:\Users\dzaki\OneDrive\Dokumen\Bahasa Pemograman\Python\Batik\datasets\raw\dataset_augmented\batik-betawi\aug_0_9050.jpeg,3,batik-betawi,3,batik-betawi,0.93076086,True
C:\Users\dzaki\OneDrive\Dokumen\Bahasa Pemograman\Python\Batik\datasets\raw\dataset_augmented\batik-betawi\aug_0_9072.jpeg,3,batik-betawi,3,batik-betawi,0.54319644,True
C:\Users\dzaki\OneDrive\Dokumen\Bahasa Pemograman\Python\Batik\datasets\raw\dataset_augmented\batik-betawi\aug_0_9120.jpeg,3,batik-betawi,3,batik-betawi,0.9445379,True
C:\Users\dzaki\OneDrive\Dokumen\Bahasa Pemograman\Python\Batik\datasets\raw\dataset_augmented\batik-betawi\aug_0_9136.jpeg,3,batik-betawi,3,batik-betawi,0.9982278,True
C:\Users\dzaki\OneDrive\Dokumen\Bahasa Pemograman\Python\Batik\datasets\raw\dataset_augmented\batik-betawi\aug_0_9165.jpeg,3,batik-betawi,3,batik-betawi,0.6088474,True
C:\Users\dzaki\OneDrive\Dokumen\Bahasa Pemograman\Python\Batik\datasets\raw\dataset_augmented\batik-betawi\aug_0_9190.jpeg,3,batik-betawi,3,batik-betawi,0.988439,True
C:\Users\dzaki\OneDrive\Dokumen\Bahasa Pemograman\Python\Batik\datasets\raw\dataset_augmented\batik-betawi\aug_0_9291.jpeg,3,batik-betawi,3,batik-betawi,0.7114617,True
C:\Users\dzaki\OneDrive\Dokumen\Bahasa Pemograman\Python\Batik\datasets\raw\dataset_augmented\batik-betawi\aug_0_9523.jpeg,3,batik-betawi,3,batik-betawi,0.70080775,True
C:\Users\dzaki\OneDrive\Dokumen\Bahasa Pemograman\Python\Batik\datasets\raw\dataset_augmented\batik-betawi\aug_0_9587.jpeg,3,batik-betawi,3,batik-betawi,0.56677955,True
C:\Users\dzaki\OneDrive\Dokumen\Bahasa Pemograman\Python\Batik\datasets\raw\dataset_augmented\batik-betawi\aug_0_9727.jpeg,3,batik-betawi,3,batik-betawi,0.9758504,True
C:\Users\dzaki\OneDrive\Dokumen\Bahasa Pemograman\Python\Batik\datasets\raw\dataset_augmented\batik-betawi\aug_0_974.jpeg,3,batik-betawi,3,batik-betawi,0.69857526,True
C:\Users\dzaki\OneDrive\Dokumen\Bahasa Pemograman\Python\Batik\datasets\raw\dataset_augmented\batik-betawi\aug_0_9745.jpeg,3,batik-betawi,3,batik-betawi,0.93692124,True
C:\Users\dzaki\OneDrive\Dokumen\Bahasa Pemograman\Python\Batik\datasets\raw\dataset_augmented\batik-betawi\aug_0_9808.jpeg,3,batik-betawi,3,batik-betawi,0.87051713,True
C:\Users\dzaki\OneDrive\Dokumen\Bahasa Pemograman\Python\Batik\datasets\raw\dataset_augmented\batik-betawi\aug_0_9810.jpeg,3,batik-betawi,3,batik-betawi,0.9948555,True
C:\Users\dzaki\OneDrive\Dokumen\Bahasa Pemograman\Python\Batik\datasets\raw\dataset_augmented\batik-betawi\aug_0_9906.jpeg,3,batik-betawi,3,batik-betawi,0.78942585,True
C:\Users\dzaki\OneDrive\Dokumen\Bahasa Pemograman\Python\Batik\datasets\raw\dataset_augmented\batik-betawi\aug_0_9953.jpeg,3,batik-betawi,4,batik-celup,0.3233865,False
C:\Users\dzaki\OneDrive\Dokumen\Bahasa Pemograman\Python\Batik\datasets\raw\dataset_augmented\batik-betawi\aug_0_9981.jpeg,3,batik-betawi,3,batik-betawi,0.91551584,True
C:\Users\dzaki\OneDrive\Dokumen\Bahasa Pemograman\Python\Batik\datasets\raw\dataset_augmented\batik-celup\aug_0_1104.jpeg,4,batik-celup,4,batik-celup,0.80638206,True
C:\Users\dzaki\OneDrive\Dokumen\Bahasa Pemograman\Python\Batik\datasets\raw\dataset_augmented\batik-celup\aug_0_1315.jpeg,4,batik-celup,4,batik-celup,0.49921998,True
C:\Users\dzaki\OneDrive\Dokumen\Bahasa Pemograman\Python\Batik\datasets\raw\dataset_augmented\batik-celup\aug_0_1388.jpeg,4,batik-celup,4,batik-celup,0.99152124,True
C:\Users\dzaki\OneDrive\Dokumen\Bahasa Pemograman\Python\Batik\datasets\raw\dataset_augmented\batik-celup\aug_0_1398.jpeg,4,batik-celup,4,batik-celup,0.84959275,True
C:\Users\dzaki\OneDrive\Dokumen\Bahasa Pemograman\Python\Batik\datasets\raw\dataset_augmented\batik-celup\aug_0_1504.jpeg,4,batik-celup,4,batik-celup,0.999406,True
C:\Users\dzaki\OneDrive\Dokumen\Bahasa Pemograman\Python\Batik\datasets\raw\dataset_augmented\batik-celup\aug_0_1863.jpeg,4,batik-celup,4,batik-celup,0.9644836,True
C:\Users\dzaki\OneDrive\Dokumen\Bahasa Pemograman\Python\Batik\datasets\raw\dataset_augmented\batik-celup\aug_0_2060.jpeg,4,batik-celup,4,batik-celup,0.9955908,True
C:\Users\dzaki\OneDrive\Dokumen\Bahasa Pemograman\Python\Batik\datasets\raw\dataset_augmented\batik-celup\aug_0_229.jpeg,4,batik-celup,22,DKI_Ondel_Ondel,0.2895496,False
C:\Users\dzaki\OneDrive\Dokumen\Bahasa Pemograman\Python\Batik\datasets\raw\dataset_augmented\batik-celup\aug_0_2478.jpeg,4,batik-celup,4,batik-celup,0.9984421,True
C:\Users\dzaki\OneDrive\Dokumen\Bahasa Pemograman\Python\Batik\datasets\raw\dataset_augmented\batik-celup\aug_0_2581.jpeg,4,batik-celup,4,batik-celup,0.2830591,True
C:\Users\dzaki\OneDrive\Dokumen\Bahasa Pemograman\Python\Batik\datasets\raw\dataset_augmented\batik-celup\aug_0_2903.jpeg,4,batik-celup,4,batik-celup,0.99973243,True
C:\Users\dzaki\OneDrive\Dokumen\Bahasa Pemograman\Python\Batik\datasets\raw\dataset_augmented\batik-celup\aug_0_3045.jpeg,4,batik-celup,4,batik-celup,0.99811375,True
C:\Users\dzaki\OneDrive\Dokumen\Bahasa Pemograman\Python\Batik\datasets\raw\dataset_augmented\batik-celup\aug_0_3068.jpeg,4,batik-celup,4,batik-celup,0.9957521,True
C:\Users\dzaki\OneDrive\Dokumen\Bahasa Pemograman\Python\Batik\datasets\raw\dataset_augmented\batik-celup\aug_0_4053.jpeg,4,batik-celup,4,batik-celup,0.62887144,True
C:\Users\dzaki\OneDrive\Dokumen\Bahasa Pemograman\Python\Batik\datasets\raw\dataset_augmented\batik-celup\aug_0_4300.jpeg,4,batik-celup,4,batik-celup,0.98907757,True
C:\Users\dzaki\OneDrive\Dokumen\Bahasa Pemograman\Python\Batik\datasets\raw\dataset_augmented\batik-celup\aug_0_4519.jpeg,4,batik-celup,4,batik-celup,0.9573756,True
C:\Users\dzaki\OneDrive\Dokumen\Bahasa Pemograman\Python\Batik\datasets\raw\dataset_augmented\batik-celup\aug_0_4961.jpeg,4,batik-celup,4,batik-celup,0.9995468,True
C:\Users\dzaki\OneDrive\Dokumen\Bahasa Pemograman\Python\Batik\datasets\raw\dataset_augmented\batik-celup\aug_0_5043.jpeg,4,batik-celup,4,batik-celup,0.99905926,True
C:\Users\dzaki\OneDrive\Dokumen\Bahasa Pemograman\Python\Batik\datasets\raw\dataset_augmented\batik-celup\aug_0_5116.jpeg,4,batik-celup,4,batik-celup,0.9995123,True
C:\Users\dzaki\OneDrive\Dokumen\Bahasa Pemograman\Python\Batik\datasets\raw\dataset_augmented\batik-celup\aug_0_5402.jpeg,4,batik-celup,4,batik-celup,0.9999615,True
C:\Users\dzaki\OneDrive\Dokumen\Bahasa Pemograman\Python\Batik\datasets\raw\dataset_augmented\batik-celup\aug_0_5445.jpeg,4,batik-celup,4,batik-celup,0.99983144,True
C:\Users\dzaki\OneDrive\Dokumen\Bahasa Pemograman\Python\Batik\datasets\raw\dataset_augmented\batik-celup\aug_0_5614.jpeg,4,batik-celup,4,batik-celup,0.994173,True
C:\Users\dzaki\OneDrive\Dokumen\Bahasa Pemograman\Python\Batik\datasets\raw\dataset_augmented\batik-celup\aug_0_5700.jpeg,4,batik-celup,4,batik-celup,0.99548835,True
C:\Users\dzaki\OneDrive\Dokumen\Bahasa Pemograman\Python\Batik\datasets\raw\dataset_augmented\batik-celup\aug_0_5716.jpeg,4,batik-celup,4,batik-celup,0.667855,True
C:\Users\dzaki\OneDrive\Dokumen\Bahasa Pemograman\Python\Batik\datasets\raw\dataset_augmented\batik-celup\aug_0_5758.jpeg,4,batik-celup,4,batik-celup,0.98909914,True
C:\Users\dzaki\OneDrive\Dokumen\Bahasa Pemograman\Python\Batik\datasets\raw\dataset_augmented\batik-celup\aug_0_602.jpeg,4,batik-celup,4,batik-celup,0.9139135,True
C:\Users\dzaki\OneDrive\Dokumen\Bahasa Pemograman\Python\Batik\datasets\raw\dataset_augmented\batik-celup\aug_0_6193.jpeg,4,batik-celup,4,batik-celup,0.98110193,True
C:\Users\dzaki\OneDrive\Dokumen\Bahasa Pemograman\Python\Batik\datasets\raw\dataset_augmented\batik-celup\aug_0_6235.jpeg,4,batik-celup,4,batik-celup,0.9932233,True
C:\Users\dzaki\OneDrive\Dokumen\Bahasa Pemograman\Python\Batik\datasets\raw\dataset_augmented\batik-celup\aug_0_6255.jpeg,4,batik-celup,4,batik-celup,0.97433156,True
C:\Users\dzaki\OneDrive\Dokumen\Bahasa Pemograman\Python\Batik\datasets\raw\dataset_augmented\batik-celup\aug_0_6367.jpeg,4,batik-celup,4,batik-celup,0.9999801,True
C:\Users\dzaki\OneDrive\Dokumen\Bahasa Pemograman\Python\Batik\datasets\raw\dataset_augmented\batik-celup\aug_0_6924.jpeg,4,batik-celup,4,batik-celup,0.9996704,True
C:\Users\dzaki\OneDrive\Dokumen\Bahasa Pemograman\Python\Batik\datasets\raw\dataset_augmented\batik-celup\aug_0_7032.jpeg,4,batik-celup,4,batik-celup,0.95587,True
C:\Users\dzaki\OneDrive\Dokumen\Bahasa Pemograman\Python\Batik\datasets\raw\dataset_augmented\batik-celup\aug_0_7130.jpeg,4,batik-celup,4,batik-celup,0.64771986,True
C:\Users\dzaki\OneDrive\Dokumen\Bahasa Pemograman\Python\Batik\datasets\raw\dataset_augmented\batik-celup\aug_0_7292.jpeg,4,batik-celup,4,batik-celup,0.72291,True
C:\Users\dzaki\OneDrive\Dokumen\Bahasa Pemograman\Python\Batik\datasets\raw\dataset_augmented\batik-celup\aug_0_7394.jpeg,4,batik-celup,4,batik-celup,0.9562734,True
C:\Users\dzaki\OneDrive\Dokumen\Bahasa Pemograman\Python\Batik\datasets\raw\dataset_augmented\batik-celup\aug_0_7620.jpeg,4,batik-celup,4,batik-celup,0.99967813,True
C:\Users\dzaki\OneDrive\Dokumen\Bahasa Pemograman\Python\Batik\datasets\raw\dataset_augmented\batik-celup\aug_0_8098.jpeg,4,batik-celup,4,batik-celup,0.9998122,True
C:\Users\dzaki\OneDrive\Dokumen\Bahasa Pemograman\Python\Batik\datasets\raw\dataset_augmented\batik-celup\aug_0_8400.jpeg,4,batik-celup,4,batik-celup,0.9914369,True
C:\Users\dzaki\OneDrive\Dokumen\Bahasa Pemograman\Python\Batik\datasets\raw\dataset_augmented\batik-celup\aug_0_8504.jpeg,4,batik-celup,4,batik-celup,0.9994128,True
C:\Users\dzaki\OneDrive\Dokumen\Bahasa Pemograman\Python\Batik\datasets\raw\dataset_augmented\batik-celup\aug_0_860.jpeg,4,batik-celup,4,batik-celup,0.99975365,True
C:\Users\dzaki\OneDrive\Dokumen\Bahasa Pemograman\Python\Batik\datasets\raw\dataset_augmented\batik-celup\aug_0_8603.jpeg,4,batik-celup,4,batik-celup,0.99873036,True
C:\Users\dzaki\OneDrive\Dokumen\Bahasa Pemograman\Python\Batik\datasets\raw\dataset_augmented\batik-celup\aug_0_8688.jpeg,4,batik-celup,4,batik-celup,0.9994425,True
C:\Users\dzaki\OneDrive\Dokumen\Bahasa Pemograman\Python\Batik\datasets\raw\dataset_augmented\batik-celup\aug_0_8744.jpeg,4,batik-celup,4,batik-celup,0.9952859,True
C:\Users\dzaki\OneDrive\Dokumen\Bahasa Pemograman\Python\Batik\datasets\raw\dataset_augmented\batik-celup\aug_0_8772.jpeg,4,batik-celup,4,batik-celup,0.96444285,True
C:\Users\dzaki\OneDrive\Dokumen\Bahasa Pemograman\Python\Batik\datasets\raw\dataset_augmented\batik-celup\aug_0_8838.jpeg,4,batik-celup,4,batik-celup,0.97904265,True
C:\Users\dzaki\OneDrive\Dokumen\Bahasa Pemograman\Python\Batik\datasets\raw\dataset_augmented\batik-celup\aug_0_895.jpeg,4,batik-celup,27,Maluku_Pala,0.61858803,False
C:\Users\dzaki\OneDrive\Dokumen\Bahasa Pemograman\Python\Batik\datasets\raw\dataset_augmented\batik-celup\aug_0_9002.jpeg,4,batik-celup,4,batik-celup,0.9959365,True
C:\Users\dzaki\OneDrive\Dokumen\Bahasa Pemograman\Python\Batik\datasets\raw\dataset_augmented\batik-celup\aug_0_9186.jpeg,4,batik-celup,4,batik-celup,0.99955565,True
C:\Users\dzaki\OneDrive\Dokumen\Bahasa Pemograman\Python\Batik\datasets\raw\dataset_augmented\batik-celup\aug_0_9312.jpeg,4,batik-celup,33,Sumatera_Barat_Rumah_Minang,0.34623998,False
C:\Users\dzaki\OneDrive\Dokumen\Bahasa Pemograman\Python\Batik\datasets\raw\dataset_augmented\batik-celup\aug_0_9615.jpeg,4,batik-celup,4,batik-celup,0.9988526,True
C:\Users\dzaki\OneDrive\Dokumen\Bahasa Pemograman\Python\Batik\datasets\raw\dataset_augmented\batik-cendrawasih\aug_0_117.jpeg,5,batik-cendrawasih,5,batik-cendrawasih,0.5960405,True
C:\Users\dzaki\OneDrive\Dokumen\Bahasa Pemograman\Python\Batik\datasets\raw\dataset_augmented\batik-cendrawasih\aug_0_1538.jpeg,5,batik-cendrawasih,5,batik-cendrawasih,0.8928963,True
C:\Users\dzaki\OneDrive\Dokumen\Bahasa Pemograman\Python\Batik\datasets\raw\dataset_augmented\batik-cendrawasih\aug_0_1583.jpeg,5,batik-cendrawasih,5,batik-cendrawasih,0.6201988,True
C:\Users\dzaki\OneDrive\Dokumen\Bahasa Pemograman\Python\Batik\datasets\raw\dataset_augmented\batik-cendrawasih\aug_0_1651.jpeg,5,batik-cendrawasih,5,batik-cendrawasih,0.927152,True
C:\Users\dzaki\OneDrive\Dokumen\Bahasa Pemograman\Python\Batik\datasets\raw\dataset_augmented\batik-cendrawasih\aug_0_2869.jpeg,5,batik-cendrawasih,5,batik-cendrawasih,0.79029995,True
C:\Users\dzaki\OneDrive\Dokumen\Bahasa Pemograman\Python\Batik\datasets\raw\dataset_augmented\batik-cendrawasih\aug_0_3113.jpeg,5,batik-cendrawasih,17,batik-sekar,0.8797203,False
C:\Users\dzaki\OneDrive\Dokumen\Bahasa Pemograman\Python\Batik\datasets\raw\dataset_augmented\batik-cendrawasih\aug_0_3274.jpeg,5,batik-cendrawasih,5,batik-cendrawasih,0.31986296,True
C:\Users\dzaki\OneDrive\Dokumen\Bahasa Pemograman\Python\Batik\datasets\raw\dataset_augmented\batik-cendrawasih\aug_0_3417.jpeg,5,batik-cendrawasih,21,batik-tambal,0.52730876,False
C:\Users\dzaki\OneDrive\Dokumen\Bahasa Pemograman\Python\Batik\datasets\raw\dataset_augmented\batik-cendrawasih\aug_0_3531.jpeg,5,batik-cendrawasih,5,batik-cendrawasih,0.9082175,True
C:\Users\dzaki\OneDrive\Dokumen\Bahasa Pemograman\Python\Batik\datasets\raw\dataset_augmented\batik-cendrawasih\aug_0_3547.jpeg,5,batik-cendrawasih,27,Maluku_Pala,0.2844087,False
C:\Users\dzaki\OneDrive\Dokumen\Bahasa Pemograman\Python\Batik\datasets\raw\dataset_augmented\batik-cendrawasih\aug_0_3861.jpeg,5,batik-cendrawasih,5,batik-cendrawasih,0.982485,True
C:\Users\dzaki\OneDrive\Dokumen\Bahasa Pemograman\Python\Batik\datasets\raw\dataset_augmented\batik-cendrawasih\aug_0_3935.jpeg,5,batik-cendrawasih,2,batik-bali,0.5059048,False
C:\Users\dzaki\OneDrive\Dokumen\Bahasa Pemograman\Python\Batik\datasets\raw\dataset_augmented\batik-cendrawasih\aug_0_4224.jpeg,5,batik-cendrawasih,5,batik-cendrawasih,0.4710717,True
C:\Users\dzaki\OneDrive\Dokumen\Bahasa Pemograman\Python\Batik\datasets\raw\dataset_augmented\batik-cendrawasih\aug_0_4272.jpeg,5,batik-cendrawasih,5,batik-cendrawasih,0.8100881,True
C:\Users\dzaki\OneDrive\Dokumen\Bahasa Pemograman\Python\Batik\datasets\raw\dataset_augmented\batik-cendrawasih\aug_0_4310.jpeg,5,batik-cendrawasih,2,batik-bali,0.43443024,False
C:\Users\dzaki\OneDrive\Dokumen\Bahasa Pemograman\Python\Batik\datasets\raw\dataset_augmented\batik-cendrawasih\aug_0_4405.jpeg,5,batik-cendrawasih,5,batik-cendrawasih,0.82584167,True
C:\Users\dzaki\OneDrive\Dokumen\Bahasa Pemograman\Python\Batik\datasets\raw\dataset_augmented\batik-cendrawasih\aug_0_4494.jpeg,5,batik-cendrawasih,5,batik-cendrawasih,0.7749221,True
C:\Users\dzaki\OneDrive\Dokumen\Bahasa Pemograman\Python\Batik\datasets\raw\dataset_augmented\batik-cendrawasih\aug_0_4552.jpeg,5,batik-cendrawasih,5,batik-cendrawasih,0.5461755,True
C:\Users\dzaki\OneDrive\Dokumen\Bahasa Pemograman\Python\Batik\datasets\raw\dataset_augmented\batik-cendrawasih\aug_0_5067.jpeg,5,batik-cendrawasih,19,batik-sidomukti,0.41076866,False
C:\Users\dzaki\OneDrive\Dokumen\Bahasa Pemograman\Python\Batik\datasets\raw\dataset_augmented\batik-cendrawasih\aug_0_5080.jpeg,5,batik-cendrawasih,5,batik-cendrawasih,0.61718583,True
C:\Users\dzaki\OneDrive\Dokumen\Bahasa Pemograman\Python\Batik\datasets\raw\dataset_augmented\batik-cendrawasih\aug_0_5217.jpeg,5,batik-cendrawasih,5,batik-cendrawasih,0.5085681,True
C:\Users\dzaki\OneDrive\Dokumen\Bahasa Pemograman\Python\Batik\datasets\raw\dataset_augmented\batik-cendrawasih\aug_0_5305.jpeg,5,batik-cendrawasih,5,batik-cendrawasih,0.86893445,True
C:\Users\dzaki\OneDrive\Dokumen\Bahasa Pemograman\Python\Batik\datasets\raw\dataset_augmented\batik-cendrawasih\aug_0_5876.jpeg,5,batik-cendrawasih,30,Papua_Cendrawasih,0.4918707,False
C:\Users\dzaki\OneDrive\Dokumen\Bahasa Pemograman\Python\Batik\datasets\raw\dataset_augmented\batik-cendrawasih\aug_0_5964.jpeg,5,batik-cendrawasih,22,DKI_Ondel_Ondel,0.28707764,False
C:\Users\dzaki\OneDrive\Dokumen\Bahasa Pemograman\Python\Batik\datasets\raw\dataset_augmented\batik-cendrawasih\aug_0_5977.jpeg,5,batik-cendrawasih,5,batik-cendrawasih,0.7310695,True
C:\Users\dzaki\OneDrive\Dokumen\Bahasa Pemograman\Python\Batik\datasets\raw\dataset_augmented\batik-cendrawasih\aug_0_5997.jpeg,5,batik-cendrawasih,16,batik-priangan,0.52935165,False
C:\Users\dzaki\OneDrive\Dokumen\Bahasa Pemograman\Python\Batik\datasets\raw\dataset_augmented\batik-cendrawasih\aug_0_6147.jpeg,5,batik-cendrawasih,30,Papua_Cendrawasih,0.36153403,False
C:\Users\dzaki\OneDrive\Dokumen\Bahasa Pemograman\Python\Batik\datasets\raw\dataset_augmented\batik-cendrawasih\aug_0_6232.jpeg,5,batik-cendrawasih,5,batik-cendrawasih,0.85055214,True
C:\Users\dzaki\OneDrive\Dokumen\Bahasa Pemograman\Python\Batik\datasets\raw\dataset_augmented\batik-cendrawasih\aug_0_6278.jpeg,5,batik-cendrawasih,5,batik-cendrawasih,0.64455664,True
C:\Users\dzaki\OneDrive\Dokumen\Bahasa Pemograman\Python\Batik\datasets\raw\dataset_augmented\batik-cendrawasih\aug_0_6464.jpeg,5,batik-cendrawasih,5,batik-cendrawasih,0.953361,True
C:\Users\dzaki\OneDrive\Dokumen\Bahasa Pemograman\Python\Batik\datasets\raw\dataset_augmented\batik-cendrawasih\aug_0_6676.jpeg,5,batik-cendrawasih,5,batik-cendrawasih,0.718285,True
C:\Users\dzaki\OneDrive\Dokumen\Bahasa Pemograman\Python\Batik\datasets\raw\dataset_augmented\batik-cendrawasih\aug_0_6759.jpeg,5,batik-cendrawasih,5,batik-cendrawasih,0.7597607,True
C:\Users\dzaki\OneDrive\Dokumen\Bahasa Pemograman\Python\Batik\datasets\raw\dataset_augmented\batik-cendrawasih\aug_0_685.jpeg,5,batik-cendrawasih,5,batik-cendrawasih,0.9050392,True
C:\Users\dzaki\OneDrive\Dokumen\Bahasa Pemograman\Python\Batik\datasets\raw\dataset_augmented\batik-cendrawasih\aug_0_6951.jpeg,5,batik-cendrawasih,5,batik-cendrawasih,0.53993344,True
C:\Users\dzaki\OneDrive\Dokumen\Bahasa Pemograman\Python\Batik\datasets\raw\dataset_augmented\batik-cendrawasih\aug_0_6985.jpeg,5,batik-cendrawasih,2,batik-bali,0.33223307,False
C:\Users\dzaki\OneDrive\Dokumen\Bahasa Pemograman\Python\Batik\datasets\raw\dataset_augmented\batik-cendrawasih\aug_0_7021.jpeg,5,batik-cendrawasih,20,batik-sogan,0.5806225,False
C:\Users\dzaki\OneDrive\Dokumen\Bahasa Pemograman\Python\Batik\datasets\raw\dataset_augmented\batik-cendrawasih\aug_0_7049.jpeg,5,batik-cendrawasih,5,batik-cendrawasih,0.7483845,True
C:\Users\dzaki\OneDrive\Dokumen\Bahasa Pemograman\Python\Batik\datasets\raw\dataset_augmented\batik-cendrawasih\aug_0_7410.jpeg,5,batik-cendrawasih,5,batik-cendrawasih,0.9343275,True
C:\Users\dzaki\OneDrive\Dokumen\Bahasa Pemograman\Python\Batik\datasets\raw\dataset_augmented\batik-cendrawasih\aug_0_742.jpeg,5,batik-cendrawasih,33,Sumatera_Barat_Rumah_Minang,0.35936677,False
C:\Users\dzaki\OneDrive\Dokumen\Bahasa Pemograman\Python\Batik\datasets\raw\dataset_augmented\batik-cendrawasih\aug_0_776.jpeg,5,batik-cendrawasih,5,batik-cendrawasih,0.3418983,True
C:\Users\dzaki\OneDrive\Dokumen\Bahasa Pemograman\Python\Batik\datasets\raw\dataset_augmented\batik-cendrawasih\aug_0_786.jpeg,5,batik-cendrawasih,5,batik-cendrawasih,0.96638685,True
C:\Users\dzaki\OneDrive\Dokumen\Bahasa Pemograman\Python\Batik\datasets\raw\dataset_augmented\batik-cendrawasih\aug_0_7865.jpeg,5,batik-cendrawasih,20,batik-sogan,0.39274728,False
C:\Users\dzaki\OneDrive\Dokumen\Bahasa Pemograman\Python\Batik\datasets\raw\dataset_augmented\batik-cendrawasih\aug_0_8338.jpeg,5,batik-cendrawasih,5,batik-cendrawasih,0.73101634,True
C:\Users\dzaki\OneDrive\Dokumen\Bahasa Pemograman\Python\Batik\datasets\raw\dataset_augmented\batik-cendrawasih\aug_0_8851.jpeg,5,batik-cendrawasih,5,batik-cendrawasih,0.61437637,True
C:\Users\dzaki\OneDrive\Dokumen\Bahasa Pemograman\Python\Batik\datasets\raw\dataset_augmented\batik-cendrawasih\aug_0_8970.jpeg,5,batik-cendrawasih,5,batik-cendrawasih,0.9356391,True
C:\Users\dzaki\OneDrive\Dokumen\Bahasa Pemograman\Python\Batik\datasets\raw\dataset_augmented\batik-cendrawasih\aug_0_8973.jpeg,5,batik-cendrawasih,5,batik-cendrawasih,0.56903094,True
C:\Users\dzaki\OneDrive\Dokumen\Bahasa Pemograman\Python\Batik\datasets\raw\dataset_augmented\batik-cendrawasih\aug_0_9016.jpeg,5,batik-cendrawasih,17,batik-sekar,0.56431764,False
C:\Users\dzaki\OneDrive\Dokumen\Bahasa Pemograman\Python\Batik\datasets\raw\dataset_augmented\batik-cendrawasih\aug_0_9517.jpeg,5,batik-cendrawasih,5,batik-cendrawasih,0.83499825,True
C:\Users\dzaki\OneDrive\Dokumen\Bahasa Pemograman\Python\Batik\datasets\raw\dataset_augmented\batik-cendrawasih\aug_0_9654.jpeg,5,batik-cendrawasih,5,batik-cendrawasih,0.9105986,True
C:\Users\dzaki\OneDrive\Dokumen\Bahasa Pemograman\Python\Batik\datasets\raw\dataset_augmented\batik-ceplok\aug_0_1217.jpeg,6,batik-ceplok,6,batik-ceplok,0.8118093,True
C:\Users\dzaki\OneDrive\Dokumen\Bahasa Pemograman\Python\Batik\datasets\raw\dataset_augmented\batik-ceplok\aug_0_122.jpeg,6,batik-ceplok,28,NTB_Lumbung,0.52814484,False
C:\Users\dzaki\OneDrive\Dokumen\Bahasa Pemograman\Python\Batik\datasets\raw\dataset_augmented\batik-ceplok\aug_0_124.jpeg,6,batik-ceplok,6,batik-ceplok,0.7252272,True
C:\Users\dzaki\OneDrive\Dokumen\Bahasa Pemograman\Python\Batik\datasets\raw\dataset_augmented\batik-ceplok\aug_0_1462.jpeg,6,batik-ceplok,5,batik-cendrawasih,0.55417234,False
C:\Users\dzaki\OneDrive\Dokumen\Bahasa Pemograman\Python\Batik\datasets\raw\dataset_augmented\batik-ceplok\aug_0_1880.jpeg,6,batik-ceplok,6,batik-ceplok,0.6831693,True
C:\Users\dzaki\OneDrive\Dokumen\Bahasa Pemograman\Python\Batik\datasets\raw\dataset_augmented\batik-ceplok\aug_0_1939.jpeg,6,batik-ceplok,6,batik-ceplok,0.88810664,True
C:\Users\dzaki\OneDrive\Dokumen\Bahasa Pemograman\Python\Batik\datasets\raw\dataset_augmented\batik-ceplok\aug_0_2501.jpeg,6,batik-ceplok,6,batik-ceplok,0.946993,True
C:\Users\dzaki\OneDrive\Dokumen\Bahasa Pemograman\Python\Batik\datasets\raw\dataset_augmented\batik-ceplok\aug_0_3328.jpeg,6,batik-ceplok,6,batik-ceplok,0.96742845,True
C:\Users\dzaki\OneDrive\Dokumen\Bahasa Pemograman\Python\Batik\datasets\raw\dataset_augmented\batik-ceplok\aug_0_3478.jpeg,6,batik-ceplok,10,batik-kawung,0.48199555,False
C:\Users\dzaki\OneDrive\Dokumen\Bahasa Pemograman\Python\Batik\datasets\raw\dataset_augmented\batik-ceplok\aug_0_3688.jpeg,6,batik-ceplok,6,batik-ceplok,0.94803303,True
C:\Users\dzaki\OneDrive\Dokumen\Bahasa Pemograman\Python\Batik\datasets\raw\dataset_augmented\batik-ceplok\aug_0_3746.jpeg,6,batik-ceplok,6,batik-ceplok,0.8100316,True
C:\Users\dzaki\OneDrive\Dokumen\Bahasa Pemograman\Python\Batik\datasets\raw\dataset_augmented\batik-ceplok\aug_0_420.jpeg,6,batik-ceplok,6,batik-ceplok,0.47859493,True
C:\Users\dzaki\OneDrive\Dokumen\Bahasa Pemograman\Python\Batik\datasets\raw\dataset_augmented\batik-ceplok\aug_0_4298.jpeg,6,batik-ceplok,6,batik-ceplok,0.7956753,True
C:\Users\dzaki\OneDrive\Dokumen\Bahasa Pemograman\Python\Batik\datasets\raw\dataset_augmented\batik-ceplok\aug_0_4438.jpeg,6,batik-ceplok,6,batik-ceplok,0.9757244,True
C:\Users\dzaki\OneDrive\Dokumen\Bahasa Pemograman\Python\Batik\datasets\raw\dataset_augmented\batik-ceplok\aug_0_4555.jpeg,6,batik-ceplok,6,batik-ceplok,0.9742507,True
C:\Users\dzaki\OneDrive\Dokumen\Bahasa Pemograman\Python\Batik\datasets\raw\dataset_augmented\batik-ceplok\aug_0_483.jpeg,6,batik-ceplok,6,batik-ceplok,0.99271435,True
C:\Users\dzaki\OneDrive\Dokumen\Bahasa Pemograman\Python\Batik\datasets\raw\dataset_augmented\batik-ceplok\aug_0_504.jpeg,6,batik-ceplok,6,batik-ceplok,0.9395775,True
C:\Users\dzaki\OneDrive\Dokumen\Bahasa Pemograman\Python\Batik\datasets\raw\dataset_augmented\batik-ceplok\aug_0_5596.jpeg,6,batik-ceplok,34,Sumatera_Utara_Boraspati,0.66119504,False
C:\Users\dzaki\OneDrive\Dokumen\Bahasa Pemograman\Python\Batik\datasets\raw\dataset_augmented\batik-ceplok\aug_0_5944.jpeg,6,batik-ceplok,6,batik-ceplok,0.5742759,True
C:\Users\dzaki\OneDrive\Dokumen\Bahasa Pemograman\Python\Batik\datasets\raw\dataset_augmented\batik-ceplok\aug_0_6065.jpeg,6,batik-ceplok,6,batik-ceplok,0.98879576,True
C:\Users\dzaki\OneDrive\Dokumen\Bahasa Pemograman\Python\Batik\datasets\raw\dataset_augmented\batik-ceplok\aug_0_6152.jpeg,6,batik-ceplok,6,batik-ceplok,0.948195,True
C:\Users\dzaki\OneDrive\Dokumen\Bahasa Pemograman\Python\Batik\datasets\raw\dataset_augmented\batik-ceplok\aug_0_6609.jpeg,6,batik-ceplok,6,batik-ceplok,0.91824734,True
C:\Users\dzaki\OneDrive\Dokumen\Bahasa Pemograman\Python\Batik\datasets\raw\dataset_augmented\batik-ceplok\aug_0_6640.jpeg,6,batik-ceplok,6,batik-ceplok,0.70759565,True
C:\Users\dzaki\OneDrive\Dokumen\Bahasa Pemograman\Python\Batik\datasets\raw\dataset_augmented\batik-ceplok\aug_0_7268.jpeg,6,batik-ceplok,20,batik-sogan,0.3239186,False
C:\Users\dzaki\OneDrive\Dokumen\Bahasa Pemograman\Python\Batik\datasets\raw\dataset_augmented\batik-ceplok\aug_0_7932.jpeg,6,batik-ceplok,6,batik-ceplok,0.2833034,True
C:\Users\dzaki\OneDrive\Dokumen\Bahasa Pemograman\Python\Batik\datasets\raw\dataset_augmented\batik-ceplok\aug_0_7965.jpeg,6,batik-ceplok,21,batik-tambal,0.68399286,False
C:\Users\dzaki\OneDrive\Dokumen\Bahasa Pemograman\Python\Batik\datasets\raw\dataset_augmented\batik-ceplok\aug_0_8179.jpeg,6,batik-ceplok,21,batik-tambal,0.51277137,False
C:\Users\dzaki\OneDrive\Dokumen\Bahasa Pemograman\Python\Batik\datasets\raw\dataset_augmented\batik-ceplok\aug_0_8912.jpeg,6,batik-ceplok,21,batik-tambal,0.23619433,False
C:\Users\dzaki\OneDrive\Dokumen\Bahasa Pemograman\Python\Batik\datasets\raw\dataset_augmented\batik-ceplok\aug_0_8915.jpeg,6,batik-ceplok,6,batik-ceplok,0.72788244,True
C:\Users\dzaki\OneDrive\Dokumen\Bahasa Pemograman\Python\Batik\datasets\raw\dataset_augmented\batik-ceplok\aug_0_8935.jpeg,6,batik-ceplok,6,batik-ceplok,0.9078861,True
C:\Users\dzaki\OneDrive\Dokumen\Bahasa Pemograman\Python\Batik\datasets\raw\dataset_augmented\batik-ceplok\aug_0_902.jpeg,6,batik-ceplok,6,batik-ceplok,0.6890806,True
C:\Users\dzaki\OneDrive\Dokumen\Bahasa Pemograman\Python\Batik\datasets\raw\dataset_augmented\batik-ceplok\aug_0_9076.jpeg,6,batik-ceplok,6,batik-ceplok,0.99861574,True
C:\Users\dzaki\OneDrive\Dokumen\Bahasa Pemograman\Python\Batik\datasets\raw\dataset_augmented\batik-ceplok\aug_0_948.jpeg,6,batik-ceplok,10,batik-kawung,0.61574125,False
C:\Users\dzaki\OneDrive\Dokumen\Bahasa Pemograman\Python\Batik\datasets\raw\dataset_augmented\batik-ceplok\aug_0_9738.jpeg,6,batik-ceplok,21,batik-tambal,0.8266683,False
C:\Users\dzaki\OneDrive\Dokumen\Bahasa Pemograman\Python\Batik\datasets\raw\dataset_augmented\batik-ciamis\aug_0_1254.jpeg,7,batik-ciamis,7,batik-ciamis,0.60510385,True
C:\Users\dzaki\OneDrive\Dokumen\Bahasa Pemograman\Python\Batik\datasets\raw\dataset_augmented\batik-ciamis\aug_0_1637.jpeg,7,batik-ciamis,27,Maluku_Pala,0.5661747,False
C:\Users\dzaki\OneDrive\Dokumen\Bahasa Pemograman\Python\Batik\datasets\raw\dataset_augmented\batik-ciamis\aug_0_2156.jpeg,7,batik-ciamis,33,Sumatera_Barat_Rumah_Minang,0.35751435,False
C:\Users\dzaki\OneDrive\Dokumen\Bahasa Pemograman\Python\Batik\datasets\raw\dataset_augmented\batik-ciamis\aug_0_2457.jpeg,7,batik-ciamis,16,batik-priangan,0.49309355,False
C:\Users\dzaki\OneDrive\Dokumen\Bahasa Pemograman\Python\Batik\datasets\raw\dataset_augmented\batik-ciamis\aug_0_2471.jpeg,7,batik-ciamis,7,batik-ciamis,0.9984484,True
C:\Users\dzaki\OneDrive\Dokumen\Bahasa Pemograman\Python\Batik\datasets\raw\dataset_augmented\batik-ciamis\aug_0_3519.jpeg,7,batik-ciamis,33,Sumatera_Barat_Rumah_Minang,0.19885264,False
C:\Users\dzaki\OneDrive\Dokumen\Bahasa Pemograman\Python\Batik\datasets\raw\dataset_augmented\batik-ciamis\aug_0_362.jpeg,7,batik-ciamis,7,batik-ciamis,0.61140054,True
C:\Users\dzaki\OneDrive\Dokumen\Bahasa Pemograman\Python\Batik\datasets\raw\dataset_augmented\batik-ciamis\aug_0_3626.jpeg,7,batik-ciamis,7,batik-ciamis,0.57102466,True
C:\Users\dzaki\OneDrive\Dokumen\Bahasa Pemograman\Python\Batik\datasets\raw\dataset_augmented\batik-ciamis\aug_0_3732.jpeg,7,batik-ciamis,7,batik-ciamis,0.31672013,True
C:\Users\dzaki\OneDrive\Dokumen\Bahasa Pemograman\Python\Batik\datasets\raw\dataset_augmented\batik-ciamis\aug_0_3756.jpeg,7,batik-ciamis,10,batik-kawung,0.29255703,False
C:\Users\dzaki\OneDrive\Dokumen\Bahasa Pemograman\Python\Batik\datasets\raw\dataset_augmented\batik-ciamis\aug_0_3889.jpeg,7,batik-ciamis,7,batik-ciamis,0.22787912,True
C:\Users\dzaki\OneDrive\Dokumen\Bahasa Pemograman\Python\Batik\datasets\raw\dataset_augmented\batik-ciamis\aug_0_3977.jpeg,7,batik-ciamis,2,batik-bali,0.2791585,False
C:\Users\dzaki\OneDrive\Dokumen\Bahasa Pemograman\Python\Batik\datasets\raw\dataset_augmented\batik-ciamis\aug_0_4010.jpeg,7,batik-ciamis,7,batik-ciamis,0.25257424,True
C:\Users\dzaki\OneDrive\Dokumen\Bahasa Pemograman\Python\Batik\datasets\raw\dataset_augmented\batik-ciamis\aug_0_4158.jpeg,7,batik-ciamis,7,batik-ciamis,0.6431842,True
C:\Users\dzaki\OneDrive\Dokumen\Bahasa Pemograman\Python\Batik\datasets\raw\dataset_augmented\batik-ciamis\aug_0_4373.jpeg,7,batik-ciamis,7,batik-ciamis,0.34125662,True
C:\Users\dzaki\OneDrive\Dokumen\Bahasa Pemograman\Python\Batik\datasets\raw\dataset_augmented\batik-ciamis\aug_0_4411.jpeg,7,batik-ciamis,21,batik-tambal,0.40546665,False
C:\Users\dzaki\OneDrive\Dokumen\Bahasa Pemograman\Python\Batik\datasets\raw\dataset_augmented\batik-ciamis\aug_0_456.jpeg,7,batik-ciamis,7,batik-ciamis,0.627717,True
C:\Users\dzaki\OneDrive\Dokumen\Bahasa Pemograman\Python\Batik\datasets\raw\dataset_augmented\batik-ciamis\aug_0_4576.jpeg,7,batik-ciamis,7,batik-ciamis,0.786272,True
C:\Users\dzaki\OneDrive\Dokumen\Bahasa Pemograman\Python\Batik\datasets\raw\dataset_augmented\batik-ciamis\aug_0_4621.jpeg,7,batik-ciamis,7,batik-ciamis,0.55808264,True
C:\Users\dzaki\OneDrive\Dokumen\Bahasa Pemograman\Python\Batik\datasets\raw\dataset_augmented\batik-ciamis\aug_0_5005.jpeg,7,batik-ciamis,16,batik-priangan,0.7485271,False
C:\Users\dzaki\OneDrive\Dokumen\Bahasa Pemograman\Python\Batik\datasets\raw\dataset_augmented\batik-ciamis\aug_0_5089.jpeg,7,batik-ciamis,20,batik-sogan,0.35426584,False
C:\Users\dzaki\OneDrive\Dokumen\Bahasa Pemograman\Python\Batik\datasets\raw\dataset_augmented\batik-ciamis\aug_0_5247.jpeg,7,batik-ciamis,15,batik-pekalongan,0.41066107,False
C:\Users\dzaki\OneDrive\Dokumen\Bahasa Pemograman\Python\Batik\datasets\raw\dataset_augmented\batik-ciamis\aug_0_5304.jpeg,7,batik-ciamis,7,batik-ciamis,0.66603005,True
C:\Users\dzaki\OneDrive\Dokumen\Bahasa Pemograman\Python\Batik\datasets\raw\dataset_augmented\batik-ciamis\aug_0_5407.jpeg,7,batik-ciamis,2,batik-bali,0.33976164,False
C:\Users\dzaki\OneDrive\Dokumen\Bahasa Pemograman\Python\Batik\datasets\raw\dataset_augmented\batik-ciamis\aug_0_5489.jpeg,7,batik-ciamis,7,batik-ciamis,0.8745711,True
C:\Users\dzaki\OneDrive\Dokumen\Bahasa Pemograman\Python\Batik\datasets\raw\dataset_augmented\batik-ciamis\aug_0_6117.jpeg,7,batik-ciamis,7,batik-ciamis,0.922597,True
C:\Users\dzaki\OneDrive\Dokumen\Bahasa Pemograman\Python\Batik\datasets\raw\dataset_augmented\batik-ciamis\aug_0_6653.jpeg,7,batik-ciamis,7,batik-ciamis,0.98598635,True
C:\Users\dzaki\OneDrive\Dokumen\Bahasa Pemograman\Python\Batik\datasets\raw\dataset_augmented\batik-ciamis\aug_0_7000.jpeg,7,batik-ciamis,7,batik-ciamis,0.68125767,True
C:\Users\dzaki\OneDrive\Dokumen\Bahasa Pemograman\Python\Batik\datasets\raw\dataset_augmented\batik-ciamis\aug_0_7485.jpeg,7,batik-ciamis,16,batik-priangan,0.20922248,False
C:\Users\dzaki\OneDrive\Dokumen\Bahasa Pemograman\Python\Batik\datasets\raw\dataset_augmented\batik-ciamis\aug_0_8380.jpeg,7,batik-ciamis,7,batik-ciamis,0.97537136,True
C:\Users\dzaki\OneDrive\Dokumen\Bahasa Pemograman\Python\Batik\datasets\raw\dataset_augmented\batik-ciamis\aug_0_8608.jpeg,7,batik-ciamis,16,batik-priangan,0.6576755,False
C:\Users\dzaki\OneDrive\Dokumen\Bahasa Pemograman\Python\Batik\datasets\raw\dataset_augmented\batik-ciamis\aug_0_8956.jpeg,7,batik-ciamis,7,batik-ciamis,0.5299263,True
C:\Users\dzaki\OneDrive\Dokumen\Bahasa Pemograman\Python\Batik\datasets\raw\dataset_augmented\batik-ciamis\aug_0_9094.jpeg,7,batik-ciamis,7,batik-ciamis,0.3237441,True
C:\Users\dzaki\OneDrive\Dokumen\Bahasa Pemograman\Python\Batik\datasets\raw\dataset_augmented\batik-ciamis\aug_0_9120.jpeg,7,batik-ciamis,32,Sulawesi_Selatan_Lontara,0.24519902,False
C:\Users\dzaki\OneDrive\Dokumen\Bahasa Pemograman\Python\Batik\datasets\raw\dataset_augmented\batik-ciamis\aug_0_920.jpeg,7,batik-ciamis,2,batik-bali,0.3250727,False
C:\Users\dzaki\OneDrive\Dokumen\Bahasa Pemograman\Python\Batik\datasets\raw\dataset_augmented\batik-ciamis\aug_0_943.jpeg,7,batik-ciamis,7,batik-ciamis,0.4340786,True
C:\Users\dzaki\OneDrive\Dokumen\Bahasa Pemograman\Python\Batik\datasets\raw\dataset_augmented\batik-ciamis\aug_0_9562.jpeg,7,batik-ciamis,7,batik-ciamis,0.50158554,True
C:\Users\dzaki\OneDrive\Dokumen\Bahasa Pemograman\Python\Batik\datasets\raw\dataset_augmented\batik-ciamis\aug_0_974.jpeg,7,batik-ciamis,16,batik-priangan,0.9880735,False
C:\Users\dzaki\OneDrive\Dokumen\Bahasa Pemograman\Python\Batik\datasets\raw\dataset_augmented\batik-ciamis\aug_0_9769.jpeg,7,batik-ciamis,33,Sumatera_Barat_Rumah_Minang,0.22287863,False
C:\Users\dzaki\OneDrive\Dokumen\Bahasa Pemograman\Python\Batik\datasets\raw\dataset_augmented\batik-ciamis\aug_0_9802.jpeg,7,batik-ciamis,7,batik-ciamis,0.3144329,True
C:\Users\dzaki\OneDrive\Dokumen\Bahasa Pemograman\Python\Batik\datasets\raw\dataset_augmented\batik-ciamis\aug_0_984.jpeg,7,batik-ciamis,7,batik-ciamis,0.826428,True
C:\Users\dzaki\OneDrive\Dokumen\Bahasa Pemograman\Python\Batik\datasets\raw\dataset_augmented\batik-garutan\aug_0_1385.jpeg,8,batik-garutan,8,batik-garutan,0.20213881,True
C:\Users\dzaki\OneDrive\Dokumen\Bahasa Pemograman\Python\Batik\datasets\raw\dataset_augmented\batik-garutan\aug_0_1690.jpeg,8,batik-garutan,8,batik-garutan,0.9286524,True
C:\Users\dzaki\OneDrive\Dokumen\Bahasa Pemograman\Python\Batik\datasets\raw\dataset_augmented\batik-garutan\aug_0_1752.jpeg,8,batik-garutan,8,batik-garutan,0.6364753,True
C:\Users\dzaki\OneDrive\Dokumen\Bahasa Pemograman\Python\Batik\datasets\raw\dataset_augmented\batik-garutan\aug_0_2095.jpeg,8,batik-garutan,8,batik-garutan,0.9488567,True
C:\Users\dzaki\OneDrive\Dokumen\Bahasa Pemograman\Python\Batik\datasets\raw\dataset_augmented\batik-garutan\aug_0_2147.jpeg,8,batik-garutan,31,Papua_Tifa,0.21806486,False
C:\Users\dzaki\OneDrive\Dokumen\Bahasa Pemograman\Python\Batik\datasets\raw\dataset_augmented\batik-garutan\aug_0_2219.jpeg,8,batik-garutan,8,batik-garutan,0.7910313,True
C:\Users\dzaki\OneDrive\Dokumen\Bahasa Pemograman\Python\Batik\datasets\raw\dataset_augmented\batik-garutan\aug_0_2793.jpeg,8,batik-garutan,8,batik-garutan,0.98208517,True
C:\Users\dzaki\OneDrive\Dokumen\Bahasa Pemograman\Python\Batik\datasets\raw\dataset_augmented\batik-garutan\aug_0_3076.jpeg,8,batik-garutan,8,batik-garutan,0.7154908,True
C:\Users\dzaki\OneDrive\Dokumen\Bahasa Pemograman\Python\Batik\datasets\raw\dataset_augmented\batik-garutan\aug_0_315.jpeg,8,batik-garutan,8,batik-garutan,0.9961332,True
C:\Users\dzaki\OneDrive\Dokumen\Bahasa Pemograman\Python\Batik\datasets\raw\dataset_augmented\batik-garutan\aug_0_317.jpeg,8,batik-garutan,8,batik-garutan,0.9915685,True
C:\Users\dzaki\OneDrive\Dokumen\Bahasa Pemograman\Python\Batik\datasets\raw\dataset_augmented\batik-garutan\aug_0_3187.jpeg,8,batik-garutan,8,batik-garutan,0.83547556,True
C:\Users\dzaki\OneDrive\Dokumen\Bahasa Pemograman\Python\Batik\datasets\raw\dataset_augmented\batik-garutan\aug_0_3262.jpeg,8,batik-garutan,8,batik-garutan,0.79889566,True
C:\Users\dzaki\OneDrive\Dokumen\Bahasa Pemograman\Python\Batik\datasets\raw\dataset_augmented\batik-garutan\aug_0_3358.jpeg,8,batik-garutan,8,batik-garutan,0.97551525,True
C:\Users\dzaki\OneDrive\Dokumen\Bahasa Pemograman\Python\Batik\datasets\raw\dataset_augmented\batik-garutan\aug_0_3603.jpeg,8,batik-garutan,8,batik-garutan,0.9923099,True
C:\Users\dzaki\OneDrive\Dokumen\Bahasa Pemograman\Python\Batik\datasets\raw\dataset_augmented\batik-garutan\aug_0_3686.jpeg,8,batik-garutan,8,batik-garutan,0.7633094,True
C:\Users\dzaki\OneDrive\Dokumen\Bahasa Pemograman\Python\Batik\datasets\raw\dataset_augmented\batik-garutan\aug_0_3921.jpeg,8,batik-garutan,8,batik-garutan,0.9553874,True
C:\Users\dzaki\OneDrive\Dokumen\Bahasa Pemograman\Python\Batik\datasets\raw\dataset_augmented\batik-garutan\aug_0_3945.jpeg,8,batik-garutan,8,batik-garutan,0.44250894,True
C:\Users\dzaki\OneDrive\Dokumen\Bahasa Pemograman\Python\Batik\datasets\raw\dataset_augmented\batik-garutan\aug_0_4261.jpeg,8,batik-garutan,8,batik-garutan,0.991239,True
C:\Users\dzaki\OneDrive\Dokumen\Bahasa Pemograman\Python\Batik\datasets\raw\dataset_augmented\batik-garutan\aug_0_4540.jpeg,8,batik-garutan,8,batik-garutan,0.71620697,True
C:\Users\dzaki\OneDrive\Dokumen\Bahasa Pemograman\Python\Batik\datasets\raw\dataset_augmented\batik-garutan\aug_0_458.jpeg,8,batik-garutan,15,batik-pekalongan,0.7784695,False
C:\Users\dzaki\OneDrive\Dokumen\Bahasa Pemograman\Python\Batik\datasets\raw\dataset_augmented\batik-garutan\aug_0_4642.jpeg,8,batik-garutan,8,batik-garutan,0.99632335,True
C:\Users\dzaki\OneDrive\Dokumen\Bahasa Pemograman\Python\Batik\datasets\raw\dataset_augmented\batik-garutan\aug_0_4936.jpeg,8,batik-garutan,8,batik-garutan,0.9514298,True
C:\Users\dzaki\OneDrive\Dokumen\Bahasa Pemograman\Python\Batik\datasets\raw\dataset_augmented\batik-garutan\aug_0_4985.jpeg,8,batik-garutan,8,batik-garutan,0.9970931,True
C:\Users\dzaki\OneDrive\Dokumen\Bahasa Pemograman\Python\Batik\datasets\raw\dataset_augmented\batik-garutan\aug_0_5149.jpeg,8,batik-garutan,8,batik-garutan,0.46423072,True
C:\Users\dzaki\OneDrive\Dokumen\Bahasa Pemograman\Python\Batik\datasets\raw\dataset_augmented\batik-garutan\aug_0_5933.jpeg,8,batik-garutan,2,batik-bali,0.28656182,False
C:\Users\dzaki\OneDrive\Dokumen\Bahasa Pemograman\Python\Batik\datasets\raw\dataset_augmented\batik-garutan\aug_0_6022.jpeg,8,batik-garutan,8,batik-garutan,0.9633995,True
C:\Users\dzaki\OneDrive\Dokumen\Bahasa Pemograman\Python\Batik\datasets\raw\dataset_augmented\batik-garutan\aug_0_6083.jpeg,8,batik-garutan,8,batik-garutan,0.92049307,True
C:\Users\dzaki\OneDrive\Dokumen\Bahasa Pemograman\Python\Batik\datasets\raw\dataset_augmented\batik-garutan\aug_0_6457.jpeg,8,batik-garutan,8,batik-garutan,0.94337004,True
C:\Users\dzaki\OneDrive\Dokumen\Bahasa Pemograman\Python\Batik\datasets\raw\dataset_augmented\batik-garutan\aug_0_6633.jpeg,8,batik-garutan,8,batik-garutan,0.5780014,True
C:\Users\dzaki\OneDrive\Dokumen\Bahasa Pemograman\Python\Batik\datasets\raw\dataset_augmented\batik-garutan\aug_0_6687.jpeg,8,batik-garutan,8,batik-garutan,0.97763616,True
C:\Users\dzaki\OneDrive\Dokumen\Bahasa Pemograman\Python\Batik\datasets\raw\dataset_augmented\batik-garutan\aug_0_7072.jpeg,8,batik-garutan,8,batik-garutan,0.99495924,True
C:\Users\dzaki\OneDrive\Dokumen\Bahasa Pemograman\Python\Batik\datasets\raw\dataset_augmented\batik-garutan\aug_0_7217.jpeg,8,batik-garutan,8,batik-garutan,0.80253845,True
C:\Users\dzaki\OneDrive\Dokumen\Bahasa Pemograman\Python\Batik\datasets\raw\dataset_augmented\batik-garutan\aug_0_7564.jpeg,8,batik-garutan,8,batik-garutan,0.3814402,True
C:\Users\dzaki\OneDrive\Dokumen\Bahasa Pemograman\Python\Batik\datasets\raw\dataset_augmented\batik-garutan\aug_0_7618.jpeg,8,batik-garutan,8,batik-garutan,0.75540555,True
C:\Users\dzaki\OneDrive\Dokumen\Bahasa Pemograman\Python\Batik\datasets\raw\dataset_augmented\batik-garutan\aug_0_7673.jpeg,8,batik-garutan,8,batik-garutan,0.97914904,True
C:\Users\dzaki\OneDrive\Dokumen\Bahasa Pemograman\Python\Batik\datasets\raw\dataset_augmented\batik-garutan\aug_0_7820.jpeg,8,batik-garutan,8,batik-garutan,0.89965296,True
C:\Users\dzaki\OneDrive\Dokumen\Bahasa Pemograman\Python\Batik\datasets\raw\dataset_augmented\batik-garutan\aug_0_8172.jpeg,8,batik-garutan,8,batik-garutan,0.5915491,True
C:\Users\dzaki\OneDrive\Dokumen\Bahasa Pemograman\Python\Batik\datasets\raw\dataset_augmented\batik-garutan\aug_0_8353.jpeg,8,batik-garutan,8,batik-garutan,0.7398573,True
C:\Users\dzaki\OneDrive\Dokumen\Bahasa Pemograman\Python\Batik\datasets\raw\dataset_augmented\batik-garutan\aug_0_8569.jpeg,8,batik-garutan,8,batik-garutan,0.98771614,True
C:\Users\dzaki\OneDrive\Dokumen\Bahasa Pemograman\Python\Batik\datasets\raw\dataset_augmented\batik-garutan\aug_0_865.jpeg,8,batik-garutan,8,batik-garutan,0.9816124,True
C:\Users\dzaki\OneDrive\Dokumen\Bahasa Pemograman\Python\Batik\datasets\raw\dataset_augmented\batik-garutan\aug_0_9022.jpeg,8,batik-garutan,3,batik-betawi,0.2274331,False
C:\Users\dzaki\OneDrive\Dokumen\Bahasa Pemograman\Python\Batik\datasets\raw\dataset_augmented\batik-garutan\aug_0_9059.jpeg,8,batik-garutan,8,batik-garutan,0.9876589,True
C:\Users\dzaki\OneDrive\Dokumen\Bahasa Pemograman\Python\Batik\datasets\raw\dataset_augmented\batik-garutan\aug_0_9218.jpeg,8,batik-garutan,8,batik-garutan,0.55909014,True
C:\Users\dzaki\OneDrive\Dokumen\Bahasa Pemograman\Python\Batik\datasets\raw\dataset_augmented\batik-garutan\aug_0_9224.jpeg,8,batik-garutan,8,batik-garutan,0.21318315,True
C:\Users\dzaki\OneDrive\Dokumen\Bahasa Pemograman\Python\Batik\datasets\raw\dataset_augmented\batik-garutan\aug_0_9324.jpeg,8,batik-garutan,8,batik-garutan,0.95897317,True
C:\Users\dzaki\OneDrive\Dokumen\Bahasa Pemograman\Python\Batik\datasets\raw\dataset_augmented\batik-garutan\aug_0_9502.jpeg,8,batik-garutan,8,batik-garutan,0.99170387,True
C:\Users\dzaki\OneDrive\Dokumen\Bahasa Pemograman\Python\Batik\datasets\raw\dataset_augmented\batik-garutan\aug_0_9525.jpeg,8,batik-garutan,8,batik-garutan,0.5758995,True
C:\Users\dzaki\OneDrive\Dokumen\Bahasa Pemograman\Python\Batik\datasets\raw\dataset_augmented\batik-garutan\aug_0_9704.jpeg,8,batik-garutan,8,batik-garutan,0.9688705,True
C:\Users\dzaki\OneDrive\Dokumen\Bahasa Pemograman\Python\Batik\datasets\raw\dataset_augmented\batik-garutan\aug_0_9846.jpeg,8,batik-garutan,8,batik-garutan,0.96656746,True
C:\Users\dzaki\OneDrive\Dokumen\Bahasa Pemograman\Python\Batik\datasets\raw\dataset_augmented\batik-garutan\aug_0_9904.jpeg,8,batik-garutan,8,batik-garutan,0.9792991,True
C:\Users\dzaki\OneDrive\Dokumen\Bahasa Pemograman\Python\Batik\datasets\raw\dataset_augmented\batik-gentongan\aug_0_1048.jpeg,9,batik-gentongan,9,batik-gentongan,0.2348574,True
C:\Users\dzaki\OneDrive\Dokumen\Bahasa Pemograman\Python\Batik\datasets\raw\dataset_augmented\batik-gentongan\aug_0_1096.jpeg,9,batik-gentongan,9,batik-gentongan,0.94849014,True
C:\Users\dzaki\OneDrive\Dokumen\Bahasa Pemograman\Python\Batik\datasets\raw\dataset_augmented\batik-gentongan\aug_0_1175.jpeg,9,batik-gentongan,9,batik-gentongan,0.8827442,True
C:\Users\dzaki\OneDrive\Dokumen\Bahasa Pemograman\Python\Batik\datasets\raw\dataset_augmented\batik-gentongan\aug_0_1548.jpeg,9,batik-gentongan,9,batik-gentongan,0.8883837,True
C:\Users\dzaki\OneDrive\Dokumen\Bahasa Pemograman\Python\Batik\datasets\raw\dataset_augmented\batik-gentongan\aug_0_1729.jpeg,9,batik-gentongan,2,batik-bali,0.5741666,False
C:\Users\dzaki\OneDrive\Dokumen\Bahasa Pemograman\Python\Batik\datasets\raw\dataset_augmented\batik-gentongan\aug_0_198.jpeg,9,batik-gentongan,9,batik-gentongan,0.73578143,True
C:\Users\dzaki\OneDrive\Dokumen\Bahasa Pemograman\Python\Batik\datasets\raw\dataset_augmented\batik-gentongan\aug_0_2170.jpeg,9,batik-gentongan,13,batik-megamendung,0.87079567,False
C:\Users\dzaki\OneDrive\Dokumen\Bahasa Pemograman\Python\Batik\datasets\raw\dataset_augmented\batik-gentongan\aug_0_2217.jpeg,9,batik-gentongan,9,batik-gentongan,0.998587,True
C:\Users\dzaki\OneDrive\Dokumen\Bahasa Pemograman\Python\Batik\datasets\raw\dataset_augmented\batik-gentongan\aug_0_2324.jpeg,9,batik-gentongan,15,batik-pekalongan,0.28689983,False
C:\Users\dzaki\OneDrive\Dokumen\Bahasa Pemograman\Python\Batik\datasets\raw\dataset_augmented\batik-gentongan\aug_0_2430.jpeg,9,batik-gentongan,3,batik-betawi,0.30236936,False
C:\Users\dzaki\OneDrive\Dokumen\Bahasa Pemograman\Python\Batik\datasets\raw\dataset_augmented\batik-gentongan\aug_0_279.jpeg,9,batik-gentongan,9,batik-gentongan,0.91443413,True
C:\Users\dzaki\OneDrive\Dokumen\Bahasa Pemograman\Python\Batik\datasets\raw\dataset_augmented\batik-gentongan\aug_0_3007.jpeg,9,batik-gentongan,16,batik-priangan,0.6092904,False
C:\Users\dzaki\OneDrive\Dokumen\Bahasa Pemograman\Python\Batik\datasets\raw\dataset_augmented\batik-gentongan\aug_0_3175.jpeg,9,batik-gentongan,25,Lampung_Gajah,0.15070817,False
C:\Users\dzaki\OneDrive\Dokumen\Bahasa Pemograman\Python\Batik\datasets\raw\dataset_augmented\batik-gentongan\aug_0_3203.jpeg,9,batik-gentongan,9,batik-gentongan,0.99067557,True
C:\Users\dzaki\OneDrive\Dokumen\Bahasa Pemograman\Python\Batik\datasets\raw\dataset_augmented\batik-gentongan\aug_0_3340.jpeg,9,batik-gentongan,19,batik-sidomukti,0.3002969,False
C:\Users\dzaki\OneDrive\Dokumen\Bahasa Pemograman\Python\Batik\datasets\raw\dataset_augmented\batik-gentongan\aug_0_3561.jpeg,9,batik-gentongan,2,batik-bali,0.25522202,False
C:\Users\dzaki\OneDrive\Dokumen\Bahasa Pemograman\Python\Batik\datasets\raw\dataset_augmented\batik-gentongan\aug_0_408.jpeg,9,batik-gentongan,2,batik-bali,0.75800616,False
C:\Users\dzaki\OneDrive\Dokumen\Bahasa Pemograman\Python\Batik\datasets\raw\dataset_augmented\batik-gentongan\aug_0_4324.jpeg,9,batik-gentongan,9,batik-gentongan,0.9563534,True
C:\Users\dzaki\OneDrive\Dokumen\Bahasa Pemograman\Python\Batik\datasets\raw\dataset_augmented\batik-gentongan\aug_0_4591.jpeg,9,batik-gentongan,9,batik-gentongan,0.9674507,True
C:\Users\dzaki\OneDrive\Dokumen\Bahasa Pemograman\Python\Batik\datasets\raw\dataset_augmented\batik-gentongan\aug_0_4729.jpeg,9,batik-gentongan,17,batik-sekar,0.24996838,False
C:\Users\dzaki\OneDrive\Dokumen\Bahasa Pemograman\Python\Batik\datasets\raw\dataset_augmented\batik-gentongan\aug_0_478.jpeg,9,batik-gentongan,9,batik-gentongan,0.9035513,True
C:\Users\dzaki\OneDrive\Dokumen\Bahasa Pemograman\Python\Batik\datasets\raw\dataset_augmented\batik-gentongan\aug_0_4818.jpeg,9,batik-gentongan,9,batik-gentongan,0.6219508,True
C:\Users\dzaki\OneDrive\Dokumen\Bahasa Pemograman\Python\Batik\datasets\raw\dataset_augmented\batik-gentongan\aug_0_4832.jpeg,9,batik-gentongan,9,batik-gentongan,0.3019623,True
C:\Users\dzaki\OneDrive\Dokumen\Bahasa Pemograman\Python\Batik\datasets\raw\dataset_augmented\batik-gentongan\aug_0_4906.jpeg,9,batik-gentongan,12,batik-lasem,0.39530143,False
C:\Users\dzaki\OneDrive\Dokumen\Bahasa Pemograman\Python\Batik\datasets\raw\dataset_augmented\batik-gentongan\aug_0_5086.jpeg,9,batik-gentongan,9,batik-gentongan,0.40347347,True
C:\Users\dzaki\OneDrive\Dokumen\Bahasa Pemograman\Python\Batik\datasets\raw\dataset_augmented\batik-gentongan\aug_0_5175.jpeg,9,batik-gentongan,12,batik-lasem,0.26027313,False
C:\Users\dzaki\OneDrive\Dokumen\Bahasa Pemograman\Python\Batik\datasets\raw\dataset_augmented\batik-gentongan\aug_0_5587.jpeg,9,batik-gentongan,9,batik-gentongan,0.586882,True
C:\Users\dzaki\OneDrive\Dokumen\Bahasa Pemograman\Python\Batik\datasets\raw\dataset_augmented\batik-gentongan\aug_0_5656.jpeg,9,batik-gentongan,9,batik-gentongan,0.28764126,True
C:\Users\dzaki\OneDrive\Dokumen\Bahasa Pemograman\Python\Batik\datasets\raw\dataset_augmented\batik-gentongan\aug_0_5661.jpeg,9,batik-gentongan,9,batik-gentongan,0.82720023,True
C:\Users\dzaki\OneDrive\Dokumen\Bahasa Pemograman\Python\Batik\datasets\raw\dataset_augmented\batik-gentongan\aug_0_5917.jpeg,9,batik-gentongan,9,batik-gentongan,0.88678527,True
C:\Users\dzaki\OneDrive\Dokumen\Bahasa Pemograman\Python\Batik\datasets\raw\dataset_augmented\batik-gentongan\aug_0_6252.jpeg,9,batik-gentongan,2,batik-bali,0.24972886,False
C:\Users\dzaki\OneDrive\Dokumen\Bahasa Pemograman\Python\Batik\datasets\raw\dataset_augmented\batik-gentongan\aug_0_6286.jpeg,9,batik-gentongan,2,batik-bali,0.30685207,False
C:\Users\dzaki\OneDrive\Dokumen\Bahasa Pemograman\Python\Batik\datasets\raw\dataset_augmented\batik-gentongan\aug_0_6288.jpeg,9,batik-gentongan,9,batik-gentongan,0.71969765,True
C:\Users\dzaki\OneDrive\Dokumen\Bahasa Pemograman\Python\Batik\datasets\raw\dataset_augmented\batik-gentongan\aug_0_6347.jpeg,9,batik-gentongan,9,batik-gentongan,0.7005783,True
C:\Users\dzaki\OneDrive\Dokumen\Bahasa Pemograman\Python\Batik\datasets\raw\dataset_augmented\batik-gentongan\aug_0_6817.jpeg,9,batik-gentongan,2,batik-bali,0.17317027,False
C:\Users\dzaki\OneDrive\Dokumen\Bahasa Pemograman\Python\Batik\datasets\raw\dataset_augmented\batik-gentongan\aug_0_6947.jpeg,9,batik-gentongan,9,batik-gentongan,0.83779544,True
C:\Users\dzaki\OneDrive\Dokumen\Bahasa Pemograman\Python\Batik\datasets\raw\dataset_augmented\batik-gentongan\aug_0_7085.jpeg,9,batik-gentongan,9,batik-gentongan,0.33804572,True
C:\Users\dzaki\OneDrive\Dokumen\Bahasa Pemograman\Python\Batik\datasets\raw\dataset_augmented\batik-gentongan\aug_0_7125.jpeg,9,batik-gentongan,9,batik-gentongan,0.9660313,True
C:\Users\dzaki\OneDrive\Dokumen\Bahasa Pemograman\Python\Batik\datasets\raw\dataset_augmented\batik-gentongan\aug_0_7139.jpeg,9,batik-gentongan,9,batik-gentongan,0.9550438,True
C:\Users\dzaki\OneDrive\Dokumen\Bahasa Pemograman\Python\Batik\datasets\raw\dataset_augmented\batik-gentongan\aug_0_7356.jpeg,9,batik-gentongan,9,batik-gentongan,0.9524375,True
C:\Users\dzaki\OneDrive\Dokumen\Bahasa Pemograman\Python\Batik\datasets\raw\dataset_augmented\batik-gentongan\aug_0_7427.jpeg,9,batik-gentongan,17,batik-sekar,0.56038,False
C:\Users\dzaki\OneDrive\Dokumen\Bahasa Pemograman\Python\Batik\datasets\raw\dataset_augmented\batik-gentongan\aug_0_7795.jpeg,9,batik-gentongan,20,batik-sogan,0.47033632,False
C:\Users\dzaki\OneDrive\Dokumen\Bahasa Pemograman\Python\Batik\datasets\raw\dataset_augmented\batik-gentongan\aug_0_8436.jpeg,9,batik-gentongan,23,Jawa_Timur_Pring,0.92854375,False
C:\Users\dzaki\OneDrive\Dokumen\Bahasa Pemograman\Python\Batik\datasets\raw\dataset_augmented\batik-gentongan\aug_0_861.jpeg,9,batik-gentongan,9,batik-gentongan,0.86561763,True
C:\Users\dzaki\OneDrive\Dokumen\Bahasa Pemograman\Python\Batik\datasets\raw\dataset_augmented\batik-gentongan\aug_0_8888.jpeg,9,batik-gentongan,13,batik-megamendung,0.9783478,False
C:\Users\dzaki\OneDrive\Dokumen\Bahasa Pemograman\Python\Batik\datasets\raw\dataset_augmented\batik-gentongan\aug_0_9034.jpeg,9,batik-gentongan,13,batik-megamendung,0.5203915,False
C:\Users\dzaki\OneDrive\Dokumen\Bahasa Pemograman\Python\Batik\datasets\raw\dataset_augmented\batik-gentongan\aug_0_9337.jpeg,9,batik-gentongan,9,batik-gentongan,0.88078994,True
C:\Users\dzaki\OneDrive\Dokumen\Bahasa Pemograman\Python\Batik\datasets\raw\dataset_augmented\batik-gentongan\aug_0_9499.jpeg,9,batik-gentongan,9,batik-gentongan,0.68864733,True
C:\Users\dzaki\OneDrive\Dokumen\Bahasa Pemograman\Python\Batik\datasets\raw\dataset_augmented\batik-gentongan\aug_0_9579.jpeg,9,batik-gentongan,9,batik-gentongan,0.6791292,True
C:\Users\dzaki\OneDrive\Dokumen\Bahasa Pemograman\Python\Batik\datasets\raw\dataset_augmented\batik-gentongan\aug_0_9634.jpeg,9,batik-gentongan,15,batik-pekalongan,0.3132002,False
C:\Users\dzaki\OneDrive\Dokumen\Bahasa Pemograman\Python\Batik\datasets\raw\dataset_augmented\batik-gentongan\aug_0_9941.jpeg,9,batik-gentongan,9,batik-gentongan,0.8191805,True
C:\Users\dzaki\OneDrive\Dokumen\Bahasa Pemograman\Python\Batik\datasets\raw\dataset_augmented\batik-kawung\aug_0_1202.jpeg,10,batik-kawung,10,batik-kawung,0.9978734,True
C:\Users\dzaki\OneDrive\Dokumen\Bahasa Pemograman\Python\Batik\datasets\raw\dataset_augmented\batik-kawung\aug_0_1433.jpeg,10,batik-kawung,14,batik-parang,0.5119989,False
C:\Users\dzaki\OneDrive\Dokumen\Bahasa Pemograman\Python\Batik\datasets\raw\dataset_augmented\batik-kawung\aug_0_1556.jpeg,10,batik-kawung,10,batik-kawung,0.9601695,True
C:\Users\dzaki\OneDrive\Dokumen\Bahasa Pemograman\Python\Batik\datasets\raw\dataset_augmented\batik-kawung\aug_0_1703.jpeg,10,batik-kawung,10,batik-kawung,0.9873351,True
C:\Users\dzaki\OneDrive\Dokumen\Bahasa Pemograman\Python\Batik\datasets\raw\dataset_augmented\batik-kawung\aug_0_1851.jpeg,10,batik-kawung,10,batik-kawung,0.9965263,True
C:\Users\dzaki\OneDrive\Dokumen\Bahasa Pemograman\Python\Batik\datasets\raw\dataset_augmented\batik-kawung\aug_0_2482.jpeg,10,batik-kawung,18,batik-sidoluhur,0.39722368,False
C:\Users\dzaki\OneDrive\Dokumen\Bahasa Pemograman\Python\Batik\datasets\raw\dataset_augmented\batik-kawung\aug_0_251.jpeg,10,batik-kawung,10,batik-kawung,0.8244409,True
C:\Users\dzaki\OneDrive\Dokumen\Bahasa Pemograman\Python\Batik\datasets\raw\dataset_augmented\batik-kawung\aug_0_2752.jpeg,10,batik-kawung,14,batik-parang,0.61615115,False
C:\Users\dzaki\OneDrive\Dokumen\Bahasa Pemograman\Python\Batik\datasets\raw\dataset_augmented\batik-kawung\aug_0_2887.jpeg,10,batik-kawung,10,batik-kawung,0.522946,True
C:\Users\dzaki\OneDrive\Dokumen\Bahasa Pemograman\Python\Batik\datasets\raw\dataset_augmented\batik-kawung\aug_0_3749.jpeg,10,batik-kawung,10,batik-kawung,0.99602157,True
C:\Users\dzaki\OneDrive\Dokumen\Bahasa Pemograman\Python\Batik\datasets\raw\dataset_augmented\batik-kawung\aug_0_4038.jpeg,10,batik-kawung,10,batik-kawung,0.9962327,True
C:\Users\dzaki\OneDrive\Dokumen\Bahasa Pemograman\Python\Batik\datasets\raw\dataset_augmented\batik-kawung\aug_0_4301.jpeg,10,batik-kawung,10,batik-kawung,0.45810285,True
C:\Users\dzaki\OneDrive\Dokumen\Bahasa Pemograman\Python\Batik\datasets\raw\dataset_augmented\batik-kawung\aug_0_4338.jpeg,10,batik-kawung,10,batik-kawung,0.64123154,True
C:\Users\dzaki\OneDrive\Dokumen\Bahasa Pemograman\Python\Batik\datasets\raw\dataset_augmented\batik-kawung\aug_0_4510.jpeg,10,batik-kawung,14,batik-parang,0.6403157,False
C:\Users\dzaki\OneDrive\Dokumen\Bahasa Pemograman\Python\Batik\datasets\raw\dataset_augmented\batik-kawung\aug_0_4543.jpeg,10,batik-kawung,10,batik-kawung,0.98683584,True
C:\Users\dzaki\OneDrive\Dokumen\Bahasa Pemograman\Python\Batik\datasets\raw\dataset_augmented\batik-kawung\aug_0_4583.jpeg,10,batik-kawung,10,batik-kawung,0.81834114,True
C:\Users\dzaki\OneDrive\Dokumen\Bahasa Pemograman\Python\Batik\datasets\raw\dataset_augmented\batik-kawung\aug_0_4759.jpeg,10,batik-kawung,10,batik-kawung,0.9984963,True
C:\Users\dzaki\OneDrive\Dokumen\Bahasa Pemograman\Python\Batik\datasets\raw\dataset_augmented\batik-kawung\aug_0_5290.jpeg,10,batik-kawung,10,batik-kawung,0.5311743,True
C:\Users\dzaki\OneDrive\Dokumen\Bahasa Pemograman\Python\Batik\datasets\raw\dataset_augmented\batik-kawung\aug_0_5334.jpeg,10,batik-kawung,10,batik-kawung,0.9918351,True
C:\Users\dzaki\OneDrive\Dokumen\Bahasa Pemograman\Python\Batik\datasets\raw\dataset_augmented\batik-kawung\aug_0_5425.jpeg,10,batik-kawung,10,batik-kawung,0.99793696,True
C:\Users\dzaki\OneDrive\Dokumen\Bahasa Pemograman\Python\Batik\datasets\raw\dataset_augmented\batik-kawung\aug_0_5758.jpeg,10,batik-kawung,10,batik-kawung,0.7871911,True
C:\Users\dzaki\OneDrive\Dokumen\Bahasa Pemograman\Python\Batik\datasets\raw\dataset_augmented\batik-kawung\aug_0_6026.jpeg,10,batik-kawung,10,batik-kawung,0.9996575,True
C:\Users\dzaki\OneDrive\Dokumen\Bahasa Pemograman\Python\Batik\datasets\raw\dataset_augmented\batik-kawung\aug_0_6189.jpeg,10,batik-kawung,10,batik-kawung,0.7992078,True
C:\Users\dzaki\OneDrive\Dokumen\Bahasa Pemograman\Python\Batik\datasets\raw\dataset_augmented\batik-kawung\aug_0_6398.jpeg,10,batik-kawung,10,batik-kawung,0.920136,True
C:\Users\dzaki\OneDrive\Dokumen\Bahasa Pemograman\Python\Batik\datasets\raw\dataset_augmented\batik-kawung\aug_0_6430.jpeg,10,batik-kawung,10,batik-kawung,0.9900322,True
C:\Users\dzaki\OneDrive\Dokumen\Bahasa Pemograman\Python\Batik\datasets\raw\dataset_augmented\batik-kawung\aug_0_665.jpeg,10,batik-kawung,10,batik-kawung,0.9807966,True
C:\Users\dzaki\OneDrive\Dokumen\Bahasa Pemograman\Python\Batik\datasets\raw\dataset_augmented\batik-kawung\aug_0_6672.jpeg,10,batik-kawung,10,batik-kawung,0.7426626,True
C:\Users\dzaki\OneDrive\Dokumen\Bahasa Pemograman\Python\Batik\datasets\raw\dataset_augmented\batik-kawung\aug_0_7107.jpeg,10,batik-kawung,10,batik-kawung,0.9960001,True
C:\Users\dzaki\OneDrive\Dokumen\Bahasa Pemograman\Python\Batik\datasets\raw\dataset_augmented\batik-kawung\aug_0_7434.jpeg,10,batik-kawung,10,batik-kawung,0.99074477,True
C:\Users\dzaki\OneDrive\Dokumen\Bahasa Pemograman\Python\Batik\datasets\raw\dataset_augmented\batik-kawung\aug_0_7540.jpeg,10,batik-kawung,10,batik-kawung,0.99926776,True
C:\Users\dzaki\OneDrive\Dokumen\Bahasa Pemograman\Python\Batik\datasets\raw\dataset_augmented\batik-kawung\aug_0_7563.jpeg,10,batik-kawung,10,batik-kawung,0.99356997,True
C:\Users\dzaki\OneDrive\Dokumen\Bahasa Pemograman\Python\Batik\datasets\raw\dataset_augmented\batik-kawung\aug_0_8084.jpeg,10,batik-kawung,10,batik-kawung,0.34628424,True
C:\Users\dzaki\OneDrive\Dokumen\Bahasa Pemograman\Python\Batik\datasets\raw\dataset_augmented\batik-kawung\aug_0_8660.jpeg,10,batik-kawung,10,batik-kawung,0.9998692,True
C:\Users\dzaki\OneDrive\Dokumen\Bahasa Pemograman\Python\Batik\datasets\raw\dataset_augmented\batik-kawung\aug_0_8871.jpeg,10,batik-kawung,10,batik-kawung,0.9950566,True
C:\Users\dzaki\OneDrive\Dokumen\Bahasa Pemograman\Python\Batik\datasets\raw\dataset_augmented\batik-kawung\aug_0_8980.jpeg,10,batik-kawung,10,batik-kawung,0.99990845,True
C:\Users\dzaki\OneDrive\Dokumen\Bahasa Pemograman\Python\Batik\datasets\raw\dataset_augmented\batik-kawung\aug_0_9140.jpeg,10,batik-kawung,10,batik-kawung,0.8121946,True
C:\Users\dzaki\OneDrive\Dokumen\Bahasa Pemograman\Python\Batik\datasets\raw\dataset_augmented\batik-kawung\aug_0_9215.jpeg,10,batik-kawung,10,batik-kawung,0.9624383,True
C:\Users\dzaki\OneDrive\Dokumen\Bahasa Pemograman\Python\Batik\datasets\raw\dataset_augmented\batik-kawung\aug_0_9233.jpeg,10,batik-kawung,10,batik-kawung,0.9844839,True
C:\Users\dzaki\OneDrive\Dokumen\Bahasa Pemograman\Python\Batik\datasets\raw\dataset_augmented\batik-kawung\aug_0_9617.jpeg,10,batik-kawung,10,batik-kawung,0.9999896,True
C:\Users\dzaki\OneDrive\Dokumen\Bahasa Pemograman\Python\Batik\datasets\raw\dataset_augmented\batik-kawung\aug_0_9819.jpeg,10,batik-kawung,10,batik-kawung,0.99867946,True
C:\Users\dzaki\OneDrive\Dokumen\Bahasa Pemograman\Python\Batik\datasets\raw\dataset_augmented\batik-kawung\aug_0_9958.jpeg,10,batik-kawung,10,batik-kawung,0.9967784,True
C:\Users\dzaki\OneDrive\Dokumen\Bahasa Pemograman\Python\Batik\datasets\raw\dataset_augmented\batik-keraton\aug_0_1421.jpeg,11,batik-keraton,11,batik-keraton,0.9043416,True
C:\Users\dzaki\OneDrive\Dokumen\Bahasa Pemograman\Python\Batik\datasets\raw\dataset_augmented\batik-keraton\aug_0_1852.jpeg,11,batik-keraton,21,batik-tambal,0.38195252,False
C:\Users\dzaki\OneDrive\Dokumen\Bahasa Pemograman\Python\Batik\datasets\raw\dataset_augmented\batik-keraton\aug_0_2113.jpeg,11,batik-keraton,14,batik-parang,0.252507,False
C:\Users\dzaki\OneDrive\Dokumen\Bahasa Pemograman\Python\Batik\datasets\raw\dataset_augmented\batik-keraton\aug_0_2176.jpeg,11,batik-keraton,2,batik-bali,0.6997585,False
C:\Users\dzaki\OneDrive\Dokumen\Bahasa Pemograman\Python\Batik\datasets\raw\dataset_augmented\batik-keraton\aug_0_2344.jpeg,11,batik-keraton,11,batik-keraton,0.89568913,True
C:\Users\dzaki\OneDrive\Dokumen\Bahasa Pemograman\Python\Batik\datasets\raw\dataset_augmented\batik-keraton\aug_0_2361.jpeg,11,batik-keraton,11,batik-keraton,0.90112144,True
C:\Users\dzaki\OneDrive\Dokumen\Bahasa Pemograman\Python\Batik\datasets\raw\dataset_augmented\batik-keraton\aug_0_285.jpeg,11,batik-keraton,11,batik-keraton,0.8276676,True
C:\Users\dzaki\OneDrive\Dokumen\Bahasa Pemograman\Python\Batik\datasets\raw\dataset_augmented\batik-keraton\aug_0_3101.jpeg,11,batik-keraton,11,batik-keraton,0.8256348,True
C:\Users\dzaki\OneDrive\Dokumen\Bahasa Pemograman\Python\Batik\datasets\raw\dataset_augmented\batik-keraton\aug_0_3357.jpeg,11,batik-keraton,2,batik-bali,0.6897431,False
C:\Users\dzaki\OneDrive\Dokumen\Bahasa Pemograman\Python\Batik\datasets\raw\dataset_augmented\batik-keraton\aug_0_353.jpeg,11,batik-keraton,18,batik-sidoluhur,0.8218142,False
C:\Users\dzaki\OneDrive\Dokumen\Bahasa Pemograman\Python\Batik\datasets\raw\dataset_augmented\batik-keraton\aug_0_3724.jpeg,11,batik-keraton,11,batik-keraton,0.93009174,True
C:\Users\dzaki\OneDrive\Dokumen\Bahasa Pemograman\Python\Batik\datasets\raw\dataset_augmented\batik-keraton\aug_0_3815.jpeg,11,batik-keraton,11,batik-keraton,0.9977984,True
C:\Users\dzaki\OneDrive\Dokumen\Bahasa Pemograman\Python\Batik\datasets\raw\dataset_augmented\batik-keraton\aug_0_3918.jpeg,11,batik-keraton,11,batik-keraton,0.90845644,True
C:\Users\dzaki\OneDrive\Dokumen\Bahasa Pemograman\Python\Batik\datasets\raw\dataset_augmented\batik-keraton\aug_0_4051.jpeg,11,batik-keraton,11,batik-keraton,0.5365787,True
C:\Users\dzaki\OneDrive\Dokumen\Bahasa Pemograman\Python\Batik\datasets\raw\dataset_augmented\batik-keraton\aug_0_4072.jpeg,11,batik-keraton,11,batik-keraton,0.6594033,True
C:\Users\dzaki\OneDrive\Dokumen\Bahasa Pemograman\Python\Batik\datasets\raw\dataset_augmented\batik-keraton\aug_0_4202.jpeg,11,batik-keraton,13,batik-megamendung,0.49162978,False
C:\Users\dzaki\OneDrive\Dokumen\Bahasa Pemograman\Python\Batik\datasets\raw\dataset_augmented\batik-keraton\aug_0_4225.jpeg,11,batik-keraton,2,batik-bali,0.6183988,False
C:\Users\dzaki\OneDrive\Dokumen\Bahasa Pemograman\Python\Batik\datasets\raw\dataset_augmented\batik-keraton\aug_0_4518.jpeg,11,batik-keraton,11,batik-keraton,0.9851275,True
C:\Users\dzaki\OneDrive\Dokumen\Bahasa Pemograman\Python\Batik\datasets\raw\dataset_augmented\batik-keraton\aug_0_51.jpeg,11,batik-keraton,11,batik-keraton,0.8822123,True
C:\Users\dzaki\OneDrive\Dokumen\Bahasa Pemograman\Python\Batik\datasets\raw\dataset_augmented\batik-keraton\aug_0_5280.jpeg,11,batik-keraton,11,batik-keraton,0.9932487,True
C:\Users\dzaki\OneDrive\Dokumen\Bahasa Pemograman\Python\Batik\datasets\raw\dataset_augmented\batik-keraton\aug_0_56.jpeg,11,batik-keraton,2,batik-bali,0.48335174,False
C:\Users\dzaki\OneDrive\Dokumen\Bahasa Pemograman\Python\Batik\datasets\raw\dataset_augmented\batik-keraton\aug_0_6065.jpeg,11,batik-keraton,11,batik-keraton,0.6700915,True
C:\Users\dzaki\OneDrive\Dokumen\Bahasa Pemograman\Python\Batik\datasets\raw\dataset_augmented\batik-keraton\aug_0_6290.jpeg,11,batik-keraton,11,batik-keraton,0.7136963,True
C:\Users\dzaki\OneDrive\Dokumen\Bahasa Pemograman\Python\Batik\datasets\raw\dataset_augmented\batik-keraton\aug_0_6444.jpeg,11,batik-keraton,11,batik-keraton,0.9578375,True
C:\Users\dzaki\OneDrive\Dokumen\Bahasa Pemograman\Python\Batik\datasets\raw\dataset_augmented\batik-keraton\aug_0_6496.jpeg,11,batik-keraton,13,batik-megamendung,0.87489337,False
C:\Users\dzaki\OneDrive\Dokumen\Bahasa Pemograman\Python\Batik\datasets\raw\dataset_augmented\batik-keraton\aug_0_6519.jpeg,11,batik-keraton,11,batik-keraton,0.6793548,True
C:\Users\dzaki\OneDrive\Dokumen\Bahasa Pemograman\Python\Batik\datasets\raw\dataset_augmented\batik-keraton\aug_0_6533.jpeg,11,batik-keraton,11,batik-keraton,0.67094916,True
C:\Users\dzaki\OneDrive\Dokumen\Bahasa Pemograman\Python\Batik\datasets\raw\dataset_augmented\batik-keraton\aug_0_6545.jpeg,11,batik-keraton,16,batik-priangan,0.22424713,False
C:\Users\dzaki\OneDrive\Dokumen\Bahasa Pemograman\Python\Batik\datasets\raw\dataset_augmented\batik-keraton\aug_0_6620.jpeg,11,batik-keraton,11,batik-keraton,0.73794556,True
C:\Users\dzaki\OneDrive\Dokumen\Bahasa Pemograman\Python\Batik\datasets\raw\dataset_augmented\batik-keraton\aug_0_7387.jpeg,11,batik-keraton,11,batik-keraton,0.60613066,True
C:\Users\dzaki\OneDrive\Dokumen\Bahasa Pemograman\Python\Batik\datasets\raw\dataset_augmented\batik-keraton\aug_0_7466.jpeg,11,batik-keraton,4,batik-celup,0.29043835,False
C:\Users\dzaki\OneDrive\Dokumen\Bahasa Pemograman\Python\Batik\datasets\raw\dataset_augmented\batik-keraton\aug_0_7649.jpeg,11,batik-keraton,2,batik-bali,0.19595607,False
C:\Users\dzaki\OneDrive\Dokumen\Bahasa Pemograman\Python\Batik\datasets\raw\dataset_augmented\batik-keraton\aug_0_8248.jpeg,11,batik-keraton,11,batik-keraton,0.34567237,True
C:\Users\dzaki\OneDrive\Dokumen\Bahasa Pemograman\Python\Batik\datasets\raw\dataset_augmented\batik-keraton\aug_0_8476.jpeg,11,batik-keraton,11,batik-keraton,0.5610755,True
C:\Users\dzaki\OneDrive\Dokumen\Bahasa Pemograman\Python\Batik\datasets\raw\dataset_augmented\batik-keraton\aug_0_8532.jpeg,11,batik-keraton,11,batik-keraton,0.8328498,True
C:\Users\dzaki\OneDrive\Dokumen\Bahasa Pemograman\Python\Batik\datasets\raw\dataset_augmented\batik-keraton\aug_0_8860.jpeg,11,batik-keraton,11,batik-keraton,0.6324432,True
C:\Users\dzaki\OneDrive\Dokumen\Bahasa Pemograman\Python\Batik\datasets\raw\dataset_augmented\batik-keraton\aug_0_8885.jpeg,11,batik-keraton,2,batik-bali,0.56764084,False
C:\Users\dzaki\OneDrive\Dokumen\Bahasa Pemograman\Python\Batik\datasets\raw\dataset_augmented\batik-keraton\aug_0_9026.jpeg,11,batik-keraton,11,batik-keraton,0.91666555,True
C:\Users\dzaki\OneDrive\Dokumen\Bahasa Pemograman\Python\Batik\datasets\raw\dataset_augmented\batik-keraton\aug_0_9065.jpeg,11,batik-keraton,11,batik-keraton,0.9959317,True
C:\Users\dzaki\OneDrive\Dokumen\Bahasa Pemograman\Python\Batik\datasets\raw\dataset_augmented\batik-keraton\aug_0_9217.jpeg,11,batik-keraton,11,batik-keraton,0.74474436,True
C:\Users\dzaki\OneDrive\Dokumen\Bahasa Pemograman\Python\Batik\datasets\raw\dataset_augmented\batik-keraton\aug_0_9402.jpeg,11,batik-keraton,2,batik-bali,0.72706246,False
C:\Users\dzaki\OneDrive\Dokumen\Bahasa Pemograman\Python\Batik\datasets\raw\dataset_augmented\batik-keraton\aug_0_946.jpeg,11,batik-keraton,11,batik-keraton,0.3874513,True
C:\Users\dzaki\OneDrive\Dokumen\Bahasa Pemograman\Python\Batik\datasets\raw\dataset_augmented\batik-keraton\aug_0_9607.jpeg,11,batik-keraton,2,batik-bali,0.516373,False
C:\Users\dzaki\OneDrive\Dokumen\Bahasa Pemograman\Python\Batik\datasets\raw\dataset_augmented\batik-keraton\aug_0_963.jpeg,11,batik-keraton,11,batik-keraton,0.8545139,True
C:\Users\dzaki\OneDrive\Dokumen\Bahasa Pemograman\Python\Batik\datasets\raw\dataset_augmented\batik-lasem\aug_0_1304.jpeg,12,batik-lasem,26,Madura_Mataketeran,0.39500093,False
C:\Users\dzaki\OneDrive\Dokumen\Bahasa Pemograman\Python\Batik\datasets\raw\dataset_augmented\batik-lasem\aug_0_1555.jpeg,12,batik-lasem,15,batik-pekalongan,0.47400615,False
C:\Users\dzaki\OneDrive\Dokumen\Bahasa Pemograman\Python\Batik\datasets\raw\dataset_augmented\batik-lasem\aug_0_1570.jpeg,12,batik-lasem,21,batik-tambal,0.4920889,False
C:\Users\dzaki\OneDrive\Dokumen\Bahasa Pemograman\Python\Batik\datasets\raw\dataset_augmented\batik-lasem\aug_0_2111.jpeg,12,batik-lasem,12,batik-lasem,0.37563062,True
C:\Users\dzaki\OneDrive\Dokumen\Bahasa Pemograman\Python\Batik\datasets\raw\dataset_augmented\batik-lasem\aug_0_2499.jpeg,12,batik-lasem,12,batik-lasem,0.6428653,True
C:\Users\dzaki\OneDrive\Dokumen\Bahasa Pemograman\Python\Batik\datasets\raw\dataset_augmented\batik-lasem\aug_0_3044.jpeg,12,batik-lasem,21,batik-tambal,0.5371744,False
C:\Users\dzaki\OneDrive\Dokumen\Bahasa Pemograman\Python\Batik\datasets\raw\dataset_augmented\batik-lasem\aug_0_3172.jpeg,12,batik-lasem,16,batik-priangan,0.29730648,False
C:\Users\dzaki\OneDrive\Dokumen\Bahasa Pemograman\Python\Batik\datasets\raw\dataset_augmented\batik-lasem\aug_0_3401.jpeg,12,batik-lasem,12,batik-lasem,0.8850609,True
C:\Users\dzaki\OneDrive\Dokumen\Bahasa Pemograman\Python\Batik\datasets\raw\dataset_augmented\batik-lasem\aug_0_3422.jpeg,12,batik-lasem,9,batik-gentongan,0.4575721,False
C:\Users\dzaki\OneDrive\Dokumen\Bahasa Pemograman\Python\Batik\datasets\raw\dataset_augmented\batik-lasem\aug_0_3484.jpeg,12,batik-lasem,12,batik-lasem,0.2641535,True
C:\Users\dzaki\OneDrive\Dokumen\Bahasa Pemograman\Python\Batik\datasets\raw\dataset_augmented\batik-lasem\aug_0_4514.jpeg,12,batik-lasem,21,batik-tambal,0.5234959,False
C:\Users\dzaki\OneDrive\Dokumen\Bahasa Pemograman\Python\Batik\datasets\raw\dataset_augmented\batik-lasem\aug_0_4628.jpeg,12,batik-lasem,12,batik-lasem,0.51941204,True
C:\Users\dzaki\OneDrive\Dokumen\Bahasa Pemograman\Python\Batik\datasets\raw\dataset_augmented\batik-lasem\aug_0_4697.jpeg,12,batik-lasem,15,batik-pekalongan,0.25621322,False
C:\Users\dzaki\OneDrive\Dokumen\Bahasa Pemograman\Python\Batik\datasets\raw\dataset_augmented\batik-lasem\aug_0_472.jpeg,12,batik-lasem,20,batik-sogan,0.38945758,False
C:\Users\dzaki\OneDrive\Dokumen\Bahasa Pemograman\Python\Batik\datasets\raw\dataset_augmented\batik-lasem\aug_0_4918.jpeg,12,batik-lasem,2,batik-bali,0.65634686,False
C:\Users\dzaki\OneDrive\Dokumen\Bahasa Pemograman\Python\Batik\datasets\raw\dataset_augmented\batik-lasem\aug_0_5030.jpeg,12,batik-lasem,12,batik-lasem,0.37349397,True
C:\Users\dzaki\OneDrive\Dokumen\Bahasa Pemograman\Python\Batik\datasets\raw\dataset_augmented\batik-lasem\aug_0_5048.jpeg,12,batik-lasem,12,batik-lasem,0.22232823,True
C:\Users\dzaki\OneDrive\Dokumen\Bahasa Pemograman\Python\Batik\datasets\raw\dataset_augmented\batik-lasem\aug_0_552.jpeg,12,batik-lasem,12,batik-lasem,0.8295643,True
C:\Users\dzaki\OneDrive\Dokumen\Bahasa Pemograman\Python\Batik\datasets\raw\dataset_augmented\batik-lasem\aug_0_5547.jpeg,12,batik-lasem,3,batik-betawi,0.29697338,False
C:\Users\dzaki\OneDrive\Dokumen\Bahasa Pemograman\Python\Batik\datasets\raw\dataset_augmented\batik-lasem\aug_0_580.jpeg,12,batik-lasem,15,batik-pekalongan,0.31158856,False
C:\Users\dzaki\OneDrive\Dokumen\Bahasa Pemograman\Python\Batik\datasets\raw\dataset_augmented\batik-lasem\aug_0_5860.jpeg,12,batik-lasem,12,batik-lasem,0.64615226,True
C:\Users\dzaki\OneDrive\Dokumen\Bahasa Pemograman\Python\Batik\datasets\raw\dataset_augmented\batik-lasem\aug_0_5942.jpeg,12,batik-lasem,12,batik-lasem,0.63102686,True
C:\Users\dzaki\OneDrive\Dokumen\Bahasa Pemograman\Python\Batik\datasets\raw\dataset_augmented\batik-lasem\aug_0_6286.jpeg,12,batik-lasem,3,batik-betawi,0.3399985,False
C:\Users\dzaki\OneDrive\Dokumen\Bahasa Pemograman\Python\Batik\datasets\raw\dataset_augmented\batik-lasem\aug_0_6448.jpeg,12,batik-lasem,12,batik-lasem,0.93774384,True
C:\Users\dzaki\OneDrive\Dokumen\Bahasa Pemograman\Python\Batik\datasets\raw\dataset_augmented\batik-lasem\aug_0_6593.jpeg,12,batik-lasem,21,batik-tambal,0.9938963,False
C:\Users\dzaki\OneDrive\Dokumen\Bahasa Pemograman\Python\Batik\datasets\raw\dataset_augmented\batik-lasem\aug_0_7069.jpeg,12,batik-lasem,12,batik-lasem,0.5365884,True
C:\Users\dzaki\OneDrive\Dokumen\Bahasa Pemograman\Python\Batik\datasets\raw\dataset_augmented\batik-lasem\aug_0_7595.jpeg,12,batik-lasem,12,batik-lasem,0.5063128,True
C:\Users\dzaki\OneDrive\Dokumen\Bahasa Pemograman\Python\Batik\datasets\raw\dataset_augmented\batik-lasem\aug_0_7648.jpeg,12,batik-lasem,12,batik-lasem,0.89411026,True
C:\Users\dzaki\OneDrive\Dokumen\Bahasa Pemograman\Python\Batik\datasets\raw\dataset_augmented\batik-lasem\aug_0_7675.jpeg,12,batik-lasem,12,batik-lasem,0.8042613,True
C:\Users\dzaki\OneDrive\Dokumen\Bahasa Pemograman\Python\Batik\datasets\raw\dataset_augmented\batik-lasem\aug_0_7711.jpeg,12,batik-lasem,12,batik-lasem,0.7832216,True
C:\Users\dzaki\OneDrive\Dokumen\Bahasa Pemograman\Python\Batik\datasets\raw\dataset_augmented\batik-lasem\aug_0_7969.jpeg,12,batik-lasem,12,batik-lasem,0.9674376,True
C:\Users\dzaki\OneDrive\Dokumen\Bahasa Pemograman\Python\Batik\datasets\raw\dataset_augmented\batik-lasem\aug_0_8116.jpeg,12,batik-lasem,12,batik-lasem,0.65723807,True
C:\Users\dzaki\OneDrive\Dokumen\Bahasa Pemograman\Python\Batik\datasets\raw\dataset_augmented\batik-lasem\aug_0_8368.jpeg,12,batik-lasem,12,batik-lasem,0.5958155,True
C:\Users\dzaki\OneDrive\Dokumen\Bahasa Pemograman\Python\Batik\datasets\raw\dataset_augmented\batik-lasem\aug_0_8632.jpeg,12,batik-lasem,30,Papua_Cendrawasih,0.36887732,False
C:\Users\dzaki\OneDrive\Dokumen\Bahasa Pemograman\Python\Batik\datasets\raw\dataset_augmented\batik-lasem\aug_0_9039.jpeg,12,batik-lasem,12,batik-lasem,0.46807316,True
C:\Users\dzaki\OneDrive\Dokumen\Bahasa Pemograman\Python\Batik\datasets\raw\dataset_augmented\batik-lasem\aug_0_9049.jpeg,12,batik-lasem,12,batik-lasem,0.74586594,True
C:\Users\dzaki\OneDrive\Dokumen\Bahasa Pemograman\Python\Batik\datasets\raw\dataset_augmented\batik-lasem\aug_0_9703.jpeg,12,batik-lasem,9,batik-gentongan,0.41457096,False
C:\Users\dzaki\OneDrive\Dokumen\Bahasa Pemograman\Python\Batik\datasets\raw\dataset_augmented\batik-lasem\aug_0_9794.jpeg,12,batik-lasem,12,batik-lasem,0.9376003,True
C:\Users\dzaki\OneDrive\Dokumen\Bahasa Pemograman\Python\Batik\datasets\raw\dataset_augmented\batik-lasem\aug_0_9918.jpeg,12,batik-lasem,2,batik-bali,0.53212273,False
C:\Users\dzaki\OneDrive\Dokumen\Bahasa Pemograman\Python\Batik\datasets\raw\dataset_augmented\batik-megamendung\aug_0_1157.jpeg,13,batik-megamendung,13,batik-megamendung,0.9624855,True
C:\Users\dzaki\OneDrive\Dokumen\Bahasa Pemograman\Python\Batik\datasets\raw\dataset_augmented\batik-megamendung\aug_0_1689.jpeg,13,batik-megamendung,13,batik-megamendung,0.9985909,True
C:\Users\dzaki\OneDrive\Dokumen\Bahasa Pemograman\Python\Batik\datasets\raw\dataset_augmented\batik-megamendung\aug_0_2030.jpeg,13,batik-megamendung,13,batik-megamendung,0.87711906,True
C:\Users\dzaki\OneDrive\Dokumen\Bahasa Pemograman\Python\Batik\datasets\raw\dataset_augmented\batik-megamendung\aug_0_2149.jpeg,13,batik-megamendung,13,batik-megamendung,0.9997433,True
C:\Users\dzaki\OneDrive\Dokumen\Bahasa Pemograman\Python\Batik\datasets\raw\dataset_augmented\batik-megamendung\aug_0_2204.jpeg,13,batik-megamendung,13,batik-megamendung,0.9996971,True
C:\Users\dzaki\OneDrive\Dokumen\Bahasa Pemograman\Python\Batik\datasets\raw\dataset_augmented\batik-megamendung\aug_0_2397.jpeg,13,batik-megamendung,13,batik-megamendung,0.8516211,True
C:\Users\dzaki\OneDrive\Dokumen\Bahasa Pemograman\Python\Batik\datasets\raw\dataset_augmented\batik-megamendung\aug_0_2796.jpeg,13,batik-megamendung,13,batik-megamendung,0.9964604,True
C:\Users\dzaki\OneDrive\Dokumen\Bahasa Pemograman\Python\Batik\datasets\raw\dataset_augmented\batik-megamendung\aug_0_293.jpeg,13,batik-megamendung,13,batik-megamendung,0.9992342,True
C:\Users\dzaki\OneDrive\Dokumen\Bahasa Pemograman\Python\Batik\datasets\raw\dataset_augmented\batik-megamendung\aug_0_2992.jpeg,13,batik-megamendung,13,batik-megamendung,0.9986731,True
C:\Users\dzaki\OneDrive\Dokumen\Bahasa Pemograman\Python\Batik\datasets\raw\dataset_augmented\batik-megamendung\aug_0_3101.jpeg,13,batik-megamendung,13,batik-megamendung,0.9997445,True
C:\Users\dzaki\OneDrive\Dokumen\Bahasa Pemograman\Python\Batik\datasets\raw\dataset_augmented\batik-megamendung\aug_0_3205.jpeg,13,batik-megamendung,13,batik-megamendung,0.9780316,True
C:\Users\dzaki\OneDrive\Dokumen\Bahasa Pemograman\Python\Batik\datasets\raw\dataset_augmented\batik-megamendung\aug_0_3274.jpeg,13,batik-megamendung,13,batik-megamendung,0.851635,True
C:\Users\dzaki\OneDrive\Dokumen\Bahasa Pemograman\Python\Batik\datasets\raw\dataset_augmented\batik-megamendung\aug_0_3374.jpeg,13,batik-megamendung,13,batik-megamendung,0.9895885,True
C:\Users\dzaki\OneDrive\Dokumen\Bahasa Pemograman\Python\Batik\datasets\raw\dataset_augmented\batik-megamendung\aug_0_3533.jpeg,13,batik-megamendung,2,batik-bali,0.5897002,False
C:\Users\dzaki\OneDrive\Dokumen\Bahasa Pemograman\Python\Batik\datasets\raw\dataset_augmented\batik-megamendung\aug_0_3750.jpeg,13,batik-megamendung,13,batik-megamendung,0.9853137,True
C:\Users\dzaki\OneDrive\Dokumen\Bahasa Pemograman\Python\Batik\datasets\raw\dataset_augmented\batik-megamendung\aug_0_4109.jpeg,13,batik-megamendung,13,batik-megamendung,0.9996131,True
C:\Users\dzaki\OneDrive\Dokumen\Bahasa Pemograman\Python\Batik\datasets\raw\dataset_augmented\batik-megamendung\aug_0_4127.jpeg,13,batik-megamendung,13,batik-megamendung,0.81131804,True
C:\Users\dzaki\OneDrive\Dokumen\Bahasa Pemograman\Python\Batik\datasets\raw\dataset_augmented\batik-megamendung\aug_0_4349.jpeg,13,batik-megamendung,13,batik-megamendung,0.43581364,True
C:\Users\dzaki\OneDrive\Dokumen\Bahasa Pemograman\Python\Batik\datasets\raw\dataset_augmented\batik-megamendung\aug_0_5059.jpeg,13,batik-megamendung,13,batik-megamendung,0.99896467,True
C:\Users\dzaki\OneDrive\Dokumen\Bahasa Pemograman\Python\Batik\datasets\raw\dataset_augmented\batik-megamendung\aug_0_5676.jpeg,13,batik-megamendung,2,batik-bali,0.7158067,False
C:\Users\dzaki\OneDrive\Dokumen\Bahasa Pemograman\Python\Batik\datasets\raw\dataset_augmented\batik-megamendung\aug_0_6190.jpeg,13,batik-megamendung,13,batik-megamendung,0.9995797,True
C:\Users\dzaki\OneDrive\Dokumen\Bahasa Pemograman\Python\Batik\datasets\raw\dataset_augmented\batik-megamendung\aug_0_6435.jpeg,13,batik-megamendung,13,batik-megamendung,0.9840222,True
C:\Users\dzaki\OneDrive\Dokumen\Bahasa Pemograman\Python\Batik\datasets\raw\dataset_augmented\batik-megamendung\aug_0_6488.jpeg,13,batik-megamendung,13,batik-megamendung,0.96690047,True
C:\Users\dzaki\OneDrive\Dokumen\Bahasa Pemograman\Python\Batik\datasets\raw\dataset_augmented\batik-megamendung\aug_0_6741.jpeg,13,batik-megamendung,13,batik-megamendung,0.91253287,True
C:\Users\dzaki\OneDrive\Dokumen\Bahasa Pemograman\Python\Batik\datasets\raw\dataset_augmented\batik-megamendung\aug_0_6950.jpeg,13,batik-megamendung,13,batik-megamendung,0.5469428,True
C:\Users\dzaki\OneDrive\Dokumen\Bahasa Pemograman\Python\Batik\datasets\raw\dataset_augmented\batik-megamendung\aug_0_7128.jpeg,13,batik-megamendung,13,batik-megamendung,0.94869953,True
C:\Users\dzaki\OneDrive\Dokumen\Bahasa Pemograman\Python\Batik\datasets\raw\dataset_augmented\batik-megamendung\aug_0_7162.jpeg,13,batik-megamendung,13,batik-megamendung,0.99648714,True
C:\Users\dzaki\OneDrive\Dokumen\Bahasa Pemograman\Python\Batik\datasets\raw\dataset_augmented\batik-megamendung\aug_0_7332.jpeg,13,batik-megamendung,13,batik-megamendung,0.99966407,True
C:\Users\dzaki\OneDrive\Dokumen\Bahasa Pemograman\Python\Batik\datasets\raw\dataset_augmented\batik-megamendung\aug_0_8055.jpeg,13,batik-megamendung,13,batik-megamendung,0.8828963,True
C:\Users\dzaki\OneDrive\Dokumen\Bahasa Pemograman\Python\Batik\datasets\raw\dataset_augmented\batik-megamendung\aug_0_8415.jpeg,13,batik-megamendung,13,batik-megamendung,0.9872317,True
C:\Users\dzaki\OneDrive\Dokumen\Bahasa Pemograman\Python\Batik\datasets\raw\dataset_augmented\batik-megamendung\aug_0_8433.jpeg,13,batik-megamendung,13,batik-megamendung,0.93976223,True
C:\Users\dzaki\OneDrive\Dokumen\Bahasa Pemograman\Python\Batik\datasets\raw\dataset_augmented\batik-megamendung\aug_0_8881.jpeg,13,batik-megamendung,13,batik-megamendung,0.34050655,True
C:\Users\dzaki\OneDrive\Dokumen\Bahasa Pemograman\Python\Batik\datasets\raw\dataset_augmented\batik-megamendung\aug_0_90.jpeg,13,batik-megamendung,13,batik-megamendung,0.99819154,True
C:\Users\dzaki\OneDrive\Dokumen\Bahasa Pemograman\Python\Batik\datasets\raw\dataset_augmented\batik-megamendung\aug_0_9245.jpeg,13,batik-megamendung,13,batik-megamendung,0.8569539,True
C:\Users\dzaki\OneDrive\Dokumen\Bahasa Pemograman\Python\Batik\datasets\raw\dataset_augmented\batik-megamendung\aug_0_9419.jpeg,13,batik-megamendung,13,batik-megamendung,0.9946456,True
C:\Users\dzaki\OneDrive\Dokumen\Bahasa Pemograman\Python\Batik\datasets\raw\dataset_augmented\batik-megamendung\aug_0_9514.jpeg,13,batik-megamendung,34,Sumatera_Utara_Boraspati,0.39381588,False
C:\Users\dzaki\OneDrive\Dokumen\Bahasa Pemograman\Python\Batik\datasets\raw\dataset_augmented\batik-megamendung\aug_0_9532.jpeg,13,batik-megamendung,13,batik-megamendung,0.9510335,True
C:\Users\dzaki\OneDrive\Dokumen\Bahasa Pemograman\Python\Batik\datasets\raw\dataset_augmented\batik-parang\aug_0_1016.jpeg,14,batik-parang,14,batik-parang,0.98983485,True
C:\Users\dzaki\OneDrive\Dokumen\Bahasa Pemograman\Python\Batik\datasets\raw\dataset_augmented\batik-parang\aug_0_1030.jpeg,14,batik-parang,14,batik-parang,0.99848384,True
C:\Users\dzaki\OneDrive\Dokumen\Bahasa Pemograman\Python\Batik\datasets\raw\dataset_augmented\batik-parang\aug_0_1061.jpeg,14,batik-parang,20,batik-sogan,0.69230795,False
C:\Users\dzaki\OneDrive\Dokumen\Bahasa Pemograman\Python\Batik\datasets\raw\dataset_augmented\batik-parang\aug_0_1110.jpeg,14,batik-parang,14,batik-parang,0.87354845,True
C:\Users\dzaki\OneDrive\Dokumen\Bahasa Pemograman\Python\Batik\datasets\raw\dataset_augmented\batik-parang\aug_0_1233.jpeg,14,batik-parang,14,batik-parang,0.99486583,True
C:\Users\dzaki\OneDrive\Dokumen\Bahasa Pemograman\Python\Batik\datasets\raw\dataset_augmented\batik-parang\aug_0_1237.jpeg,14,batik-parang,14,batik-parang,0.9249591,True
C:\Users\dzaki\OneDrive\Dokumen\Bahasa Pemograman\Python\Batik\datasets\raw\dataset_augmented\batik-parang\aug_0_1279.jpeg,14,batik-parang,14,batik-parang,0.9742434,True
C:\Users\dzaki\OneDrive\Dokumen\Bahasa Pemograman\Python\Batik\datasets\raw\dataset_augmented\batik-parang\aug_0_130.jpeg,14,batik-parang,14,batik-parang,0.99327433,True
C:\Users\dzaki\OneDrive\Dokumen\Bahasa Pemograman\Python\Batik\datasets\raw\dataset_augmented\batik-parang\aug_0_1425.jpeg,14,batik-parang,14,batik-parang,0.97876066,True
C:\Users\dzaki\OneDrive\Dokumen\Bahasa Pemograman\Python\Batik\datasets\raw\dataset_augmented\batik-parang\aug_0_1565.jpeg,14,batik-parang,14,batik-parang,0.99727815,True
C:\Users\dzaki\OneDrive\Dokumen\Bahasa Pemograman\Python\Batik\datasets\raw\dataset_augmented\batik-parang\aug_0_1639.jpeg,14,batik-parang,14,batik-parang,0.984976,True
C:\Users\dzaki\OneDrive\Dokumen\Bahasa Pemograman\Python\Batik\datasets\raw\dataset_augmented\batik-parang\aug_0_1755.jpeg,14,batik-parang,14,batik-parang,0.99957544,True
C:\Users\dzaki\OneDrive\Dokumen\Bahasa Pemograman\Python\Batik\datasets\raw\dataset_augmented\batik-parang\aug_0_178.jpeg,14,batik-parang,14,batik-parang,0.979677,True
C:\Users\dzaki\OneDrive\Dokumen\Bahasa Pemograman\Python\Batik\datasets\raw\dataset_augmented\batik-parang\aug_0_1828.jpeg,14,batik-parang,14,batik-parang,0.9983228,True
C:\Users\dzaki\OneDrive\Dokumen\Bahasa Pemograman\Python\Batik\datasets\raw\dataset_augmented\batik-parang\aug_0_1916.jpeg,14,batik-parang,14,batik-parang,0.8648599,True
C:\Users\dzaki\OneDrive\Dokumen\Bahasa Pemograman\Python\Batik\datasets\raw\dataset_augmented\batik-parang\aug_0_1918.jpeg,14,batik-parang,14,batik-parang,0.97956115,True
C:\Users\dzaki\OneDrive\Dokumen\Bahasa Pemograman\Python\Batik\datasets\raw\dataset_augmented\batik-parang\aug_0_1974.jpeg,14,batik-parang,14,batik-parang,0.9976623,True
C:\Users\dzaki\OneDrive\Dokumen\Bahasa Pemograman\Python\Batik\datasets\raw\dataset_augmented\batik-parang\aug_0_204.jpeg,14,batik-parang,14,batik-parang,0.92926955,True
C:\Users\dzaki\OneDrive\Dokumen\Bahasa Pemograman\Python\Batik\datasets\raw\dataset_augmented\batik-parang\aug_0_2133.jpeg,14,batik-parang,14,batik-parang,0.99516064,True
C:\Users\dzaki\OneDrive\Dokumen\Bahasa Pemograman\Python\Batik\datasets\raw\dataset_augmented\batik-parang\aug_0_2361.jpeg,14,batik-parang,14,batik-parang,0.99647325,True
C:\Users\dzaki\OneDrive\Dokumen\Bahasa Pemograman\Python\Batik\datasets\raw\dataset_augmented\batik-parang\aug_0_2379.jpeg,14,batik-parang,14,batik-parang,0.99603856,True
C:\Users\dzaki\OneDrive\Dokumen\Bahasa Pemograman\Python\Batik\datasets\raw\dataset_augmented\batik-parang\aug_0_2434.jpeg,14,batik-parang,14,batik-parang,0.9995384,True
C:\Users\dzaki\OneDrive\Dokumen\Bahasa Pemograman\Python\Batik\datasets\raw\dataset_augmented\batik-parang\aug_0_2471.jpeg,14,batik-parang,14,batik-parang,0.943572,True
C:\Users\dzaki\OneDrive\Dokumen\Bahasa Pemograman\Python\Batik\datasets\raw\dataset_augmented\batik-parang\aug_0_2682.jpeg,14,batik-parang,14,batik-parang,0.99991715,True
C:\Users\dzaki\OneDrive\Dokumen\Bahasa Pemograman\Python\Batik\datasets\raw\dataset_augmented\batik-parang\aug_0_2894.jpeg,14,batik-parang,14,batik-parang,0.9992913,True
C:\Users\dzaki\OneDrive\Dokumen\Bahasa Pemograman\Python\Batik\datasets\raw\dataset_augmented\batik-parang\aug_0_2903.jpeg,14,batik-parang,14,batik-parang,0.99516064,True
C:\Users\dzaki\OneDrive\Dokumen\Bahasa Pemograman\Python\Batik\datasets\raw\dataset_augmented\batik-parang\aug_0_2961.jpeg,14,batik-parang,14,batik-parang,0.9976707,True
C:\Users\dzaki\OneDrive\Dokumen\Bahasa Pemograman\Python\Batik\datasets\raw\dataset_augmented\batik-parang\aug_0_300.jpeg,14,batik-parang,14,batik-parang,0.91353834,True
C:\Users\dzaki\OneDrive\Dokumen\Bahasa Pemograman\Python\Batik\datasets\raw\dataset_augmented\batik-parang\aug_0_3041.jpeg,14,batik-parang,14,batik-parang,0.99949837,True
C:\Users\dzaki\OneDrive\Dokumen\Bahasa Pemograman\Python\Batik\datasets\raw\dataset_augmented\batik-parang\aug_0_3176.jpeg,14,batik-parang,14,batik-parang,0.9835887,True
C:\Users\dzaki\OneDrive\Dokumen\Bahasa Pemograman\Python\Batik\datasets\raw\dataset_augmented\batik-parang\aug_0_3219.jpeg,14,batik-parang,14,batik-parang,0.9965752,True
C:\Users\dzaki\OneDrive\Dokumen\Bahasa Pemograman\Python\Batik\datasets\raw\dataset_augmented\batik-parang\aug_0_3221.jpeg,14,batik-parang,14,batik-parang,0.9771928,True
C:\Users\dzaki\OneDrive\Dokumen\Bahasa Pemograman\Python\Batik\datasets\raw\dataset_augmented\batik-parang\aug_0_3322.jpeg,14,batik-parang,14,batik-parang,0.9971077,True
C:\Users\dzaki\OneDrive\Dokumen\Bahasa Pemograman\Python\Batik\datasets\raw\dataset_augmented\batik-parang\aug_0_3335.jpeg,14,batik-parang,14,batik-parang,0.99347323,True
C:\Users\dzaki\OneDrive\Dokumen\Bahasa Pemograman\Python\Batik\datasets\raw\dataset_augmented\batik-parang\aug_0_3346.jpeg,14,batik-parang,14,batik-parang,0.983886,True
C:\Users\dzaki\OneDrive\Dokumen\Bahasa Pemograman\Python\Batik\datasets\raw\dataset_augmented\batik-parang\aug_0_3475.jpeg,14,batik-parang,14,batik-parang,0.9979873,True
C:\Users\dzaki\OneDrive\Dokumen\Bahasa Pemograman\Python\Batik\datasets\raw\dataset_augmented\batik-parang\aug_0_3555.jpeg,14,batik-parang,14,batik-parang,0.9794866,True
C:\Users\dzaki\OneDrive\Dokumen\Bahasa Pemograman\Python\Batik\datasets\raw\dataset_augmented\batik-parang\aug_0_3562.jpeg,14,batik-parang,14,batik-parang,0.58846205,True
C:\Users\dzaki\OneDrive\Dokumen\Bahasa Pemograman\Python\Batik\datasets\raw\dataset_augmented\batik-parang\aug_0_3619.jpeg,14,batik-parang,14,batik-parang,0.9853011,True
C:\Users\dzaki\OneDrive\Dokumen\Bahasa Pemograman\Python\Batik\datasets\raw\dataset_augmented\batik-parang\aug_0_38.jpeg,14,batik-parang,14,batik-parang,0.86323404,True
C:\Users\dzaki\OneDrive\Dokumen\Bahasa Pemograman\Python\Batik\datasets\raw\dataset_augmented\batik-parang\aug_0_393.jpeg,14,batik-parang,14,batik-parang,0.99069816,True
C:\Users\dzaki\OneDrive\Dokumen\Bahasa Pemograman\Python\Batik\datasets\raw\dataset_augmented\batik-parang\aug_0_3957.jpeg,14,batik-parang,14,batik-parang,0.989994,True
C:\Users\dzaki\OneDrive\Dokumen\Bahasa Pemograman\Python\Batik\datasets\raw\dataset_augmented\batik-parang\aug_0_4059.jpeg,14,batik-parang,14,batik-parang,0.99996734,True
C:\Users\dzaki\OneDrive\Dokumen\Bahasa Pemograman\Python\Batik\datasets\raw\dataset_augmented\batik-parang\aug_0_4085.jpeg,14,batik-parang,14,batik-parang,0.99787605,True
C:\Users\dzaki\OneDrive\Dokumen\Bahasa Pemograman\Python\Batik\datasets\raw\dataset_augmented\batik-parang\aug_0_4093.jpeg,14,batik-parang,14,batik-parang,0.71717256,True
C:\Users\dzaki\OneDrive\Dokumen\Bahasa Pemograman\Python\Batik\datasets\raw\dataset_augmented\batik-parang\aug_0_4123.jpeg,14,batik-parang,14,batik-parang,0.8447453,True
C:\Users\dzaki\OneDrive\Dokumen\Bahasa Pemograman\Python\Batik\datasets\raw\dataset_augmented\batik-parang\aug_0_4178.jpeg,14,batik-parang,14,batik-parang,0.9993575,True
C:\Users\dzaki\OneDrive\Dokumen\Bahasa Pemograman\Python\Batik\datasets\raw\dataset_augmented\batik-parang\aug_0_4341.jpeg,14,batik-parang,14,batik-parang,0.99016285,True
C:\Users\dzaki\OneDrive\Dokumen\Bahasa Pemograman\Python\Batik\datasets\raw\dataset_augmented\batik-parang\aug_0_4397.jpeg,14,batik-parang,14,batik-parang,0.64705974,True
C:\Users\dzaki\OneDrive\Dokumen\Bahasa Pemograman\Python\Batik\datasets\raw\dataset_augmented\batik-parang\aug_0_4520.jpeg,14,batik-parang,14,batik-parang,0.9685177,True
C:\Users\dzaki\OneDrive\Dokumen\Bahasa Pemograman\Python\Batik\datasets\raw\dataset_augmented\batik-parang\aug_0_4541.jpeg,14,batik-parang,14,batik-parang,0.9992003,True
C:\Users\dzaki\OneDrive\Dokumen\Bahasa Pemograman\Python\Batik\datasets\raw\dataset_augmented\batik-parang\aug_0_4626.jpeg,14,batik-parang,14,batik-parang,0.77228004,True
C:\Users\dzaki\OneDrive\Dokumen\Bahasa Pemograman\Python\Batik\datasets\raw\dataset_augmented\batik-parang\aug_0_4630.jpeg,14,batik-parang,14,batik-parang,0.95928067,True
C:\Users\dzaki\OneDrive\Dokumen\Bahasa Pemograman\Python\Batik\datasets\raw\dataset_augmented\batik-parang\aug_0_4716.jpeg,14,batik-parang,14,batik-parang,0.9996252,True
C:\Users\dzaki\OneDrive\Dokumen\Bahasa Pemograman\Python\Batik\datasets\raw\dataset_augmented\batik-parang\aug_0_4768.jpeg,14,batik-parang,14,batik-parang,0.99367636,True
C:\Users\dzaki\OneDrive\Dokumen\Bahasa Pemograman\Python\Batik\datasets\raw\dataset_augmented\batik-parang\aug_0_4899.jpeg,14,batik-parang,14,batik-parang,0.98203,True
C:\Users\dzaki\OneDrive\Dokumen\Bahasa Pemograman\Python\Batik\datasets\raw\dataset_augmented\batik-parang\aug_0_4990.jpeg,14,batik-parang,14,batik-parang,0.9594642,True
C:\Users\dzaki\OneDrive\Dokumen\Bahasa Pemograman\Python\Batik\datasets\raw\dataset_augmented\batik-parang\aug_0_502.jpeg,14,batik-parang,20,batik-sogan,0.4903381,False
C:\Users\dzaki\OneDrive\Dokumen\Bahasa Pemograman\Python\Batik\datasets\raw\dataset_augmented\batik-parang\aug_0_5031.jpeg,14,batik-parang,14,batik-parang,0.9725088,True
C:\Users\dzaki\OneDrive\Dokumen\Bahasa Pemograman\Python\Batik\datasets\raw\dataset_augmented\batik-parang\aug_0_5033.jpeg,14,batik-parang,14,batik-parang,0.9979717,True
C:\Users\dzaki\OneDrive\Dokumen\Bahasa Pemograman\Python\Batik\datasets\raw\dataset_augmented\batik-parang\aug_0_5101.jpeg,14,batik-parang,14,batik-parang,0.9877822,True
C:\Users\dzaki\OneDrive\Dokumen\Bahasa Pemograman\Python\Batik\datasets\raw\dataset_augmented\batik-parang\aug_0_5160.jpeg,14,batik-parang,14,batik-parang,0.99135244,True
C:\Users\dzaki\OneDrive\Dokumen\Bahasa Pemograman\Python\Batik\datasets\raw\dataset_augmented\batik-parang\aug_0_5256.jpeg,14,batik-parang,14,batik-parang,0.993305,True
C:\Users\dzaki\OneDrive\Dokumen\Bahasa Pemograman\Python\Batik\datasets\raw\dataset_augmented\batik-parang\aug_0_5265.jpeg,14,batik-parang,14,batik-parang,0.99894553,True
C:\Users\dzaki\OneDrive\Dokumen\Bahasa Pemograman\Python\Batik\datasets\raw\dataset_augmented\batik-parang\aug_0_5563.jpeg,14,batik-parang,14,batik-parang,0.992125,True
C:\Users\dzaki\OneDrive\Dokumen\Bahasa Pemograman\Python\Batik\datasets\raw\dataset_augmented\batik-parang\aug_0_5570.jpeg,14,batik-parang,14,batik-parang,0.9954071,True
C:\Users\dzaki\OneDrive\Dokumen\Bahasa Pemograman\Python\Batik\datasets\raw\dataset_augmented\batik-parang\aug_0_5618.jpeg,14,batik-parang,14,batik-parang,0.9909281,True
C:\Users\dzaki\OneDrive\Dokumen\Bahasa Pemograman\Python\Batik\datasets\raw\dataset_augmented\batik-parang\aug_0_5778.jpeg,14,batik-parang,14,batik-parang,0.9961449,True
C:\Users\dzaki\OneDrive\Dokumen\Bahasa Pemograman\Python\Batik\datasets\raw\dataset_augmented\batik-parang\aug_0_5838.jpeg,14,batik-parang,14,batik-parang,0.9847003,True
C:\Users\dzaki\OneDrive\Dokumen\Bahasa Pemograman\Python\Batik\datasets\raw\dataset_augmented\batik-parang\aug_0_5946.jpeg,14,batik-parang,14,batik-parang,0.9936352,True
C:\Users\dzaki\OneDrive\Dokumen\Bahasa Pemograman\Python\Batik\datasets\raw\dataset_augmented\batik-parang\aug_0_5948.jpeg,14,batik-parang,14,batik-parang,0.98662126,True
C:\Users\dzaki\OneDrive\Dokumen\Bahasa Pemograman\Python\Batik\datasets\raw\dataset_augmented\batik-parang\aug_0_6087.jpeg,14,batik-parang,14,batik-parang,0.97570455,True
C:\Users\dzaki\OneDrive\Dokumen\Bahasa Pemograman\Python\Batik\datasets\raw\dataset_augmented\batik-parang\aug_0_6223.jpeg,14,batik-parang,14,batik-parang,0.99032027,True
C:\Users\dzaki\OneDrive\Dokumen\Bahasa Pemograman\Python\Batik\datasets\raw\dataset_augmented\batik-parang\aug_0_6293.jpeg,14,batik-parang,14,batik-parang,0.9915342,True
C:\Users\dzaki\OneDrive\Dokumen\Bahasa Pemograman\Python\Batik\datasets\raw\dataset_augmented\batik-parang\aug_0_6346.jpeg,14,batik-parang,14,batik-parang,0.99779034,True
C:\Users\dzaki\OneDrive\Dokumen\Bahasa Pemograman\Python\Batik\datasets\raw\dataset_augmented\batik-parang\aug_0_6632.jpeg,14,batik-parang,14,batik-parang,0.9949174,True
C:\Users\dzaki\OneDrive\Dokumen\Bahasa Pemograman\Python\Batik\datasets\raw\dataset_augmented\batik-parang\aug_0_6641.jpeg,14,batik-parang,14,batik-parang,0.99078757,True
C:\Users\dzaki\OneDrive\Dokumen\Bahasa Pemograman\Python\Batik\datasets\raw\dataset_augmented\batik-parang\aug_0_6660.jpeg,14,batik-parang,14,batik-parang,0.9165796,True
C:\Users\dzaki\OneDrive\Dokumen\Bahasa Pemograman\Python\Batik\datasets\raw\dataset_augmented\batik-parang\aug_0_6664.jpeg,14,batik-parang,14,batik-parang,0.9987112,True
C:\Users\dzaki\OneDrive\Dokumen\Bahasa Pemograman\Python\Batik\datasets\raw\dataset_augmented\batik-parang\aug_0_6917.jpeg,14,batik-parang,14,batik-parang,0.7241705,True
C:\Users\dzaki\OneDrive\Dokumen\Bahasa Pemograman\Python\Batik\datasets\raw\dataset_augmented\batik-parang\aug_0_7010.jpeg,14,batik-parang,14,batik-parang,0.9602609,True
C:\Users\dzaki\OneDrive\Dokumen\Bahasa Pemograman\Python\Batik\datasets\raw\dataset_augmented\batik-parang\aug_0_7025.jpeg,14,batik-parang,14,batik-parang,0.96190083,True
C:\Users\dzaki\OneDrive\Dokumen\Bahasa Pemograman\Python\Batik\datasets\raw\dataset_augmented\batik-parang\aug_0_7097.jpeg,14,batik-parang,2,batik-bali,0.78969705,False
C:\Users\dzaki\OneDrive\Dokumen\Bahasa Pemograman\Python\Batik\datasets\raw\dataset_augmented\batik-parang\aug_0_7130.jpeg,14,batik-parang,14,batik-parang,0.9953537,True
C:\Users\dzaki\OneDrive\Dokumen\Bahasa Pemograman\Python\Batik\datasets\raw\dataset_augmented\batik-parang\aug_0_7254.jpeg,14,batik-parang,14,batik-parang,0.9981419,True
C:\Users\dzaki\OneDrive\Dokumen\Bahasa Pemograman\Python\Batik\datasets\raw\dataset_augmented\batik-parang\aug_0_7329.jpeg,14,batik-parang,14,batik-parang,0.9157896,True
C:\Users\dzaki\OneDrive\Dokumen\Bahasa Pemograman\Python\Batik\datasets\raw\dataset_augmented\batik-parang\aug_0_7479.jpeg,14,batik-parang,20,batik-sogan,0.65786064,False
C:\Users\dzaki\OneDrive\Dokumen\Bahasa Pemograman\Python\Batik\datasets\raw\dataset_augmented\batik-parang\aug_0_7495.jpeg,14,batik-parang,14,batik-parang,0.9999318,True
C:\Users\dzaki\OneDrive\Dokumen\Bahasa Pemograman\Python\Batik\datasets\raw\dataset_augmented\batik-parang\aug_0_7596.jpeg,14,batik-parang,14,batik-parang,0.8716057,True
C:\Users\dzaki\OneDrive\Dokumen\Bahasa Pemograman\Python\Batik\datasets\raw\dataset_augmented\batik-parang\aug_0_7642.jpeg,14,batik-parang,14,batik-parang,0.9859694,True
C:\Users\dzaki\OneDrive\Dokumen\Bahasa Pemograman\Python\Batik\datasets\raw\dataset_augmented\batik-parang\aug_0_7707.jpeg,14,batik-parang,14,batik-parang,0.9206643,True
C:\Users\dzaki\OneDrive\Dokumen\Bahasa Pemograman\Python\Batik\datasets\raw\dataset_augmented\batik-parang\aug_0_7746.jpeg,14,batik-parang,14,batik-parang,0.90161353,True
C:\Users\dzaki\OneDrive\Dokumen\Bahasa Pemograman\Python\Batik\datasets\raw\dataset_augmented\batik-parang\aug_0_7774.jpeg,14,batik-parang,14,batik-parang,0.9969812,True
C:\Users\dzaki\OneDrive\Dokumen\Bahasa Pemograman\Python\Batik\datasets\raw\dataset_augmented\batik-parang\aug_0_7877.jpeg,14,batik-parang,14,batik-parang,0.9935262,True
C:\Users\dzaki\OneDrive\Dokumen\Bahasa Pemograman\Python\Batik\datasets\raw\dataset_augmented\batik-parang\aug_0_7971.jpeg,14,batik-parang,14,batik-parang,0.96809465,True
C:\Users\dzaki\OneDrive\Dokumen\Bahasa Pemograman\Python\Batik\datasets\raw\dataset_augmented\batik-parang\aug_0_7974.jpeg,14,batik-parang,14,batik-parang,0.99166757,True
C:\Users\dzaki\OneDrive\Dokumen\Bahasa Pemograman\Python\Batik\datasets\raw\dataset_augmented\batik-parang\aug_0_8099.jpeg,14,batik-parang,14,batik-parang,0.99893135,True
C:\Users\dzaki\OneDrive\Dokumen\Bahasa Pemograman\Python\Batik\datasets\raw\dataset_augmented\batik-parang\aug_0_8125.jpeg,14,batik-parang,14,batik-parang,0.8308146,True
C:\Users\dzaki\OneDrive\Dokumen\Bahasa Pemograman\Python\Batik\datasets\raw\dataset_augmented\batik-parang\aug_0_8230.jpeg,14,batik-parang,14,batik-parang,0.3532502,True
C:\Users\dzaki\OneDrive\Dokumen\Bahasa Pemograman\Python\Batik\datasets\raw\dataset_augmented\batik-parang\aug_0_833.jpeg,14,batik-parang,14,batik-parang,0.90002644,True
C:\Users\dzaki\OneDrive\Dokumen\Bahasa Pemograman\Python\Batik\datasets\raw\dataset_augmented\batik-parang\aug_0_8389.jpeg,14,batik-parang,14,batik-parang,0.9985203,True
C:\Users\dzaki\OneDrive\Dokumen\Bahasa Pemograman\Python\Batik\datasets\raw\dataset_augmented\batik-parang\aug_0_8582.jpeg,14,batik-parang,14,batik-parang,0.9795196,True
C:\Users\dzaki\OneDrive\Dokumen\Bahasa Pemograman\Python\Batik\datasets\raw\dataset_augmented\batik-parang\aug_0_8723.jpeg,14,batik-parang,14,batik-parang,0.73130983,True
C:\Users\dzaki\OneDrive\Dokumen\Bahasa Pemograman\Python\Batik\datasets\raw\dataset_augmented\batik-parang\aug_0_8761.jpeg,14,batik-parang,14,batik-parang,0.81102246,True
C:\Users\dzaki\OneDrive\Dokumen\Bahasa Pemograman\Python\Batik\datasets\raw\dataset_augmented\batik-parang\aug_0_8774.jpeg,14,batik-parang,14,batik-parang,0.9955787,True
C:\Users\dzaki\OneDrive\Dokumen\Bahasa Pemograman\Python\Batik\datasets\raw\dataset_augmented\batik-parang\aug_0_8860.jpeg,14,batik-parang,14,batik-parang,0.9989641,True
C:\Users\dzaki\OneDrive\Dokumen\Bahasa Pemograman\Python\Batik\datasets\raw\dataset_augmented\batik-parang\aug_0_8887.jpeg,14,batik-parang,14,batik-parang,0.99561334,True
C:\Users\dzaki\OneDrive\Dokumen\Bahasa Pemograman\Python\Batik\datasets\raw\dataset_augmented\batik-parang\aug_0_9061.jpeg,14,batik-parang,14,batik-parang,0.5067938,True
C:\Users\dzaki\OneDrive\Dokumen\Bahasa Pemograman\Python\Batik\datasets\raw\dataset_augmented\batik-parang\aug_0_9094.jpeg,14,batik-parang,14,batik-parang,0.98190904,True
C:\Users\dzaki\OneDrive\Dokumen\Bahasa Pemograman\Python\Batik\datasets\raw\dataset_augmented\batik-parang\aug_0_9177.jpeg,14,batik-parang,14,batik-parang,0.9995832,True
C:\Users\dzaki\OneDrive\Dokumen\Bahasa Pemograman\Python\Batik\datasets\raw\dataset_augmented\batik-parang\aug_0_9355.jpeg,14,batik-parang,14,batik-parang,0.6776114,True
C:\Users\dzaki\OneDrive\Dokumen\Bahasa Pemograman\Python\Batik\datasets\raw\dataset_augmented\batik-parang\aug_0_9371.jpeg,14,batik-parang,14,batik-parang,0.9994068,True
C:\Users\dzaki\OneDrive\Dokumen\Bahasa Pemograman\Python\Batik\datasets\raw\dataset_augmented\batik-parang\aug_0_9380.jpeg,14,batik-parang,14,batik-parang,0.95503736,True
C:\Users\dzaki\OneDrive\Dokumen\Bahasa Pemograman\Python\Batik\datasets\raw\dataset_augmented\batik-parang\aug_0_9382.jpeg,14,batik-parang,14,batik-parang,0.9974667,True
C:\Users\dzaki\OneDrive\Dokumen\Bahasa Pemograman\Python\Batik\datasets\raw\dataset_augmented\batik-parang\aug_0_9439.jpeg,14,batik-parang,14,batik-parang,0.9904607,True
C:\Users\dzaki\OneDrive\Dokumen\Bahasa Pemograman\Python\Batik\datasets\raw\dataset_augmented\batik-parang\aug_0_9479.jpeg,14,batik-parang,14,batik-parang,0.81353426,True
C:\Users\dzaki\OneDrive\Dokumen\Bahasa Pemograman\Python\Batik\datasets\raw\dataset_augmented\batik-parang\aug_0_952.jpeg,14,batik-parang,2,batik-bali,0.5050807,False
C:\Users\dzaki\OneDrive\Dokumen\Bahasa Pemograman\Python\Batik\datasets\raw\dataset_augmented\batik-parang\aug_0_9560.jpeg,14,batik-parang,14,batik-parang,0.9976763,True
C:\Users\dzaki\OneDrive\Dokumen\Bahasa Pemograman\Python\Batik\datasets\raw\dataset_augmented\batik-parang\aug_0_9618.jpeg,14,batik-parang,14,batik-parang,0.97281545,True
C:\Users\dzaki\OneDrive\Dokumen\Bahasa Pemograman\Python\Batik\datasets\raw\dataset_augmented\batik-parang\aug_0_9701.jpeg,14,batik-parang,14,batik-parang,0.9979913,True
C:\Users\dzaki\OneDrive\Dokumen\Bahasa Pemograman\Python\Batik\datasets\raw\dataset_augmented\batik-parang\aug_0_9770.jpeg,14,batik-parang,14,batik-parang,0.9987727,True
C:\Users\dzaki\OneDrive\Dokumen\Bahasa Pemograman\Python\Batik\datasets\raw\dataset_augmented\batik-parang\aug_0_9822.jpeg,14,batik-parang,14,batik-parang,0.96119606,True
C:\Users\dzaki\OneDrive\Dokumen\Bahasa Pemograman\Python\Batik\datasets\raw\dataset_augmented\batik-parang\aug_0_9874.jpeg,14,batik-parang,14,batik-parang,0.9988255,True
C:\Users\dzaki\OneDrive\Dokumen\Bahasa Pemograman\Python\Batik\datasets\raw\dataset_augmented\batik-parang\aug_0_9876.jpeg,14,batik-parang,14,batik-parang,0.9992386,True
C:\Users\dzaki\OneDrive\Dokumen\Bahasa Pemograman\Python\Batik\datasets\raw\dataset_augmented\batik-pekalongan\aug_0_1376.jpeg,15,batik-pekalongan,15,batik-pekalongan,0.67361796,True
C:\Users\dzaki\OneDrive\Dokumen\Bahasa Pemograman\Python\Batik\datasets\raw\dataset_augmented\batik-pekalongan\aug_0_1664.jpeg,15,batik-pekalongan,15,batik-pekalongan,0.70417124,True
C:\Users\dzaki\OneDrive\Dokumen\Bahasa Pemograman\Python\Batik\datasets\raw\dataset_augmented\batik-pekalongan\aug_0_2118.jpeg,15,batik-pekalongan,15,batik-pekalongan,0.8137929,True
C:\Users\dzaki\OneDrive\Dokumen\Bahasa Pemograman\Python\Batik\datasets\raw\dataset_augmented\batik-pekalongan\aug_0_215.jpeg,15,batik-pekalongan,15,batik-pekalongan,0.41543564,True
C:\Users\dzaki\OneDrive\Dokumen\Bahasa Pemograman\Python\Batik\datasets\raw\dataset_augmented\batik-pekalongan\aug_0_218.jpeg,15,batik-pekalongan,14,batik-parang,0.9958859,False
C:\Users\dzaki\OneDrive\Dokumen\Bahasa Pemograman\Python\Batik\datasets\raw\dataset_augmented\batik-pekalongan\aug_0_2537.jpeg,15,batik-pekalongan,15,batik-pekalongan,0.7750398,True
C:\Users\dzaki\OneDrive\Dokumen\Bahasa Pemograman\Python\Batik\datasets\raw\dataset_augmented\batik-pekalongan\aug_0_2608.jpeg,15,batik-pekalongan,15,batik-pekalongan,0.55625015,True
C:\Users\dzaki\OneDrive\Dokumen\Bahasa Pemograman\Python\Batik\datasets\raw\dataset_augmented\batik-pekalongan\aug_0_2798.jpeg,15,batik-pekalongan,34,Sumatera_Utara_Boraspati,0.5530473,False
C:\Users\dzaki\OneDrive\Dokumen\Bahasa Pemograman\Python\Batik\datasets\raw\dataset_augmented\batik-pekalongan\aug_0_2820.jpeg,15,batik-pekalongan,15,batik-pekalongan,0.76901925,True
C:\Users\dzaki\OneDrive\Dokumen\Bahasa Pemograman\Python\Batik\datasets\raw\dataset_augmented\batik-pekalongan\aug_0_3251.jpeg,15,batik-pekalongan,15,batik-pekalongan,0.6564109,True
C:\Users\dzaki\OneDrive\Dokumen\Bahasa Pemograman\Python\Batik\datasets\raw\dataset_augmented\batik-pekalongan\aug_0_3410.jpeg,15,batik-pekalongan,15,batik-pekalongan,0.8668189,True
C:\Users\dzaki\OneDrive\Dokumen\Bahasa Pemograman\Python\Batik\datasets\raw\dataset_augmented\batik-pekalongan\aug_0_3496.jpeg,15,batik-pekalongan,15,batik-pekalongan,0.49745026,True
C:\Users\dzaki\OneDrive\Dokumen\Bahasa Pemograman\Python\Batik\datasets\raw\dataset_augmented\batik-pekalongan\aug_0_4252.jpeg,15,batik-pekalongan,14,batik-parang,0.94878185,False
C:\Users\dzaki\OneDrive\Dokumen\Bahasa Pemograman\Python\Batik\datasets\raw\dataset_augmented\batik-pekalongan\aug_0_4274.jpeg,15,batik-pekalongan,15,batik-pekalongan,0.59657305,True
C:\Users\dzaki\OneDrive\Dokumen\Bahasa Pemograman\Python\Batik\datasets\raw\dataset_augmented\batik-pekalongan\aug_0_4470.jpeg,15,batik-pekalongan,2,batik-bali,0.6947447,False
C:\Users\dzaki\OneDrive\Dokumen\Bahasa Pemograman\Python\Batik\datasets\raw\dataset_augmented\batik-pekalongan\aug_0_4861.jpeg,15,batik-pekalongan,15,batik-pekalongan,0.9450088,True
C:\Users\dzaki\OneDrive\Dokumen\Bahasa Pemograman\Python\Batik\datasets\raw\dataset_augmented\batik-pekalongan\aug_0_4864.jpeg,15,batik-pekalongan,15,batik-pekalongan,0.5777649,True
C:\Users\dzaki\OneDrive\Dokumen\Bahasa Pemograman\Python\Batik\datasets\raw\dataset_augmented\batik-pekalongan\aug_0_4976.jpeg,15,batik-pekalongan,16,batik-priangan,0.22685635,False
C:\Users\dzaki\OneDrive\Dokumen\Bahasa Pemograman\Python\Batik\datasets\raw\dataset_augmented\batik-pekalongan\aug_0_5042.jpeg,15,batik-pekalongan,15,batik-pekalongan,0.6623209,True
C:\Users\dzaki\OneDrive\Dokumen\Bahasa Pemograman\Python\Batik\datasets\raw\dataset_augmented\batik-pekalongan\aug_0_5279.jpeg,15,batik-pekalongan,15,batik-pekalongan,0.45712003,True
C:\Users\dzaki\OneDrive\Dokumen\Bahasa Pemograman\Python\Batik\datasets\raw\dataset_augmented\batik-pekalongan\aug_0_5282.jpeg,15,batik-pekalongan,2,batik-bali,0.49133918,False
C:\Users\dzaki\OneDrive\Dokumen\Bahasa Pemograman\Python\Batik\datasets\raw\dataset_augmented\batik-pekalongan\aug_0_5604.jpeg,15,batik-pekalongan,2,batik-bali,0.5599024,False
C:\Users\dzaki\OneDrive\Dokumen\Bahasa Pemograman\Python\Batik\datasets\raw\dataset_augmented\batik-pekalongan\aug_0_5970.jpeg,15,batik-pekalongan,34,Sumatera_Utara_Boraspati,0.48804912,False
C:\Users\dzaki\OneDrive\Dokumen\Bahasa Pemograman\Python\Batik\datasets\raw\dataset_augmented\batik-pekalongan\aug_0_6019.jpeg,15,batik-pekalongan,15,batik-pekalongan,0.7526111,True
C:\Users\dzaki\OneDrive\Dokumen\Bahasa Pemograman\Python\Batik\datasets\raw\dataset_augmented\batik-pekalongan\aug_0_6062.jpeg,15,batik-pekalongan,15,batik-pekalongan,0.4973061,True
C:\Users\dzaki\OneDrive\Dokumen\Bahasa Pemograman\Python\Batik\datasets\raw\dataset_augmented\batik-pekalongan\aug_0_6140.jpeg,15,batik-pekalongan,2,batik-bali,0.600009,False
C:\Users\dzaki\OneDrive\Dokumen\Bahasa Pemograman\Python\Batik\datasets\raw\dataset_augmented\batik-pekalongan\aug_0_6320.jpeg,15,batik-pekalongan,15,batik-pekalongan,0.5313039,True
C:\Users\dzaki\OneDrive\Dokumen\Bahasa Pemograman\Python\Batik\datasets\raw\dataset_augmented\batik-pekalongan\aug_0_6363.jpeg,15,batik-pekalongan,15,batik-pekalongan,0.6744985,True
C:\Users\dzaki\OneDrive\Dokumen\Bahasa Pemograman\Python\Batik\datasets\raw\dataset_augmented\batik-pekalongan\aug_0_6365.jpeg,15,batik-pekalongan,2,batik-bali,0.32161483,False
C:\Users\dzaki\OneDrive\Dokumen\Bahasa Pemograman\Python\Batik\datasets\raw\dataset_augmented\batik-pekalongan\aug_0_6384.jpeg,15,batik-pekalongan,15,batik-pekalongan,0.79510987,True
C:\Users\dzaki\OneDrive\Dokumen\Bahasa Pemograman\Python\Batik\datasets\raw\dataset_augmented\batik-pekalongan\aug_0_7509.jpeg,15,batik-pekalongan,15,batik-pekalongan,0.8292244,True
C:\Users\dzaki\OneDrive\Dokumen\Bahasa Pemograman\Python\Batik\datasets\raw\dataset_augmented\batik-pekalongan\aug_0_7898.jpeg,15,batik-pekalongan,15,batik-pekalongan,0.8043488,True
C:\Users\dzaki\OneDrive\Dokumen\Bahasa Pemograman\Python\Batik\datasets\raw\dataset_augmented\batik-pekalongan\aug_0_795.jpeg,15,batik-pekalongan,14,batik-parang,0.99733645,False
C:\Users\dzaki\OneDrive\Dokumen\Bahasa Pemograman\Python\Batik\datasets\raw\dataset_augmented\batik-pekalongan\aug_0_8121.jpeg,15,batik-pekalongan,14,batik-parang,0.99330795,False
C:\Users\dzaki\OneDrive\Dokumen\Bahasa Pemograman\Python\Batik\datasets\raw\dataset_augmented\batik-pekalongan\aug_0_8193.jpeg,15,batik-pekalongan,15,batik-pekalongan,0.6958788,True
C:\Users\dzaki\OneDrive\Dokumen\Bahasa Pemograman\Python\Batik\datasets\raw\dataset_augmented\batik-pekalongan\aug_0_8219.jpeg,15,batik-pekalongan,15,batik-pekalongan,0.6934576,True
C:\Users\dzaki\OneDrive\Dokumen\Bahasa Pemograman\Python\Batik\datasets\raw\dataset_augmented\batik-pekalongan\aug_0_8234.jpeg,15,batik-pekalongan,15,batik-pekalongan,0.82083243,True
C:\Users\dzaki\OneDrive\Dokumen\Bahasa Pemograman\Python\Batik\datasets\raw\dataset_augmented\batik-pekalongan\aug_0_8447.jpeg,15,batik-pekalongan,15,batik-pekalongan,0.4564807,True
C:\Users\dzaki\OneDrive\Dokumen\Bahasa Pemograman\Python\Batik\datasets\raw\dataset_augmented\batik-pekalongan\aug_0_8675.jpeg,15,batik-pekalongan,15,batik-pekalongan,0.5656798,True
C:\Users\dzaki\OneDrive\Dokumen\Bahasa Pemograman\Python\Batik\datasets\raw\dataset_augmented\batik-pekalongan\aug_0_9357.jpeg,15,batik-pekalongan,16,batik-priangan,0.6257739,False
C:\Users\dzaki\OneDrive\Dokumen\Bahasa Pemograman\Python\Batik\datasets\raw\dataset_augmented\batik-pekalongan\aug_0_9361.jpeg,15,batik-pekalongan,15,batik-pekalongan,0.8112772,True
C:\Users\dzaki\OneDrive\Dokumen\Bahasa Pemograman\Python\Batik\datasets\raw\dataset_augmented\batik-pekalongan\aug_0_9460.jpeg,15,batik-pekalongan,2,batik-bali,0.5990272,False
C:\Users\dzaki\OneDrive\Dokumen\Bahasa Pemograman\Python\Batik\datasets\raw\dataset_augmented\batik-pekalongan\aug_0_950.jpeg,15,batik-pekalongan,15,batik-pekalongan,0.9452391,True
C:\Users\dzaki\OneDrive\Dokumen\Bahasa Pemograman\Python\Batik\datasets\raw\dataset_augmented\batik-pekalongan\aug_0_9541.jpeg,15,batik-pekalongan,15,batik-pekalongan,0.5364712,True
C:\Users\dzaki\OneDrive\Dokumen\Bahasa Pemograman\Python\Batik\datasets\raw\dataset_augmented\batik-pekalongan\aug_0_9554.jpeg,15,batik-pekalongan,2,batik-bali,0.46875355,False
C:\Users\dzaki\OneDrive\Dokumen\Bahasa Pemograman\Python\Batik\datasets\raw\dataset_augmented\batik-pekalongan\aug_0_9576.jpeg,15,batik-pekalongan,2,batik-bali,0.74159896,False
C:\Users\dzaki\OneDrive\Dokumen\Bahasa Pemograman\Python\Batik\datasets\raw\dataset_augmented\batik-pekalongan\aug_0_9939.jpeg,15,batik-pekalongan,15,batik-pekalongan,0.9125069,True
C:\Users\dzaki\OneDrive\Dokumen\Bahasa Pemograman\Python\Batik\datasets\raw\dataset_augmented\batik-pekalongan\aug_0_9946.jpeg,15,batik-pekalongan,2,batik-bali,0.48678178,False
C:\Users\dzaki\OneDrive\Dokumen\Bahasa Pemograman\Python\Batik\datasets\raw\dataset_augmented\batik-priangan\aug_0_1198.jpeg,16,batik-priangan,18,batik-sidoluhur,0.8813538,False
C:\Users\dzaki\OneDrive\Dokumen\Bahasa Pemograman\Python\Batik\datasets\raw\dataset_augmented\batik-priangan\aug_0_1230.jpeg,16,batik-priangan,16,batik-priangan,0.93362826,True
C:\Users\dzaki\OneDrive\Dokumen\Bahasa Pemograman\Python\Batik\datasets\raw\dataset_augmented\batik-priangan\aug_0_1257.jpeg,16,batik-priangan,16,batik-priangan,0.5379239,True
C:\Users\dzaki\OneDrive\Dokumen\Bahasa Pemograman\Python\Batik\datasets\raw\dataset_augmented\batik-priangan\aug_0_1480.jpeg,16,batik-priangan,16,batik-priangan,0.9497245,True
C:\Users\dzaki\OneDrive\Dokumen\Bahasa Pemograman\Python\Batik\datasets\raw\dataset_augmented\batik-priangan\aug_0_1499.jpeg,16,batik-priangan,21,batik-tambal,0.63481134,False
C:\Users\dzaki\OneDrive\Dokumen\Bahasa Pemograman\Python\Batik\datasets\raw\dataset_augmented\batik-priangan\aug_0_1815.jpeg,16,batik-priangan,16,batik-priangan,0.9834601,True
C:\Users\dzaki\OneDrive\Dokumen\Bahasa Pemograman\Python\Batik\datasets\raw\dataset_augmented\batik-priangan\aug_0_220.jpeg,16,batik-priangan,16,batik-priangan,0.8190043,True
C:\Users\dzaki\OneDrive\Dokumen\Bahasa Pemograman\Python\Batik\datasets\raw\dataset_augmented\batik-priangan\aug_0_2325.jpeg,16,batik-priangan,16,batik-priangan,0.4774812,True
C:\Users\dzaki\OneDrive\Dokumen\Bahasa Pemograman\Python\Batik\datasets\raw\dataset_augmented\batik-priangan\aug_0_2371.jpeg,16,batik-priangan,16,batik-priangan,0.59073657,True
C:\Users\dzaki\OneDrive\Dokumen\Bahasa Pemograman\Python\Batik\datasets\raw\dataset_augmented\batik-priangan\aug_0_2763.jpeg,16,batik-priangan,27,Maluku_Pala,0.2731393,False
C:\Users\dzaki\OneDrive\Dokumen\Bahasa Pemograman\Python\Batik\datasets\raw\dataset_augmented\batik-priangan\aug_0_2798.jpeg,16,batik-priangan,16,batik-priangan,0.8696425,True
C:\Users\dzaki\OneDrive\Dokumen\Bahasa Pemograman\Python\Batik\datasets\raw\dataset_augmented\batik-priangan\aug_0_3148.jpeg,16,batik-priangan,16,batik-priangan,0.5057969,True
C:\Users\dzaki\OneDrive\Dokumen\Bahasa Pemograman\Python\Batik\datasets\raw\dataset_augmented\batik-priangan\aug_0_3247.jpeg,16,batik-priangan,16,batik-priangan,0.62043536,True
C:\Users\dzaki\OneDrive\Dokumen\Bahasa Pemograman\Python\Batik\datasets\raw\dataset_augmented\batik-priangan\aug_0_3343.jpeg,16,batik-priangan,33,Sumatera_Barat_Rumah_Minang,0.7900716,False
C:\Users\dzaki\OneDrive\Dokumen\Bahasa Pemograman\Python\Batik\datasets\raw\dataset_augmented\batik-priangan\aug_0_3658.jpeg,16,batik-priangan,16,batik-priangan,0.41921127,True
C:\Users\dzaki\OneDrive\Dokumen\Bahasa Pemograman\Python\Batik\datasets\raw\dataset_augmented\batik-priangan\aug_0_389.jpeg,16,batik-priangan,16,batik-priangan,0.4723263,True
C:\Users\dzaki\OneDrive\Dokumen\Bahasa Pemograman\Python\Batik\datasets\raw\dataset_augmented\batik-priangan\aug_0_3997.jpeg,16,batik-priangan,20,batik-sogan,0.6907122,False
C:\Users\dzaki\OneDrive\Dokumen\Bahasa Pemograman\Python\Batik\datasets\raw\dataset_augmented\batik-priangan\aug_0_4191.jpeg,16,batik-priangan,16,batik-priangan,0.99493873,True
C:\Users\dzaki\OneDrive\Dokumen\Bahasa Pemograman\Python\Batik\datasets\raw\dataset_augmented\batik-priangan\aug_0_4291.jpeg,16,batik-priangan,16,batik-priangan,0.54251945,True
C:\Users\dzaki\OneDrive\Dokumen\Bahasa Pemograman\Python\Batik\datasets\raw\dataset_augmented\batik-priangan\aug_0_4823.jpeg,16,batik-priangan,16,batik-priangan,0.40362364,True
C:\Users\dzaki\OneDrive\Dokumen\Bahasa Pemograman\Python\Batik\datasets\raw\dataset_augmented\batik-priangan\aug_0_4828.jpeg,16,batik-priangan,16,batik-priangan,0.9861341,True
C:\Users\dzaki\OneDrive\Dokumen\Bahasa Pemograman\Python\Batik\datasets\raw\dataset_augmented\batik-priangan\aug_0_493.jpeg,16,batik-priangan,16,batik-priangan,0.9323226,True
C:\Users\dzaki\OneDrive\Dokumen\Bahasa Pemograman\Python\Batik\datasets\raw\dataset_augmented\batik-priangan\aug_0_5150.jpeg,16,batik-priangan,16,batik-priangan,0.65290624,True
C:\Users\dzaki\OneDrive\Dokumen\Bahasa Pemograman\Python\Batik\datasets\raw\dataset_augmented\batik-priangan\aug_0_5198.jpeg,16,batik-priangan,16,batik-priangan,0.83104706,True
C:\Users\dzaki\OneDrive\Dokumen\Bahasa Pemograman\Python\Batik\datasets\raw\dataset_augmented\batik-priangan\aug_0_5280.jpeg,16,batik-priangan,16,batik-priangan,0.93513054,True
C:\Users\dzaki\OneDrive\Dokumen\Bahasa Pemograman\Python\Batik\datasets\raw\dataset_augmented\batik-priangan\aug_0_5366.jpeg,16,batik-priangan,16,batik-priangan,0.71841764,True
C:\Users\dzaki\OneDrive\Dokumen\Bahasa Pemograman\Python\Batik\datasets\raw\dataset_augmented\batik-priangan\aug_0_5500.jpeg,16,batik-priangan,2,batik-bali,0.37573,False
C:\Users\dzaki\OneDrive\Dokumen\Bahasa Pemograman\Python\Batik\datasets\raw\dataset_augmented\batik-priangan\aug_0_5768.jpeg,16,batik-priangan,16,batik-priangan,0.65288013,True
C:\Users\dzaki\OneDrive\Dokumen\Bahasa Pemograman\Python\Batik\datasets\raw\dataset_augmented\batik-priangan\aug_0_5895.jpeg,16,batik-priangan,16,batik-priangan,0.8723879,True
C:\Users\dzaki\OneDrive\Dokumen\Bahasa Pemograman\Python\Batik\datasets\raw\dataset_augmented\batik-priangan\aug_0_5910.jpeg,16,batik-priangan,23,Jawa_Timur_Pring,0.6072289,False
C:\Users\dzaki\OneDrive\Dokumen\Bahasa Pemograman\Python\Batik\datasets\raw\dataset_augmented\batik-priangan\aug_0_601.jpeg,16,batik-priangan,16,batik-priangan,0.95952743,True
C:\Users\dzaki\OneDrive\Dokumen\Bahasa Pemograman\Python\Batik\datasets\raw\dataset_augmented\batik-priangan\aug_0_639.jpeg,16,batik-priangan,16,batik-priangan,0.87702197,True
C:\Users\dzaki\OneDrive\Dokumen\Bahasa Pemograman\Python\Batik\datasets\raw\dataset_augmented\batik-priangan\aug_0_7283.jpeg,16,batik-priangan,16,batik-priangan,0.8921732,True
C:\Users\dzaki\OneDrive\Dokumen\Bahasa Pemograman\Python\Batik\datasets\raw\dataset_augmented\batik-priangan\aug_0_7547.jpeg,16,batik-priangan,16,batik-priangan,0.66471964,True
C:\Users\dzaki\OneDrive\Dokumen\Bahasa Pemograman\Python\Batik\datasets\raw\dataset_augmented\batik-priangan\aug_0_7699.jpeg,16,batik-priangan,2,batik-bali,0.2490597,False
C:\Users\dzaki\OneDrive\Dokumen\Bahasa Pemograman\Python\Batik\datasets\raw\dataset_augmented\batik-priangan\aug_0_7717.jpeg,16,batik-priangan,16,batik-priangan,0.55335295,True
C:\Users\dzaki\OneDrive\Dokumen\Bahasa Pemograman\Python\Batik\datasets\raw\dataset_augmented\batik-priangan\aug_0_7794.jpeg,16,batik-priangan,16,batik-priangan,0.76929605,True
C:\Users\dzaki\OneDrive\Dokumen\Bahasa Pemograman\Python\Batik\datasets\raw\dataset_augmented\batik-priangan\aug_0_7874.jpeg,16,batik-priangan,16,batik-priangan,0.89280593,True
C:\Users\dzaki\OneDrive\Dokumen\Bahasa Pemograman\Python\Batik\datasets\raw\dataset_augmented\batik-priangan\aug_0_8035.jpeg,16,batik-priangan,20,batik-sogan,0.47007033,False
C:\Users\dzaki\OneDrive\Dokumen\Bahasa Pemograman\Python\Batik\datasets\raw\dataset_augmented\batik-priangan\aug_0_8113.jpeg,16,batik-priangan,16,batik-priangan,0.98537725,True
C:\Users\dzaki\OneDrive\Dokumen\Bahasa Pemograman\Python\Batik\datasets\raw\dataset_augmented\batik-priangan\aug_0_8162.jpeg,16,batik-priangan,16,batik-priangan,0.94113284,True
C:\Users\dzaki\OneDrive\Dokumen\Bahasa Pemograman\Python\Batik\datasets\raw\dataset_augmented\batik-priangan\aug_0_8487.jpeg,16,batik-priangan,16,batik-priangan,0.5838804,True
C:\Users\dzaki\OneDrive\Dokumen\Bahasa Pemograman\Python\Batik\datasets\raw\dataset_augmented\batik-priangan\aug_0_8496.jpeg,16,batik-priangan,8,batik-garutan,0.5247419,False
C:\Users\dzaki\OneDrive\Dokumen\Bahasa Pemograman\Python\Batik\datasets\raw\dataset_augmented\batik-priangan\aug_0_8662.jpeg,16,batik-priangan,16,batik-priangan,0.84310246,True
C:\Users\dzaki\OneDrive\Dokumen\Bahasa Pemograman\Python\Batik\datasets\raw\dataset_augmented\batik-priangan\aug_0_8777.jpeg,16,batik-priangan,16,batik-priangan,0.67605466,True
C:\Users\dzaki\OneDrive\Dokumen\Bahasa Pemograman\Python\Batik\datasets\raw\dataset_augmented\batik-priangan\aug_0_9118.jpeg,16,batik-priangan,16,batik-priangan,0.6395966,True
C:\Users\dzaki\OneDrive\Dokumen\Bahasa Pemograman\Python\Batik\datasets\raw\dataset_augmented\batik-priangan\aug_0_9138.jpeg,16,batik-priangan,16,batik-priangan,0.8949754,True
C:\Users\dzaki\OneDrive\Dokumen\Bahasa Pemograman\Python\Batik\datasets\raw\dataset_augmented\batik-priangan\aug_0_9404.jpeg,16,batik-priangan,16,batik-priangan,0.6436884,True
C:\Users\dzaki\OneDrive\Dokumen\Bahasa Pemograman\Python\Batik\datasets\raw\dataset_augmented\batik-priangan\aug_0_9472.jpeg,16,batik-priangan,16,batik-priangan,0.97276527,True
C:\Users\dzaki\OneDrive\Dokumen\Bahasa Pemograman\Python\Batik\datasets\raw\dataset_augmented\batik-priangan\aug_0_9724.jpeg,16,batik-priangan,16,batik-priangan,0.9349797,True
C:\Users\dzaki\OneDrive\Dokumen\Bahasa Pemograman\Python\Batik\datasets\raw\dataset_augmented\batik-priangan\aug_0_9854.jpeg,16,batik-priangan,16,batik-priangan,0.5643135,True
C:\Users\dzaki\OneDrive\Dokumen\Bahasa Pemograman\Python\Batik\datasets\raw\dataset_augmented\batik-priangan\aug_0_9943.jpeg,16,batik-priangan,16,batik-priangan,0.40784535,True
C:\Users\dzaki\OneDrive\Dokumen\Bahasa Pemograman\Python\Batik\datasets\raw\dataset_augmented\batik-sekar\aug_0_1067.jpeg,17,batik-sekar,17,batik-sekar,0.9233936,True
C:\Users\dzaki\OneDrive\Dokumen\Bahasa Pemograman\Python\Batik\datasets\raw\dataset_augmented\batik-sekar\aug_0_1298.jpeg,17,batik-sekar,17,batik-sekar,0.9584472,True
C:\Users\dzaki\OneDrive\Dokumen\Bahasa Pemograman\Python\Batik\datasets\raw\dataset_augmented\batik-sekar\aug_0_1660.jpeg,17,batik-sekar,17,batik-sekar,0.94366395,True
C:\Users\dzaki\OneDrive\Dokumen\Bahasa Pemograman\Python\Batik\datasets\raw\dataset_augmented\batik-sekar\aug_0_1965.jpeg,17,batik-sekar,17,batik-sekar,0.7269335,True
C:\Users\dzaki\OneDrive\Dokumen\Bahasa Pemograman\Python\Batik\datasets\raw\dataset_augmented\batik-sekar\aug_0_2097.jpeg,17,batik-sekar,17,batik-sekar,0.97461796,True
C:\Users\dzaki\OneDrive\Dokumen\Bahasa Pemograman\Python\Batik\datasets\raw\dataset_augmented\batik-sekar\aug_0_2288.jpeg,17,batik-sekar,17,batik-sekar,0.9737844,True
C:\Users\dzaki\OneDrive\Dokumen\Bahasa Pemograman\Python\Batik\datasets\raw\dataset_augmented\batik-sekar\aug_0_246.jpeg,17,batik-sekar,17,batik-sekar,0.98342544,True
C:\Users\dzaki\OneDrive\Dokumen\Bahasa Pemograman\Python\Batik\datasets\raw\dataset_augmented\batik-sekar\aug_0_2620.jpeg,17,batik-sekar,17,batik-sekar,0.52235943,True
C:\Users\dzaki\OneDrive\Dokumen\Bahasa Pemograman\Python\Batik\datasets\raw\dataset_augmented\batik-sekar\aug_0_3554.jpeg,17,batik-sekar,17,batik-sekar,0.97561014,True
C:\Users\dzaki\OneDrive\Dokumen\Bahasa Pemograman\Python\Batik\datasets\raw\dataset_augmented\batik-sekar\aug_0_3576.jpeg,17,batik-sekar,17,batik-sekar,0.8155892,True
C:\Users\dzaki\OneDrive\Dokumen\Bahasa Pemograman\Python\Batik\datasets\raw\dataset_augmented\batik-sekar\aug_0_3758.jpeg,17,batik-sekar,17,batik-sekar,0.80521196,True
C:\Users\dzaki\OneDrive\Dokumen\Bahasa Pemograman\Python\Batik\datasets\raw\dataset_augmented\batik-sekar\aug_0_4372.jpeg,17,batik-sekar,17,batik-sekar,0.94189984,True
C:\Users\dzaki\OneDrive\Dokumen\Bahasa Pemograman\Python\Batik\datasets\raw\dataset_augmented\batik-sekar\aug_0_4503.jpeg,17,batik-sekar,3,batik-betawi,0.5970424,False
C:\Users\dzaki\OneDrive\Dokumen\Bahasa Pemograman\Python\Batik\datasets\raw\dataset_augmented\batik-sekar\aug_0_4837.jpeg,17,batik-sekar,17,batik-sekar,0.9986291,True
C:\Users\dzaki\OneDrive\Dokumen\Bahasa Pemograman\Python\Batik\datasets\raw\dataset_augmented\batik-sekar\aug_0_4872.jpeg,17,batik-sekar,17,batik-sekar,0.90428704,True
C:\Users\dzaki\OneDrive\Dokumen\Bahasa Pemograman\Python\Batik\datasets\raw\dataset_augmented\batik-sekar\aug_0_4936.jpeg,17,batik-sekar,17,batik-sekar,0.72251153,True
C:\Users\dzaki\OneDrive\Dokumen\Bahasa Pemograman\Python\Batik\datasets\raw\dataset_augmented\batik-sekar\aug_0_5270.jpeg,17,batik-sekar,17,batik-sekar,0.91978717,True
C:\Users\dzaki\OneDrive\Dokumen\Bahasa Pemograman\Python\Batik\datasets\raw\dataset_augmented\batik-sekar\aug_0_5636.jpeg,17,batik-sekar,17,batik-sekar,0.9749665,True
C:\Users\dzaki\OneDrive\Dokumen\Bahasa Pemograman\Python\Batik\datasets\raw\dataset_augmented\batik-sekar\aug_0_5638.jpeg,17,batik-sekar,17,batik-sekar,0.665659,True
C:\Users\dzaki\OneDrive\Dokumen\Bahasa Pemograman\Python\Batik\datasets\raw\dataset_augmented\batik-sekar\aug_0_6327.jpeg,17,batik-sekar,17,batik-sekar,0.9721085,True
C:\Users\dzaki\OneDrive\Dokumen\Bahasa Pemograman\Python\Batik\datasets\raw\dataset_augmented\batik-sekar\aug_0_633.jpeg,17,batik-sekar,17,batik-sekar,0.9933222,True
C:\Users\dzaki\OneDrive\Dokumen\Bahasa Pemograman\Python\Batik\datasets\raw\dataset_augmented\batik-sekar\aug_0_6435.jpeg,17,batik-sekar,17,batik-sekar,0.64480734,True
C:\Users\dzaki\OneDrive\Dokumen\Bahasa Pemograman\Python\Batik\datasets\raw\dataset_augmented\batik-sekar\aug_0_6547.jpeg,17,batik-sekar,17,batik-sekar,0.8040905,True
C:\Users\dzaki\OneDrive\Dokumen\Bahasa Pemograman\Python\Batik\datasets\raw\dataset_augmented\batik-sekar\aug_0_6732.jpeg,17,batik-sekar,17,batik-sekar,0.99722433,True
C:\Users\dzaki\OneDrive\Dokumen\Bahasa Pemograman\Python\Batik\datasets\raw\dataset_augmented\batik-sekar\aug_0_6750.jpeg,17,batik-sekar,17,batik-sekar,0.97642595,True
C:\Users\dzaki\OneDrive\Dokumen\Bahasa Pemograman\Python\Batik\datasets\raw\dataset_augmented\batik-sekar\aug_0_6938.jpeg,17,batik-sekar,17,batik-sekar,0.7258027,True
C:\Users\dzaki\OneDrive\Dokumen\Bahasa Pemograman\Python\Batik\datasets\raw\dataset_augmented\batik-sekar\aug_0_6948.jpeg,17,batik-sekar,21,batik-tambal,0.73573136,False
C:\Users\dzaki\OneDrive\Dokumen\Bahasa Pemograman\Python\Batik\datasets\raw\dataset_augmented\batik-sekar\aug_0_7690.jpeg,17,batik-sekar,17,batik-sekar,0.46673107,True
C:\Users\dzaki\OneDrive\Dokumen\Bahasa Pemograman\Python\Batik\datasets\raw\dataset_augmented\batik-sekar\aug_0_7704.jpeg,17,batik-sekar,17,batik-sekar,0.9881372,True
C:\Users\dzaki\OneDrive\Dokumen\Bahasa Pemograman\Python\Batik\datasets\raw\dataset_augmented\batik-sekar\aug_0_7779.jpeg,17,batik-sekar,17,batik-sekar,0.82629645,True
C:\Users\dzaki\OneDrive\Dokumen\Bahasa Pemograman\Python\Batik\datasets\raw\dataset_augmented\batik-sekar\aug_0_7920.jpeg,17,batik-sekar,17,batik-sekar,0.82311463,True
C:\Users\dzaki\OneDrive\Dokumen\Bahasa Pemograman\Python\Batik\datasets\raw\dataset_augmented\batik-sekar\aug_0_7960.jpeg,17,batik-sekar,17,batik-sekar,0.9517419,True
C:\Users\dzaki\OneDrive\Dokumen\Bahasa Pemograman\Python\Batik\datasets\raw\dataset_augmented\batik-sekar\aug_0_8153.jpeg,17,batik-sekar,17,batik-sekar,0.57896763,True
C:\Users\dzaki\OneDrive\Dokumen\Bahasa Pemograman\Python\Batik\datasets\raw\dataset_augmented\batik-sekar\aug_0_8205.jpeg,17,batik-sekar,17,batik-sekar,0.9045489,True
C:\Users\dzaki\OneDrive\Dokumen\Bahasa Pemograman\Python\Batik\datasets\raw\dataset_augmented\batik-sekar\aug_0_8211.jpeg,17,batik-sekar,17,batik-sekar,0.98364335,True
C:\Users\dzaki\OneDrive\Dokumen\Bahasa Pemograman\Python\Batik\datasets\raw\dataset_augmented\batik-sekar\aug_0_822.jpeg,17,batik-sekar,17,batik-sekar,0.9374305,True
C:\Users\dzaki\OneDrive\Dokumen\Bahasa Pemograman\Python\Batik\datasets\raw\dataset_augmented\batik-sekar\aug_0_8402.jpeg,17,batik-sekar,17,batik-sekar,0.39830622,True
C:\Users\dzaki\OneDrive\Dokumen\Bahasa Pemograman\Python\Batik\datasets\raw\dataset_augmented\batik-sekar\aug_0_845.jpeg,17,batik-sekar,8,batik-garutan,0.44709328,False
C:\Users\dzaki\OneDrive\Dokumen\Bahasa Pemograman\Python\Batik\datasets\raw\dataset_augmented\batik-sekar\aug_0_8507.jpeg,17,batik-sekar,17,batik-sekar,0.90795994,True
C:\Users\dzaki\OneDrive\Dokumen\Bahasa Pemograman\Python\Batik\datasets\raw\dataset_augmented\batik-sekar\aug_0_8509.jpeg,17,batik-sekar,17,batik-sekar,0.8597301,True
C:\Users\dzaki\OneDrive\Dokumen\Bahasa Pemograman\Python\Batik\datasets\raw\dataset_augmented\batik-sekar\aug_0_8524.jpeg,17,batik-sekar,17,batik-sekar,0.72122157,True
C:\Users\dzaki\OneDrive\Dokumen\Bahasa Pemograman\Python\Batik\datasets\raw\dataset_augmented\batik-sekar\aug_0_8827.jpeg,17,batik-sekar,17,batik-sekar,0.9188953,True
C:\Users\dzaki\OneDrive\Dokumen\Bahasa Pemograman\Python\Batik\datasets\raw\dataset_augmented\batik-sekar\aug_0_8873.jpeg,17,batik-sekar,17,batik-sekar,0.99516195,True
C:\Users\dzaki\OneDrive\Dokumen\Bahasa Pemograman\Python\Batik\datasets\raw\dataset_augmented\batik-sekar\aug_0_9266.jpeg,17,batik-sekar,17,batik-sekar,0.8976945,True
C:\Users\dzaki\OneDrive\Dokumen\Bahasa Pemograman\Python\Batik\datasets\raw\dataset_augmented\batik-sekar\aug_0_9522.jpeg,17,batik-sekar,17,batik-sekar,0.9147256,True
C:\Users\dzaki\OneDrive\Dokumen\Bahasa Pemograman\Python\Batik\datasets\raw\dataset_augmented\batik-sekar\aug_0_9692.jpeg,17,batik-sekar,17,batik-sekar,0.927528,True
C:\Users\dzaki\OneDrive\Dokumen\Bahasa Pemograman\Python\Batik\datasets\raw\dataset_augmented\batik-sekar\aug_0_9807.jpeg,17,batik-sekar,17,batik-sekar,0.97451776,True
C:\Users\dzaki\OneDrive\Dokumen\Bahasa Pemograman\Python\Batik\datasets\raw\dataset_augmented\batik-sekar\aug_0_9857.jpeg,17,batik-sekar,17,batik-sekar,0.92760557,True
C:\Users\dzaki\OneDrive\Dokumen\Bahasa Pemograman\Python\Batik\datasets\raw\dataset_augmented\batik-sidoluhur\aug_0_1167.jpeg,18,batik-sidoluhur,18,batik-sidoluhur,0.9009989,True
C:\Users\dzaki\OneDrive\Dokumen\Bahasa Pemograman\Python\Batik\datasets\raw\dataset_augmented\batik-sidoluhur\aug_0_1220.jpeg,18,batik-sidoluhur,20,batik-sogan,0.39842156,False
C:\Users\dzaki\OneDrive\Dokumen\Bahasa Pemograman\Python\Batik\datasets\raw\dataset_augmented\batik-sidoluhur\aug_0_189.jpeg,18,batik-sidoluhur,18,batik-sidoluhur,0.9711113,True
C:\Users\dzaki\OneDrive\Dokumen\Bahasa Pemograman\Python\Batik\datasets\raw\dataset_augmented\batik-sidoluhur\aug_0_1958.jpeg,18,batik-sidoluhur,18,batik-sidoluhur,0.9996418,True
C:\Users\dzaki\OneDrive\Dokumen\Bahasa Pemograman\Python\Batik\datasets\raw\dataset_augmented\batik-sidoluhur\aug_0_2032.jpeg,18,batik-sidoluhur,18,batik-sidoluhur,0.99976903,True
C:\Users\dzaki\OneDrive\Dokumen\Bahasa Pemograman\Python\Batik\datasets\raw\dataset_augmented\batik-sidoluhur\aug_0_2067.jpeg,18,batik-sidoluhur,21,batik-tambal,0.66232514,False
C:\Users\dzaki\OneDrive\Dokumen\Bahasa Pemograman\Python\Batik\datasets\raw\dataset_augmented\batik-sidoluhur\aug_0_2602.jpeg,18,batik-sidoluhur,18,batik-sidoluhur,0.58961314,True
C:\Users\dzaki\OneDrive\Dokumen\Bahasa Pemograman\Python\Batik\datasets\raw\dataset_augmented\batik-sidoluhur\aug_0_2760.jpeg,18,batik-sidoluhur,18,batik-sidoluhur,0.96827286,True
C:\Users\dzaki\OneDrive\Dokumen\Bahasa Pemograman\Python\Batik\datasets\raw\dataset_augmented\batik-sidoluhur\aug_0_3092.jpeg,18,batik-sidoluhur,18,batik-sidoluhur,0.8423759,True
C:\Users\dzaki\OneDrive\Dokumen\Bahasa Pemograman\Python\Batik\datasets\raw\dataset_augmented\batik-sidoluhur\aug_0_3191.jpeg,18,batik-sidoluhur,18,batik-sidoluhur,0.8794612,True
C:\Users\dzaki\OneDrive\Dokumen\Bahasa Pemograman\Python\Batik\datasets\raw\dataset_augmented\batik-sidoluhur\aug_0_3494.jpeg,18,batik-sidoluhur,18,batik-sidoluhur,0.8278259,True
C:\Users\dzaki\OneDrive\Dokumen\Bahasa Pemograman\Python\Batik\datasets\raw\dataset_augmented\batik-sidoluhur\aug_0_3695.jpeg,18,batik-sidoluhur,20,batik-sogan,0.30512527,False
C:\Users\dzaki\OneDrive\Dokumen\Bahasa Pemograman\Python\Batik\datasets\raw\dataset_augmented\batik-sidoluhur\aug_0_3785.jpeg,18,batik-sidoluhur,18,batik-sidoluhur,0.9727462,True
C:\Users\dzaki\OneDrive\Dokumen\Bahasa Pemograman\Python\Batik\datasets\raw\dataset_augmented\batik-sidoluhur\aug_0_3802.jpeg,18,batik-sidoluhur,18,batik-sidoluhur,0.9784736,True
C:\Users\dzaki\OneDrive\Dokumen\Bahasa Pemograman\Python\Batik\datasets\raw\dataset_augmented\batik-sidoluhur\aug_0_3915.jpeg,18,batik-sidoluhur,32,Sulawesi_Selatan_Lontara,0.42663074,False
C:\Users\dzaki\OneDrive\Dokumen\Bahasa Pemograman\Python\Batik\datasets\raw\dataset_augmented\batik-sidoluhur\aug_0_3982.jpeg,18,batik-sidoluhur,18,batik-sidoluhur,0.6326804,True
C:\Users\dzaki\OneDrive\Dokumen\Bahasa Pemograman\Python\Batik\datasets\raw\dataset_augmented\batik-sidoluhur\aug_0_4.jpeg,18,batik-sidoluhur,18,batik-sidoluhur,0.92552215,True
C:\Users\dzaki\OneDrive\Dokumen\Bahasa Pemograman\Python\Batik\datasets\raw\dataset_augmented\batik-sidoluhur\aug_0_4010.jpeg,18,batik-sidoluhur,19,batik-sidomukti,0.869694,False
C:\Users\dzaki\OneDrive\Dokumen\Bahasa Pemograman\Python\Batik\datasets\raw\dataset_augmented\batik-sidoluhur\aug_0_4421.jpeg,18,batik-sidoluhur,18,batik-sidoluhur,0.9953668,True
C:\Users\dzaki\OneDrive\Dokumen\Bahasa Pemograman\Python\Batik\datasets\raw\dataset_augmented\batik-sidoluhur\aug_0_4590.jpeg,18,batik-sidoluhur,18,batik-sidoluhur,0.99825674,True
C:\Users\dzaki\OneDrive\Dokumen\Bahasa Pemograman\Python\Batik\datasets\raw\dataset_augmented\batik-sidoluhur\aug_0_487.jpeg,18,batik-sidoluhur,18,batik-sidoluhur,0.99637187,True
C:\Users\dzaki\OneDrive\Dokumen\Bahasa Pemograman\Python\Batik\datasets\raw\dataset_augmented\batik-sidoluhur\aug_0_4929.jpeg,18,batik-sidoluhur,18,batik-sidoluhur,0.999851,True
C:\Users\dzaki\OneDrive\Dokumen\Bahasa Pemograman\Python\Batik\datasets\raw\dataset_augmented\batik-sidoluhur\aug_0_5190.jpeg,18,batik-sidoluhur,18,batik-sidoluhur,0.99483657,True
C:\Users\dzaki\OneDrive\Dokumen\Bahasa Pemograman\Python\Batik\datasets\raw\dataset_augmented\batik-sidoluhur\aug_0_5887.jpeg,18,batik-sidoluhur,18,batik-sidoluhur,0.99642605,True
C:\Users\dzaki\OneDrive\Dokumen\Bahasa Pemograman\Python\Batik\datasets\raw\dataset_augmented\batik-sidoluhur\aug_0_5891.jpeg,18,batik-sidoluhur,18,batik-sidoluhur,0.96632785,True
C:\Users\dzaki\OneDrive\Dokumen\Bahasa Pemograman\Python\Batik\datasets\raw\dataset_augmented\batik-sidoluhur\aug_0_5949.jpeg,18,batik-sidoluhur,18,batik-sidoluhur,0.22691722,True
C:\Users\dzaki\OneDrive\Dokumen\Bahasa Pemograman\Python\Batik\datasets\raw\dataset_augmented\batik-sidoluhur\aug_0_5988.jpeg,18,batik-sidoluhur,18,batik-sidoluhur,0.84075207,True
C:\Users\dzaki\OneDrive\Dokumen\Bahasa Pemograman\Python\Batik\datasets\raw\dataset_augmented\batik-sidoluhur\aug_0_6071.jpeg,18,batik-sidoluhur,18,batik-sidoluhur,0.9854865,True
C:\Users\dzaki\OneDrive\Dokumen\Bahasa Pemograman\Python\Batik\datasets\raw\dataset_augmented\batik-sidoluhur\aug_0_6084.jpeg,18,batik-sidoluhur,18,batik-sidoluhur,0.96175885,True
C:\Users\dzaki\OneDrive\Dokumen\Bahasa Pemograman\Python\Batik\datasets\raw\dataset_augmented\batik-sidoluhur\aug_0_6362.jpeg,18,batik-sidoluhur,18,batik-sidoluhur,0.95256484,True
C:\Users\dzaki\OneDrive\Dokumen\Bahasa Pemograman\Python\Batik\datasets\raw\dataset_augmented\batik-sidoluhur\aug_0_64.jpeg,18,batik-sidoluhur,14,batik-parang,0.45804012,False
C:\Users\dzaki\OneDrive\Dokumen\Bahasa Pemograman\Python\Batik\datasets\raw\dataset_augmented\batik-sidoluhur\aug_0_6575.jpeg,18,batik-sidoluhur,18,batik-sidoluhur,0.79620713,True
C:\Users\dzaki\OneDrive\Dokumen\Bahasa Pemograman\Python\Batik\datasets\raw\dataset_augmented\batik-sidoluhur\aug_0_7046.jpeg,18,batik-sidoluhur,18,batik-sidoluhur,0.89741504,True
C:\Users\dzaki\OneDrive\Dokumen\Bahasa Pemograman\Python\Batik\datasets\raw\dataset_augmented\batik-sidoluhur\aug_0_7073.jpeg,18,batik-sidoluhur,18,batik-sidoluhur,0.99909306,True
C:\Users\dzaki\OneDrive\Dokumen\Bahasa Pemograman\Python\Batik\datasets\raw\dataset_augmented\batik-sidoluhur\aug_0_7453.jpeg,18,batik-sidoluhur,18,batik-sidoluhur,0.6971795,True
C:\Users\dzaki\OneDrive\Dokumen\Bahasa Pemograman\Python\Batik\datasets\raw\dataset_augmented\batik-sidoluhur\aug_0_7483.jpeg,18,batik-sidoluhur,14,batik-parang,0.46160814,False
C:\Users\dzaki\OneDrive\Dokumen\Bahasa Pemograman\Python\Batik\datasets\raw\dataset_augmented\batik-sidoluhur\aug_0_7754.jpeg,18,batik-sidoluhur,18,batik-sidoluhur,0.9963115,True
C:\Users\dzaki\OneDrive\Dokumen\Bahasa Pemograman\Python\Batik\datasets\raw\dataset_augmented\batik-sidoluhur\aug_0_7916.jpeg,18,batik-sidoluhur,18,batik-sidoluhur,0.9964897,True
C:\Users\dzaki\OneDrive\Dokumen\Bahasa Pemograman\Python\Batik\datasets\raw\dataset_augmented\batik-sidoluhur\aug_0_832.jpeg,18,batik-sidoluhur,18,batik-sidoluhur,0.9997967,True
C:\Users\dzaki\OneDrive\Dokumen\Bahasa Pemograman\Python\Batik\datasets\raw\dataset_augmented\batik-sidoluhur\aug_0_8420.jpeg,18,batik-sidoluhur,18,batik-sidoluhur,0.9886009,True
C:\Users\dzaki\OneDrive\Dokumen\Bahasa Pemograman\Python\Batik\datasets\raw\dataset_augmented\batik-sidoluhur\aug_0_8429.jpeg,18,batik-sidoluhur,18,batik-sidoluhur,0.60463053,True
C:\Users\dzaki\OneDrive\Dokumen\Bahasa Pemograman\Python\Batik\datasets\raw\dataset_augmented\batik-sidoluhur\aug_0_8654.jpeg,18,batik-sidoluhur,32,Sulawesi_Selatan_Lontara,0.4680628,False
C:\Users\dzaki\OneDrive\Dokumen\Bahasa Pemograman\Python\Batik\datasets\raw\dataset_augmented\batik-sidoluhur\aug_0_8738.jpeg,18,batik-sidoluhur,18,batik-sidoluhur,0.54264665,True
C:\Users\dzaki\OneDrive\Dokumen\Bahasa Pemograman\Python\Batik\datasets\raw\dataset_augmented\batik-sidoluhur\aug_0_9556.jpeg,18,batik-sidoluhur,18,batik-sidoluhur,0.9949803,True
C:\Users\dzaki\OneDrive\Dokumen\Bahasa Pemograman\Python\Batik\datasets\raw\dataset_augmented\batik-sidoluhur\aug_0_9782.jpeg,18,batik-sidoluhur,18,batik-sidoluhur,0.88679695,True
C:\Users\dzaki\OneDrive\Dokumen\Bahasa Pemograman\Python\Batik\datasets\raw\dataset_augmented\batik-sidoluhur\aug_0_9995.jpeg,18,batik-sidoluhur,18,batik-sidoluhur,0.99473554,True
C:\Users\dzaki\OneDrive\Dokumen\Bahasa Pemograman\Python\Batik\datasets\raw\dataset_augmented\batik-sidomukti\aug_0_1257.jpeg,19,batik-sidomukti,19,batik-sidomukti,0.80974966,True
C:\Users\dzaki\OneDrive\Dokumen\Bahasa Pemograman\Python\Batik\datasets\raw\dataset_augmented\batik-sidomukti\aug_0_1639.jpeg,19,batik-sidomukti,19,batik-sidomukti,0.9309964,True
C:\Users\dzaki\OneDrive\Dokumen\Bahasa Pemograman\Python\Batik\datasets\raw\dataset_augmented\batik-sidomukti\aug_0_1644.jpeg,19,batik-sidomukti,19,batik-sidomukti,0.7718279,True
C:\Users\dzaki\OneDrive\Dokumen\Bahasa Pemograman\Python\Batik\datasets\raw\dataset_augmented\batik-sidomukti\aug_0_1906.jpeg,19,batik-sidomukti,19,batik-sidomukti,0.9898009,True
C:\Users\dzaki\OneDrive\Dokumen\Bahasa Pemograman\Python\Batik\datasets\raw\dataset_augmented\batik-sidomukti\aug_0_1996.jpeg,19,batik-sidomukti,19,batik-sidomukti,0.50537485,True
C:\Users\dzaki\OneDrive\Dokumen\Bahasa Pemograman\Python\Batik\datasets\raw\dataset_augmented\batik-sidomukti\aug_0_2026.jpeg,19,batik-sidomukti,19,batik-sidomukti,0.99846846,True
C:\Users\dzaki\OneDrive\Dokumen\Bahasa Pemograman\Python\Batik\datasets\raw\dataset_augmented\batik-sidomukti\aug_0_2072.jpeg,19,batik-sidomukti,19,batik-sidomukti,0.9469267,True
C:\Users\dzaki\OneDrive\Dokumen\Bahasa Pemograman\Python\Batik\datasets\raw\dataset_augmented\batik-sidomukti\aug_0_2256.jpeg,19,batik-sidomukti,23,Jawa_Timur_Pring,0.7352133,False
C:\Users\dzaki\OneDrive\Dokumen\Bahasa Pemograman\Python\Batik\datasets\raw\dataset_augmented\batik-sidomukti\aug_0_2449.jpeg,19,batik-sidomukti,19,batik-sidomukti,0.97161293,True
C:\Users\dzaki\OneDrive\Dokumen\Bahasa Pemograman\Python\Batik\datasets\raw\dataset_augmented\batik-sidomukti\aug_0_2704.jpeg,19,batik-sidomukti,19,batik-sidomukti,0.34805232,True
C:\Users\dzaki\OneDrive\Dokumen\Bahasa Pemograman\Python\Batik\datasets\raw\dataset_augmented\batik-sidomukti\aug_0_2741.jpeg,19,batik-sidomukti,19,batik-sidomukti,0.9887394,True
C:\Users\dzaki\OneDrive\Dokumen\Bahasa Pemograman\Python\Batik\datasets\raw\dataset_augmented\batik-sidomukti\aug_0_2755.jpeg,19,batik-sidomukti,19,batik-sidomukti,0.98868775,True
C:\Users\dzaki\OneDrive\Dokumen\Bahasa Pemograman\Python\Batik\datasets\raw\dataset_augmented\batik-sidomukti\aug_0_3007.jpeg,19,batik-sidomukti,19,batik-sidomukti,0.865145,True
C:\Users\dzaki\OneDrive\Dokumen\Bahasa Pemograman\Python\Batik\datasets\raw\dataset_augmented\batik-sidomukti\aug_0_3157.jpeg,19,batik-sidomukti,19,batik-sidomukti,0.64503485,True
C:\Users\dzaki\OneDrive\Dokumen\Bahasa Pemograman\Python\Batik\datasets\raw\dataset_augmented\batik-sidomukti\aug_0_3279.jpeg,19,batik-sidomukti,18,batik-sidoluhur,0.5475553,False
C:\Users\dzaki\OneDrive\Dokumen\Bahasa Pemograman\Python\Batik\datasets\raw\dataset_augmented\batik-sidomukti\aug_0_3319.jpeg,19,batik-sidomukti,18,batik-sidoluhur,0.5014184,False
C:\Users\dzaki\OneDrive\Dokumen\Bahasa Pemograman\Python\Batik\datasets\raw\dataset_augmented\batik-sidomukti\aug_0_3581.jpeg,19,batik-sidomukti,19,batik-sidomukti,0.751817,True
C:\Users\dzaki\OneDrive\Dokumen\Bahasa Pemograman\Python\Batik\datasets\raw\dataset_augmented\batik-sidomukti\aug_0_3784.jpeg,19,batik-sidomukti,19,batik-sidomukti,0.9992248,True
C:\Users\dzaki\OneDrive\Dokumen\Bahasa Pemograman\Python\Batik\datasets\raw\dataset_augmented\batik-sidomukti\aug_0_3877.jpeg,19,batik-sidomukti,19,batik-sidomukti,0.626914,True
C:\Users\dzaki\OneDrive\Dokumen\Bahasa Pemograman\Python\Batik\datasets\raw\dataset_augmented\batik-sidomukti\aug_0_4049.jpeg,19,batik-sidomukti,19,batik-sidomukti,0.9999254,True
C:\Users\dzaki\OneDrive\Dokumen\Bahasa Pemograman\Python\Batik\datasets\raw\dataset_augmented\batik-sidomukti\aug_0_4075.jpeg,19,batik-sidomukti,11,batik-keraton,0.6639542,False
C:\Users\dzaki\OneDrive\Dokumen\Bahasa Pemograman\Python\Batik\datasets\raw\dataset_augmented\batik-sidomukti\aug_0_419.jpeg,19,batik-sidomukti,19,batik-sidomukti,0.9482628,True
C:\Users\dzaki\OneDrive\Dokumen\Bahasa Pemograman\Python\Batik\datasets\raw\dataset_augmented\batik-sidomukti\aug_0_4240.jpeg,19,batik-sidomukti,19,batik-sidomukti,0.9547201,True
C:\Users\dzaki\OneDrive\Dokumen\Bahasa Pemograman\Python\Batik\datasets\raw\dataset_augmented\batik-sidomukti\aug_0_4934.jpeg,19,batik-sidomukti,19,batik-sidomukti,0.7348704,True
C:\Users\dzaki\OneDrive\Dokumen\Bahasa Pemograman\Python\Batik\datasets\raw\dataset_augmented\batik-sidomukti\aug_0_5299.jpeg,19,batik-sidomukti,19,batik-sidomukti,0.999138,True
C:\Users\dzaki\OneDrive\Dokumen\Bahasa Pemograman\Python\Batik\datasets\raw\dataset_augmented\batik-sidomukti\aug_0_5638.jpeg,19,batik-sidomukti,19,batik-sidomukti,0.7085682,True
C:\Users\dzaki\OneDrive\Dokumen\Bahasa Pemograman\Python\Batik\datasets\raw\dataset_augmented\batik-sidomukti\aug_0_5911.jpeg,19,batik-sidomukti,11,batik-keraton,0.821777,False
C:\Users\dzaki\OneDrive\Dokumen\Bahasa Pemograman\Python\Batik\datasets\raw\dataset_augmented\batik-sidomukti\aug_0_6248.jpeg,19,batik-sidomukti,19,batik-sidomukti,0.9661964,True
C:\Users\dzaki\OneDrive\Dokumen\Bahasa Pemograman\Python\Batik\datasets\raw\dataset_augmented\batik-sidomukti\aug_0_6799.jpeg,19,batik-sidomukti,23,Jawa_Timur_Pring,0.902161,False
C:\Users\dzaki\OneDrive\Dokumen\Bahasa Pemograman\Python\Batik\datasets\raw\dataset_augmented\batik-sidomukti\aug_0_6877.jpeg,19,batik-sidomukti,19,batik-sidomukti,0.96208924,True
C:\Users\dzaki\OneDrive\Dokumen\Bahasa Pemograman\Python\Batik\datasets\raw\dataset_augmented\batik-sidomukti\aug_0_6978.jpeg,19,batik-sidomukti,19,batik-sidomukti,0.47475964,True
C:\Users\dzaki\OneDrive\Dokumen\Bahasa Pemograman\Python\Batik\datasets\raw\dataset_augmented\batik-sidomukti\aug_0_7111.jpeg,19,batik-sidomukti,6,batik-ceplok,0.9721204,False
C:\Users\dzaki\OneDrive\Dokumen\Bahasa Pemograman\Python\Batik\datasets\raw\dataset_augmented\batik-sidomukti\aug_0_7201.jpeg,19,batik-sidomukti,19,batik-sidomukti,0.9782376,True
C:\Users\dzaki\OneDrive\Dokumen\Bahasa Pemograman\Python\Batik\datasets\raw\dataset_augmented\batik-sidomukti\aug_0_7464.jpeg,19,batik-sidomukti,19,batik-sidomukti,0.9886875,True
C:\Users\dzaki\OneDrive\Dokumen\Bahasa Pemograman\Python\Batik\datasets\raw\dataset_augmented\batik-sidomukti\aug_0_7695.jpeg,19,batik-sidomukti,19,batik-sidomukti,0.9979467,True
C:\Users\dzaki\OneDrive\Dokumen\Bahasa Pemograman\Python\Batik\datasets\raw\dataset_augmented\batik-sidomukti\aug_0_7837.jpeg,19,batik-sidomukti,19,batik-sidomukti,0.84751004,True
C:\Users\dzaki\OneDrive\Dokumen\Bahasa Pemograman\Python\Batik\datasets\raw\dataset_augmented\batik-sidomukti\aug_0_8058.jpeg,19,batik-sidomukti,19,batik-sidomukti,0.98783374,True
C:\Users\dzaki\OneDrive\Dokumen\Bahasa Pemograman\Python\Batik\datasets\raw\dataset_augmented\batik-sidomukti\aug_0_8849.jpeg,19,batik-sidomukti,19,batik-sidomukti,0.30165052,True
C:\Users\dzaki\OneDrive\Dokumen\Bahasa Pemograman\Python\Batik\datasets\raw\dataset_augmented\batik-sidomukti\aug_0_9144.jpeg,19,batik-sidomukti,19,batik-sidomukti,0.86468416,True
C:\Users\dzaki\OneDrive\Dokumen\Bahasa Pemograman\Python\Batik\datasets\raw\dataset_augmented\batik-sidomukti\aug_0_9286.jpeg,19,batik-sidomukti,19,batik-sidomukti,0.71012443,True
C:\Users\dzaki\OneDrive\Dokumen\Bahasa Pemograman\Python\Batik\datasets\raw\dataset_augmented\batik-sidomukti\aug_0_9671.jpeg,19,batik-sidomukti,19,batik-sidomukti,0.8353224,True
C:\Users\dzaki\OneDrive\Dokumen\Bahasa Pemograman\Python\Batik\datasets\raw\dataset_augmented\batik-sidomukti\aug_0_9813.jpeg,19,batik-sidomukti,19,batik-sidomukti,0.5582516,True
C:\Users\dzaki\OneDrive\Dokumen\Bahasa Pemograman\Python\Batik\datasets\raw\dataset_augmented\batik-sogan\aug_0_1199.jpeg,20,batik-sogan,2,batik-bali,0.94487417,False
C:\Users\dzaki\OneDrive\Dokumen\Bahasa Pemograman\Python\Batik\datasets\raw\dataset_augmented\batik-sogan\aug_0_1376.jpeg,20,batik-sogan,20,batik-sogan,0.9975828,True
C:\Users\dzaki\OneDrive\Dokumen\Bahasa Pemograman\Python\Batik\datasets\raw\dataset_augmented\batik-sogan\aug_0_1377.jpeg,20,batik-sogan,20,batik-sogan,0.9462134,True
C:\Users\dzaki\OneDrive\Dokumen\Bahasa Pemograman\Python\Batik\datasets\raw\dataset_augmented\batik-sogan\aug_0_1508.jpeg,20,batik-sogan,20,batik-sogan,0.9950777,True
C:\Users\dzaki\OneDrive\Dokumen\Bahasa Pemograman\Python\Batik\datasets\raw\dataset_augmented\batik-sogan\aug_0_1590.jpeg,20,batik-sogan,20,batik-sogan,0.9959637,True
C:\Users\dzaki\OneDrive\Dokumen\Bahasa Pemograman\Python\Batik\datasets\raw\dataset_augmented\batik-sogan\aug_0_1666.jpeg,20,batik-sogan,20,batik-sogan,0.99650866,True
C:\Users\dzaki\OneDrive\Dokumen\Bahasa Pemograman\Python\Batik\datasets\raw\dataset_augmented\batik-sogan\aug_0_1850.jpeg,20,batik-sogan,20,batik-sogan,0.996906,True
C:\Users\dzaki\OneDrive\Dokumen\Bahasa Pemograman\Python\Batik\datasets\raw\dataset_augmented\batik-sogan\aug_0_2329.jpeg,20,batik-sogan,20,batik-sogan,0.6738052,True
C:\Users\dzaki\OneDrive\Dokumen\Bahasa Pemograman\Python\Batik\datasets\raw\dataset_augmented\batik-sogan\aug_0_3011.jpeg,20,batik-sogan,18,batik-sidoluhur,0.55524963,False
C:\Users\dzaki\OneDrive\Dokumen\Bahasa Pemograman\Python\Batik\datasets\raw\dataset_augmented\batik-sogan\aug_0_3319.jpeg,20,batik-sogan,20,batik-sogan,0.99012756,True
C:\Users\dzaki\OneDrive\Dokumen\Bahasa Pemograman\Python\Batik\datasets\raw\dataset_augmented\batik-sogan\aug_0_356.jpeg,20,batik-sogan,20,batik-sogan,0.9734448,True
C:\Users\dzaki\OneDrive\Dokumen\Bahasa Pemograman\Python\Batik\datasets\raw\dataset_augmented\batik-sogan\aug_0_4001.jpeg,20,batik-sogan,20,batik-sogan,0.9904497,True
C:\Users\dzaki\OneDrive\Dokumen\Bahasa Pemograman\Python\Batik\datasets\raw\dataset_augmented\batik-sogan\aug_0_4035.jpeg,20,batik-sogan,20,batik-sogan,0.9990578,True
C:\Users\dzaki\OneDrive\Dokumen\Bahasa Pemograman\Python\Batik\datasets\raw\dataset_augmented\batik-sogan\aug_0_4216.jpeg,20,batik-sogan,20,batik-sogan,0.60979533,True
C:\Users\dzaki\OneDrive\Dokumen\Bahasa Pemograman\Python\Batik\datasets\raw\dataset_augmented\batik-sogan\aug_0_4319.jpeg,20,batik-sogan,20,batik-sogan,0.78740215,True
C:\Users\dzaki\OneDrive\Dokumen\Bahasa Pemograman\Python\Batik\datasets\raw\dataset_augmented\batik-sogan\aug_0_4365.jpeg,20,batik-sogan,2,batik-bali,0.33052036,False
C:\Users\dzaki\OneDrive\Dokumen\Bahasa Pemograman\Python\Batik\datasets\raw\dataset_augmented\batik-sogan\aug_0_4477.jpeg,20,batik-sogan,20,batik-sogan,0.7385215,True
C:\Users\dzaki\OneDrive\Dokumen\Bahasa Pemograman\Python\Batik\datasets\raw\dataset_augmented\batik-sogan\aug_0_4704.jpeg,20,batik-sogan,20,batik-sogan,0.70974576,True
C:\Users\dzaki\OneDrive\Dokumen\Bahasa Pemograman\Python\Batik\datasets\raw\dataset_augmented\batik-sogan\aug_0_473.jpeg,20,batik-sogan,20,batik-sogan,0.85177964,True
C:\Users\dzaki\OneDrive\Dokumen\Bahasa Pemograman\Python\Batik\datasets\raw\dataset_augmented\batik-sogan\aug_0_4843.jpeg,20,batik-sogan,20,batik-sogan,0.99314296,True
C:\Users\dzaki\OneDrive\Dokumen\Bahasa Pemograman\Python\Batik\datasets\raw\dataset_augmented\batik-sogan\aug_0_5257.jpeg,20,batik-sogan,20,batik-sogan,0.9594481,True
C:\Users\dzaki\OneDrive\Dokumen\Bahasa Pemograman\Python\Batik\datasets\raw\dataset_augmented\batik-sogan\aug_0_5426.jpeg,20,batik-sogan,20,batik-sogan,0.65523195,True
C:\Users\dzaki\OneDrive\Dokumen\Bahasa Pemograman\Python\Batik\datasets\raw\dataset_augmented\batik-sogan\aug_0_560.jpeg,20,batik-sogan,20,batik-sogan,0.8417831,True
C:\Users\dzaki\OneDrive\Dokumen\Bahasa Pemograman\Python\Batik\datasets\raw\dataset_augmented\batik-sogan\aug_0_5825.jpeg,20,batik-sogan,20,batik-sogan,0.9846086,True
C:\Users\dzaki\OneDrive\Dokumen\Bahasa Pemograman\Python\Batik\datasets\raw\dataset_augmented\batik-sogan\aug_0_6066.jpeg,20,batik-sogan,20,batik-sogan,0.9986265,True
C:\Users\dzaki\OneDrive\Dokumen\Bahasa Pemograman\Python\Batik\datasets\raw\dataset_augmented\batik-sogan\aug_0_6104.jpeg,20,batik-sogan,20,batik-sogan,0.94849294,True
C:\Users\dzaki\OneDrive\Dokumen\Bahasa Pemograman\Python\Batik\datasets\raw\dataset_augmented\batik-sogan\aug_0_6330.jpeg,20,batik-sogan,20,batik-sogan,0.9020798,True
C:\Users\dzaki\OneDrive\Dokumen\Bahasa Pemograman\Python\Batik\datasets\raw\dataset_augmented\batik-sogan\aug_0_7153.jpeg,20,batik-sogan,20,batik-sogan,0.9690934,True
C:\Users\dzaki\OneDrive\Dokumen\Bahasa Pemograman\Python\Batik\datasets\raw\dataset_augmented\batik-sogan\aug_0_7304.jpeg,20,batik-sogan,20,batik-sogan,0.97918266,True
C:\Users\dzaki\OneDrive\Dokumen\Bahasa Pemograman\Python\Batik\datasets\raw\dataset_augmented\batik-sogan\aug_0_7447.jpeg,20,batik-sogan,20,batik-sogan,0.8609433,True
C:\Users\dzaki\OneDrive\Dokumen\Bahasa Pemograman\Python\Batik\datasets\raw\dataset_augmented\batik-sogan\aug_0_7586.jpeg,20,batik-sogan,32,Sulawesi_Selatan_Lontara,0.36194512,False
C:\Users\dzaki\OneDrive\Dokumen\Bahasa Pemograman\Python\Batik\datasets\raw\dataset_augmented\batik-sogan\aug_0_7587.jpeg,20,batik-sogan,20,batik-sogan,0.99137974,True
C:\Users\dzaki\OneDrive\Dokumen\Bahasa Pemograman\Python\Batik\datasets\raw\dataset_augmented\batik-sogan\aug_0_7590.jpeg,20,batik-sogan,20,batik-sogan,0.65183514,True
C:\Users\dzaki\OneDrive\Dokumen\Bahasa Pemograman\Python\Batik\datasets\raw\dataset_augmented\batik-sogan\aug_0_7774.jpeg,20,batik-sogan,20,batik-sogan,0.36965516,True
C:\Users\dzaki\OneDrive\Dokumen\Bahasa Pemograman\Python\Batik\datasets\raw\dataset_augmented\batik-sogan\aug_0_8070.jpeg,20,batik-sogan,20,batik-sogan,0.944343,True
C:\Users\dzaki\OneDrive\Dokumen\Bahasa Pemograman\Python\Batik\datasets\raw\dataset_augmented\batik-sogan\aug_0_8073.jpeg,20,batik-sogan,20,batik-sogan,0.9528638,True
C:\Users\dzaki\OneDrive\Dokumen\Bahasa Pemograman\Python\Batik\datasets\raw\dataset_augmented\batik-sogan\aug_0_8225.jpeg,20,batik-sogan,20,batik-sogan,0.66673595,True
C:\Users\dzaki\OneDrive\Dokumen\Bahasa Pemograman\Python\Batik\datasets\raw\dataset_augmented\batik-sogan\aug_0_8291.jpeg,20,batik-sogan,20,batik-sogan,0.7694745,True
C:\Users\dzaki\OneDrive\Dokumen\Bahasa Pemograman\Python\Batik\datasets\raw\dataset_augmented\batik-sogan\aug_0_8299.jpeg,20,batik-sogan,18,batik-sidoluhur,0.610607,False
C:\Users\dzaki\OneDrive\Dokumen\Bahasa Pemograman\Python\Batik\datasets\raw\dataset_augmented\batik-sogan\aug_0_8713.jpeg,20,batik-sogan,20,batik-sogan,0.9998629,True
C:\Users\dzaki\OneDrive\Dokumen\Bahasa Pemograman\Python\Batik\datasets\raw\dataset_augmented\batik-sogan\aug_0_8964.jpeg,20,batik-sogan,20,batik-sogan,0.97706705,True
C:\Users\dzaki\OneDrive\Dokumen\Bahasa Pemograman\Python\Batik\datasets\raw\dataset_augmented\batik-sogan\aug_0_9003.jpeg,20,batik-sogan,14,batik-parang,0.32900372,False
C:\Users\dzaki\OneDrive\Dokumen\Bahasa Pemograman\Python\Batik\datasets\raw\dataset_augmented\batik-sogan\aug_0_9244.jpeg,20,batik-sogan,20,batik-sogan,0.96246797,True
C:\Users\dzaki\OneDrive\Dokumen\Bahasa Pemograman\Python\Batik\datasets\raw\dataset_augmented\batik-sogan\aug_0_9863.jpeg,20,batik-sogan,20,batik-sogan,0.5811461,True
C:\Users\dzaki\OneDrive\Dokumen\Bahasa Pemograman\Python\Batik\datasets\raw\dataset_augmented\batik-sogan\aug_0_9916.jpeg,20,batik-sogan,20,batik-sogan,0.84132767,True
C:\Users\dzaki\OneDrive\Dokumen\Bahasa Pemograman\Python\Batik\datasets\raw\dataset_augmented\batik-tambal\aug_0_1228.jpeg,21,batik-tambal,21,batik-tambal,0.8479011,True
C:\Users\dzaki\OneDrive\Dokumen\Bahasa Pemograman\Python\Batik\datasets\raw\dataset_augmented\batik-tambal\aug_0_1262.jpeg,21,batik-tambal,21,batik-tambal,0.4079551,True
C:\Users\dzaki\OneDrive\Dokumen\Bahasa Pemograman\Python\Batik\datasets\raw\dataset_augmented\batik-tambal\aug_0_1282.jpeg,21,batik-tambal,21,batik-tambal,0.8265018,True
C:\Users\dzaki\OneDrive\Dokumen\Bahasa Pemograman\Python\Batik\datasets\raw\dataset_augmented\batik-tambal\aug_0_1486.jpeg,21,batik-tambal,21,batik-tambal,0.9989617,True
C:\Users\dzaki\OneDrive\Dokumen\Bahasa Pemograman\Python\Batik\datasets\raw\dataset_augmented\batik-tambal\aug_0_1562.jpeg,21,batik-tambal,21,batik-tambal,0.9428612,True
C:\Users\dzaki\OneDrive\Dokumen\Bahasa Pemograman\Python\Batik\datasets\raw\dataset_augmented\batik-tambal\aug_0_1681.jpeg,21,batik-tambal,21,batik-tambal,0.46421802,True
C:\Users\dzaki\OneDrive\Dokumen\Bahasa Pemograman\Python\Batik\datasets\raw\dataset_augmented\batik-tambal\aug_0_1836.jpeg,21,batik-tambal,21,batik-tambal,0.99445736,True
C:\Users\dzaki\OneDrive\Dokumen\Bahasa Pemograman\Python\Batik\datasets\raw\dataset_augmented\batik-tambal\aug_0_2114.jpeg,21,batik-tambal,21,batik-tambal,0.9831861,True
C:\Users\dzaki\OneDrive\Dokumen\Bahasa Pemograman\Python\Batik\datasets\raw\dataset_augmented\batik-tambal\aug_0_2146.jpeg,21,batik-tambal,21,batik-tambal,0.99950635,True
C:\Users\dzaki\OneDrive\Dokumen\Bahasa Pemograman\Python\Batik\datasets\raw\dataset_augmented\batik-tambal\aug_0_23.jpeg,21,batik-tambal,21,batik-tambal,0.9993193,True
C:\Users\dzaki\OneDrive\Dokumen\Bahasa Pemograman\Python\Batik\datasets\raw\dataset_augmented\batik-tambal\aug_0_2535.jpeg,21,batik-tambal,21,batik-tambal,0.91160446,True
C:\Users\dzaki\OneDrive\Dokumen\Bahasa Pemograman\Python\Batik\datasets\raw\dataset_augmented\batik-tambal\aug_0_2566.jpeg,21,batik-tambal,2,batik-bali,0.4503394,False
C:\Users\dzaki\OneDrive\Dokumen\Bahasa Pemograman\Python\Batik\datasets\raw\dataset_augmented\batik-tambal\aug_0_2879.jpeg,21,batik-tambal,20,batik-sogan,0.50629073,False
C:\Users\dzaki\OneDrive\Dokumen\Bahasa Pemograman\Python\Batik\datasets\raw\dataset_augmented\batik-tambal\aug_0_2973.jpeg,21,batik-tambal,21,batik-tambal,0.96435815,True
C:\Users\dzaki\OneDrive\Dokumen\Bahasa Pemograman\Python\Batik\datasets\raw\dataset_augmented\batik-tambal\aug_0_3005.jpeg,21,batik-tambal,21,batik-tambal,0.53083706,True
C:\Users\dzaki\OneDrive\Dokumen\Bahasa Pemograman\Python\Batik\datasets\raw\dataset_augmented\batik-tambal\aug_0_3266.jpeg,21,batik-tambal,21,batik-tambal,0.99642795,True
C:\Users\dzaki\OneDrive\Dokumen\Bahasa Pemograman\Python\Batik\datasets\raw\dataset_augmented\batik-tambal\aug_0_3347.jpeg,21,batik-tambal,21,batik-tambal,0.6169599,True
C:\Users\dzaki\OneDrive\Dokumen\Bahasa Pemograman\Python\Batik\datasets\raw\dataset_augmented\batik-tambal\aug_0_3425.jpeg,21,batik-tambal,21,batik-tambal,0.98220235,True
C:\Users\dzaki\OneDrive\Dokumen\Bahasa Pemograman\Python\Batik\datasets\raw\dataset_augmented\batik-tambal\aug_0_3431.jpeg,21,batik-tambal,21,batik-tambal,0.97896934,True
C:\Users\dzaki\OneDrive\Dokumen\Bahasa Pemograman\Python\Batik\datasets\raw\dataset_augmented\batik-tambal\aug_0_3436.jpeg,21,batik-tambal,21,batik-tambal,0.99983466,True
C:\Users\dzaki\OneDrive\Dokumen\Bahasa Pemograman\Python\Batik\datasets\raw\dataset_augmented\batik-tambal\aug_0_3872.jpeg,21,batik-tambal,21,batik-tambal,0.99883395,True
C:\Users\dzaki\OneDrive\Dokumen\Bahasa Pemograman\Python\Batik\datasets\raw\dataset_augmented\batik-tambal\aug_0_4520.jpeg,21,batik-tambal,21,batik-tambal,0.97177076,True
C:\Users\dzaki\OneDrive\Dokumen\Bahasa Pemograman\Python\Batik\datasets\raw\dataset_augmented\batik-tambal\aug_0_4551.jpeg,21,batik-tambal,21,batik-tambal,0.9792172,True
C:\Users\dzaki\OneDrive\Dokumen\Bahasa Pemograman\Python\Batik\datasets\raw\dataset_augmented\batik-tambal\aug_0_4837.jpeg,21,batik-tambal,20,batik-sogan,0.5106541,False
C:\Users\dzaki\OneDrive\Dokumen\Bahasa Pemograman\Python\Batik\datasets\raw\dataset_augmented\batik-tambal\aug_0_4857.jpeg,21,batik-tambal,21,batik-tambal,0.98245263,True
C:\Users\dzaki\OneDrive\Dokumen\Bahasa Pemograman\Python\Batik\datasets\raw\dataset_augmented\batik-tambal\aug_0_5382.jpeg,21,batik-tambal,21,batik-tambal,0.98700327,True
C:\Users\dzaki\OneDrive\Dokumen\Bahasa Pemograman\Python\Batik\datasets\raw\dataset_augmented\batik-tambal\aug_0_5509.jpeg,21,batik-tambal,21,batik-tambal,0.99842215,True
C:\Users\dzaki\OneDrive\Dokumen\Bahasa Pemograman\Python\Batik\datasets\raw\dataset_augmented\batik-tambal\aug_0_5791.jpeg,21,batik-tambal,21,batik-tambal,0.9640644,True
C:\Users\dzaki\OneDrive\Dokumen\Bahasa Pemograman\Python\Batik\datasets\raw\dataset_augmented\batik-tambal\aug_0_637.jpeg,21,batik-tambal,21,batik-tambal,0.9271395,True
C:\Users\dzaki\OneDrive\Dokumen\Bahasa Pemograman\Python\Batik\datasets\raw\dataset_augmented\batik-tambal\aug_0_652.jpeg,21,batik-tambal,21,batik-tambal,0.99866617,True
C:\Users\dzaki\OneDrive\Dokumen\Bahasa Pemograman\Python\Batik\datasets\raw\dataset_augmented\batik-tambal\aug_0_6599.jpeg,21,batik-tambal,21,batik-tambal,0.9800219,True
C:\Users\dzaki\OneDrive\Dokumen\Bahasa Pemograman\Python\Batik\datasets\raw\dataset_augmented\batik-tambal\aug_0_7085.jpeg,21,batik-tambal,21,batik-tambal,0.9999393,True
C:\Users\dzaki\OneDrive\Dokumen\Bahasa Pemograman\Python\Batik\datasets\raw\dataset_augmented\batik-tambal\aug_0_7092.jpeg,21,batik-tambal,21,batik-tambal,0.96748346,True
C:\Users\dzaki\OneDrive\Dokumen\Bahasa Pemograman\Python\Batik\datasets\raw\dataset_augmented\batik-tambal\aug_0_7176.jpeg,21,batik-tambal,21,batik-tambal,0.99826366,True
C:\Users\dzaki\OneDrive\Dokumen\Bahasa Pemograman\Python\Batik\datasets\raw\dataset_augmented\batik-tambal\aug_0_7220.jpeg,21,batik-tambal,21,batik-tambal,0.9950211,True
C:\Users\dzaki\OneDrive\Dokumen\Bahasa Pemograman\Python\Batik\datasets\raw\dataset_augmented\batik-tambal\aug_0_7347.jpeg,21,batik-tambal,21,batik-tambal,0.7774634,True
C:\Users\dzaki\OneDrive\Dokumen\Bahasa Pemograman\Python\Batik\datasets\raw\dataset_augmented\batik-tambal\aug_0_7370.jpeg,21,batik-tambal,21,batik-tambal,0.98501354,True
C:\Users\dzaki\OneDrive\Dokumen\Bahasa Pemograman\Python\Batik\datasets\raw\dataset_augmented\batik-tambal\aug_0_7518.jpeg,21,batik-tambal,21,batik-tambal,0.99688905,True
C:\Users\dzaki\OneDrive\Dokumen\Bahasa Pemograman\Python\Batik\datasets\raw\dataset_augmented\batik-tambal\aug_0_7578.jpeg,21,batik-tambal,21,batik-tambal,0.9990522,True
C:\Users\dzaki\OneDrive\Dokumen\Bahasa Pemograman\Python\Batik\datasets\raw\dataset_augmented\batik-tambal\aug_0_7896.jpeg,21,batik-tambal,21,batik-tambal,0.9665273,True
C:\Users\dzaki\OneDrive\Dokumen\Bahasa Pemograman\Python\Batik\datasets\raw\dataset_augmented\batik-tambal\aug_0_7961.jpeg,21,batik-tambal,21,batik-tambal,0.9851698,True
C:\Users\dzaki\OneDrive\Dokumen\Bahasa Pemograman\Python\Batik\datasets\raw\dataset_augmented\batik-tambal\aug_0_8108.jpeg,21,batik-tambal,21,batik-tambal,0.7926737,True
C:\Users\dzaki\OneDrive\Dokumen\Bahasa Pemograman\Python\Batik\datasets\raw\dataset_augmented\batik-tambal\aug_0_8126.jpeg,21,batik-tambal,21,batik-tambal,0.99826944,True
C:\Users\dzaki\OneDrive\Dokumen\Bahasa Pemograman\Python\Batik\datasets\raw\dataset_augmented\batik-tambal\aug_0_8212.jpeg,21,batik-tambal,21,batik-tambal,0.9028309,True
C:\Users\dzaki\OneDrive\Dokumen\Bahasa Pemograman\Python\Batik\datasets\raw\dataset_augmented\batik-tambal\aug_0_8217.jpeg,21,batik-tambal,21,batik-tambal,0.6537267,True
C:\Users\dzaki\OneDrive\Dokumen\Bahasa Pemograman\Python\Batik\datasets\raw\dataset_augmented\batik-tambal\aug_0_8524.jpeg,21,batik-tambal,21,batik-tambal,0.99750704,True
C:\Users\dzaki\OneDrive\Dokumen\Bahasa Pemograman\Python\Batik\datasets\raw\dataset_augmented\batik-tambal\aug_0_8606.jpeg,21,batik-tambal,21,batik-tambal,0.9997763,True
C:\Users\dzaki\OneDrive\Dokumen\Bahasa Pemograman\Python\Batik\datasets\raw\dataset_augmented\batik-tambal\aug_0_8640.jpeg,21,batik-tambal,21,batik-tambal,0.99886936,True
C:\Users\dzaki\OneDrive\Dokumen\Bahasa Pemograman\Python\Batik\datasets\raw\dataset_augmented\batik-tambal\aug_0_887.jpeg,21,batik-tambal,20,batik-sogan,0.6901899,False
C:\Users\dzaki\OneDrive\Dokumen\Bahasa Pemograman\Python\Batik\datasets\raw\dataset_augmented\batik-tambal\aug_0_8915.jpeg,21,batik-tambal,21,batik-tambal,0.99806553,True
C:\Users\dzaki\OneDrive\Dokumen\Bahasa Pemograman\Python\Batik\datasets\raw\dataset_augmented\batik-tambal\aug_0_9550.jpeg,21,batik-tambal,21,batik-tambal,0.992991,True
C:\Users\dzaki\OneDrive\Dokumen\Bahasa Pemograman\Python\Batik\datasets\raw\dataset_augmented\DKI_Ondel_Ondel\aug_0_1290.jpeg,22,DKI_Ondel_Ondel,22,DKI_Ondel_Ondel,0.99713945,True
C:\Users\dzaki\OneDrive\Dokumen\Bahasa Pemograman\Python\Batik\datasets\raw\dataset_augmented\DKI_Ondel_Ondel\aug_0_1874.jpeg,22,DKI_Ondel_Ondel,22,DKI_Ondel_Ondel,0.9828263,True
C:\Users\dzaki\OneDrive\Dokumen\Bahasa Pemograman\Python\Batik\datasets\raw\dataset_augmented\DKI_Ondel_Ondel\aug_0_1979.jpeg,22,DKI_Ondel_Ondel,22,DKI_Ondel_Ondel,0.9164083,True
C:\Users\dzaki\OneDrive\Dokumen\Bahasa Pemograman\Python\Batik\datasets\raw\dataset_augmented\DKI_Ondel_Ondel\aug_0_2118.jpeg,22,DKI_Ondel_Ondel,22,DKI_Ondel_Ondel,0.9130405,True
C:\Users\dzaki\OneDrive\Dokumen\Bahasa Pemograman\Python\Batik\datasets\raw\dataset_augmented\DKI_Ondel_Ondel\aug_0_2259.jpeg,22,DKI_Ondel_Ondel,22,DKI_Ondel_Ondel,0.9201541,True
C:\Users\dzaki\OneDrive\Dokumen\Bahasa Pemograman\Python\Batik\datasets\raw\dataset_augmented\DKI_Ondel_Ondel\aug_0_255.jpeg,22,DKI_Ondel_Ondel,22,DKI_Ondel_Ondel,0.9643409,True
C:\Users\dzaki\OneDrive\Dokumen\Bahasa Pemograman\Python\Batik\datasets\raw\dataset_augmented\DKI_Ondel_Ondel\aug_0_267.jpeg,22,DKI_Ondel_Ondel,22,DKI_Ondel_Ondel,0.9894454,True
C:\Users\dzaki\OneDrive\Dokumen\Bahasa Pemograman\Python\Batik\datasets\raw\dataset_augmented\DKI_Ondel_Ondel\aug_0_2726.jpeg,22,DKI_Ondel_Ondel,22,DKI_Ondel_Ondel,0.9716713,True
C:\Users\dzaki\OneDrive\Dokumen\Bahasa Pemograman\Python\Batik\datasets\raw\dataset_augmented\DKI_Ondel_Ondel\aug_0_345.jpeg,22,DKI_Ondel_Ondel,22,DKI_Ondel_Ondel,0.9974946,True
C:\Users\dzaki\OneDrive\Dokumen\Bahasa Pemograman\Python\Batik\datasets\raw\dataset_augmented\DKI_Ondel_Ondel\aug_0_3542.jpeg,22,DKI_Ondel_Ondel,22,DKI_Ondel_Ondel,0.9935475,True
C:\Users\dzaki\OneDrive\Dokumen\Bahasa Pemograman\Python\Batik\datasets\raw\dataset_augmented\DKI_Ondel_Ondel\aug_0_3826.jpeg,22,DKI_Ondel_Ondel,22,DKI_Ondel_Ondel,0.9795618,True
C:\Users\dzaki\OneDrive\Dokumen\Bahasa Pemograman\Python\Batik\datasets\raw\dataset_augmented\DKI_Ondel_Ondel\aug_0_4178.jpeg,22,DKI_Ondel_Ondel,22,DKI_Ondel_Ondel,0.9981633,True
C:\Users\dzaki\OneDrive\Dokumen\Bahasa Pemograman\Python\Batik\datasets\raw\dataset_augmented\DKI_Ondel_Ondel\aug_0_4378.jpeg,22,DKI_Ondel_Ondel,22,DKI_Ondel_Ondel,0.9858204,True
C:\Users\dzaki\OneDrive\Dokumen\Bahasa Pemograman\Python\Batik\datasets\raw\dataset_augmented\DKI_Ondel_Ondel\aug_0_4697.jpeg,22,DKI_Ondel_Ondel,22,DKI_Ondel_Ondel,0.9989329,True
C:\Users\dzaki\OneDrive\Dokumen\Bahasa Pemograman\Python\Batik\datasets\raw\dataset_augmented\DKI_Ondel_Ondel\aug_0_4991.jpeg,22,DKI_Ondel_Ondel,22,DKI_Ondel_Ondel,0.9343864,True
C:\Users\dzaki\OneDrive\Dokumen\Bahasa Pemograman\Python\Batik\datasets\raw\dataset_augmented\DKI_Ondel_Ondel\aug_0_5159.jpeg,22,DKI_Ondel_Ondel,22,DKI_Ondel_Ondel,0.97394764,True
C:\Users\dzaki\OneDrive\Dokumen\Bahasa Pemograman\Python\Batik\datasets\raw\dataset_augmented\DKI_Ondel_Ondel\aug_0_5386.jpeg,22,DKI_Ondel_Ondel,22,DKI_Ondel_Ondel,0.9287873,True
C:\Users\dzaki\OneDrive\Dokumen\Bahasa Pemograman\Python\Batik\datasets\raw\dataset_augmented\DKI_Ondel_Ondel\aug_0_5486.jpeg,22,DKI_Ondel_Ondel,22,DKI_Ondel_Ondel,0.9900233,True
C:\Users\dzaki\OneDrive\Dokumen\Bahasa Pemograman\Python\Batik\datasets\raw\dataset_augmented\DKI_Ondel_Ondel\aug_0_5572.jpeg,22,DKI_Ondel_Ondel,22,DKI_Ondel_Ondel,0.95960075,True
C:\Users\dzaki\OneDrive\Dokumen\Bahasa Pemograman\Python\Batik\datasets\raw\dataset_augmented\DKI_Ondel_Ondel\aug_0_5777.jpeg,22,DKI_Ondel_Ondel,22,DKI_Ondel_Ondel,0.985705,True
C:\Users\dzaki\OneDrive\Dokumen\Bahasa Pemograman\Python\Batik\datasets\raw\dataset_augmented\DKI_Ondel_Ondel\aug_0_6247.jpeg,22,DKI_Ondel_Ondel,22,DKI_Ondel_Ondel,0.8400019,True
C:\Users\dzaki\OneDrive\Dokumen\Bahasa Pemograman\Python\Batik\datasets\raw\dataset_augmented\DKI_Ondel_Ondel\aug_0_6531.jpeg,22,DKI_Ondel_Ondel,22,DKI_Ondel_Ondel,0.96055484,True
C:\Users\dzaki\OneDrive\Dokumen\Bahasa Pemograman\Python\Batik\datasets\raw\dataset_augmented\DKI_Ondel_Ondel\aug_0_6548.jpeg,22,DKI_Ondel_Ondel,22,DKI_Ondel_Ondel,0.95205563,True
C:\Users\dzaki\OneDrive\Dokumen\Bahasa Pemograman\Python\Batik\datasets\raw\dataset_augmented\DKI_Ondel_Ondel\aug_0_6643.jpeg,22,DKI_Ondel_Ondel,22,DKI_Ondel_Ondel,0.98332304,True
C:\Users\dzaki\OneDrive\Dokumen\Bahasa Pemograman\Python\Batik\datasets\raw\dataset_augmented\DKI_Ondel_Ondel\aug_0_6768.jpeg,22,DKI_Ondel_Ondel,22,DKI_Ondel_Ondel,0.81883895,True
C:\Users\dzaki\OneDrive\Dokumen\Bahasa Pemograman\Python\Batik\datasets\raw\dataset_augmented\DKI_Ondel_Ondel\aug_0_683.jpeg,22,DKI_Ondel_Ondel,22,DKI_Ondel_Ondel,0.96726894,True
C:\Users\dzaki\OneDrive\Dokumen\Bahasa Pemograman\Python\Batik\datasets\raw\dataset_augmented\DKI_Ondel_Ondel\aug_0_6832.jpeg,22,DKI_Ondel_Ondel,22,DKI_Ondel_Ondel,0.9920895,True
C:\Users\dzaki\OneDrive\Dokumen\Bahasa Pemograman\Python\Batik\datasets\raw\dataset_augmented\DKI_Ondel_Ondel\aug_0_7034.jpeg,22,DKI_Ondel_Ondel,22,DKI_Ondel_Ondel,0.99886143,True
C:\Users\dzaki\OneDrive\Dokumen\Bahasa Pemograman\Python\Batik\datasets\raw\dataset_augmented\DKI_Ondel_Ondel\aug_0_7280.jpeg,22,DKI_Ondel_Ondel,22,DKI_Ondel_Ondel,0.92940974,True
C:\Users\dzaki\OneDrive\Dokumen\Bahasa Pemograman\Python\Batik\datasets\raw\dataset_augmented\DKI_Ondel_Ondel\aug_0_7510.jpeg,22,DKI_Ondel_Ondel,22,DKI_Ondel_Ondel,0.95416015,True
C:\Users\dzaki\OneDrive\Dokumen\Bahasa Pemograman\Python\Batik\datasets\raw\dataset_augmented\DKI_Ondel_Ondel\aug_0_7954.jpeg,22,DKI_Ondel_Ondel,22,DKI_Ondel_Ondel,0.99411494,True
C:\Users\dzaki\OneDrive\Dokumen\Bahasa Pemograman\Python\Batik\datasets\raw\dataset_augmented\DKI_Ondel_Ondel\aug_0_8024.jpeg,22,DKI_Ondel_Ondel,22,DKI_Ondel_Ondel,0.97784424,True
C:\Users\dzaki\OneDrive\Dokumen\Bahasa Pemograman\Python\Batik\datasets\raw\dataset_augmented\DKI_Ondel_Ondel\aug_0_8185.jpeg,22,DKI_Ondel_Ondel,22,DKI_Ondel_Ondel,0.979477,True
C:\Users\dzaki\OneDrive\Dokumen\Bahasa Pemograman\Python\Batik\datasets\raw\dataset_augmented\DKI_Ondel_Ondel\aug_0_9240.jpeg,22,DKI_Ondel_Ondel,22,DKI_Ondel_Ondel,0.9789525,True
C:\Users\dzaki\OneDrive\Dokumen\Bahasa Pemograman\Python\Batik\datasets\raw\dataset_augmented\DKI_Ondel_Ondel\aug_0_9682.jpeg,22,DKI_Ondel_Ondel,22,DKI_Ondel_Ondel,0.98552644,True
C:\Users\dzaki\OneDrive\Dokumen\Bahasa Pemograman\Python\Batik\datasets\raw\dataset_augmented\DKI_Ondel_Ondel\aug_0_9736.jpeg,22,DKI_Ondel_Ondel,22,DKI_Ondel_Ondel,0.9956145,True
C:\Users\dzaki\OneDrive\Dokumen\Bahasa Pemograman\Python\Batik\datasets\raw\dataset_augmented\DKI_Ondel_Ondel\aug_0_977.jpeg,22,DKI_Ondel_Ondel,22,DKI_Ondel_Ondel,0.9358442,True
C:\Users\dzaki\OneDrive\Dokumen\Bahasa Pemograman\Python\Batik\datasets\raw\dataset_augmented\DKI_Ondel_Ondel\aug_0_9832.jpeg,22,DKI_Ondel_Ondel,22,DKI_Ondel_Ondel,0.9725028,True
C:\Users\dzaki\OneDrive\Dokumen\Bahasa Pemograman\Python\Batik\datasets\raw\dataset_augmented\Jawa_Timur_Pring\aug_0_1068.jpeg,23,Jawa_Timur_Pring,23,Jawa_Timur_Pring,0.9252793,True
C:\Users\dzaki\OneDrive\Dokumen\Bahasa Pemograman\Python\Batik\datasets\raw\dataset_augmented\Jawa_Timur_Pring\aug_0_198.jpeg,23,Jawa_Timur_Pring,23,Jawa_Timur_Pring,0.99719113,True
C:\Users\dzaki\OneDrive\Dokumen\Bahasa Pemograman\Python\Batik\datasets\raw\dataset_augmented\Jawa_Timur_Pring\aug_0_210.jpeg,23,Jawa_Timur_Pring,23,Jawa_Timur_Pring,0.9942357,True
C:\Users\dzaki\OneDrive\Dokumen\Bahasa Pemograman\Python\Batik\datasets\raw\dataset_augmented\Jawa_Timur_Pring\aug_0_2148.jpeg,23,Jawa_Timur_Pring,23,Jawa_Timur_Pring,0.98740005,True
C:\Users\dzaki\OneDrive\Dokumen\Bahasa Pemograman\Python\Batik\datasets\raw\dataset_augmented\Jawa_Timur_Pring\aug_0_2805.jpeg,23,Jawa_Timur_Pring,23,Jawa_Timur_Pring,0.99567896,True
C:\Users\dzaki\OneDrive\Dokumen\Bahasa Pemograman\Python\Batik\datasets\raw\dataset_augmented\Jawa_Timur_Pring\aug_0_2866.jpeg,23,Jawa_Timur_Pring,23,Jawa_Timur_Pring,0.99771774,True
C:\Users\dzaki\OneDrive\Dokumen\Bahasa Pemograman\Python\Batik\datasets\raw\dataset_augmented\Jawa_Timur_Pring\aug_0_3027.jpeg,23,Jawa_Timur_Pring,23,Jawa_Timur_Pring,0.8628901,True
C:\Users\dzaki\OneDrive\Dokumen\Bahasa Pemograman\Python\Batik\datasets\raw\dataset_augmented\Jawa_Timur_Pring\aug_0_3195.jpeg,23,Jawa_Timur_Pring,23,Jawa_Timur_Pring,0.99954295,True
C:\Users\dzaki\OneDrive\Dokumen\Bahasa Pemograman\Python\Batik\datasets\raw\dataset_augmented\Jawa_Timur_Pring\aug_0_3545.jpeg,23,Jawa_Timur_Pring,23,Jawa_Timur_Pring,0.9655448,True
C:\Users\dzaki\OneDrive\Dokumen\Bahasa Pemograman\Python\Batik\datasets\raw\dataset_augmented\Jawa_Timur_Pring\aug_0_3713.jpeg,23,Jawa_Timur_Pring,23,Jawa_Timur_Pring,0.9969496,True
C:\Users\dzaki\OneDrive\Dokumen\Bahasa Pemograman\Python\Batik\datasets\raw\dataset_augmented\Jawa_Timur_Pring\aug_0_4165.jpeg,23,Jawa_Timur_Pring,23,Jawa_Timur_Pring,0.9714697,True
C:\Users\dzaki\OneDrive\Dokumen\Bahasa Pemograman\Python\Batik\datasets\raw\dataset_augmented\Jawa_Timur_Pring\aug_0_4314.jpeg,23,Jawa_Timur_Pring,23,Jawa_Timur_Pring,0.9508579,True
C:\Users\dzaki\OneDrive\Dokumen\Bahasa Pemograman\Python\Batik\datasets\raw\dataset_augmented\Jawa_Timur_Pring\aug_0_4322.jpeg,23,Jawa_Timur_Pring,23,Jawa_Timur_Pring,0.8241802,True
C:\Users\dzaki\OneDrive\Dokumen\Bahasa Pemograman\Python\Batik\datasets\raw\dataset_augmented\Jawa_Timur_Pring\aug_0_4523.jpeg,23,Jawa_Timur_Pring,23,Jawa_Timur_Pring,0.9905776,True
C:\Users\dzaki\OneDrive\Dokumen\Bahasa Pemograman\Python\Batik\datasets\raw\dataset_augmented\Jawa_Timur_Pring\aug_0_4654.jpeg,23,Jawa_Timur_Pring,23,Jawa_Timur_Pring,0.9884918,True
C:\Users\dzaki\OneDrive\Dokumen\Bahasa Pemograman\Python\Batik\datasets\raw\dataset_augmented\Jawa_Timur_Pring\aug_0_4840.jpeg,23,Jawa_Timur_Pring,23,Jawa_Timur_Pring,0.9968746,True
C:\Users\dzaki\OneDrive\Dokumen\Bahasa Pemograman\Python\Batik\datasets\raw\dataset_augmented\Jawa_Timur_Pring\aug_0_4918.jpeg,23,Jawa_Timur_Pring,23,Jawa_Timur_Pring,0.9940753,True
C:\Users\dzaki\OneDrive\Dokumen\Bahasa Pemograman\Python\Batik\datasets\raw\dataset_augmented\Jawa_Timur_Pring\aug_0_5080.jpeg,23,Jawa_Timur_Pring,23,Jawa_Timur_Pring,0.99053687,True
C:\Users\dzaki\OneDrive\Dokumen\Bahasa Pemograman\Python\Batik\datasets\raw\dataset_augmented\Jawa_Timur_Pring\aug_0_5178.jpeg,23,Jawa_Timur_Pring,23,Jawa_Timur_Pring,0.9563753,True
C:\Users\dzaki\OneDrive\Dokumen\Bahasa Pemograman\Python\Batik\datasets\raw\dataset_augmented\Jawa_Timur_Pring\aug_0_5211.jpeg,23,Jawa_Timur_Pring,5,batik-cendrawasih,0.85682327,False
C:\Users\dzaki\OneDrive\Dokumen\Bahasa Pemograman\Python\Batik\datasets\raw\dataset_augmented\Jawa_Timur_Pring\aug_0_5748.jpeg,23,Jawa_Timur_Pring,23,Jawa_Timur_Pring,0.95194024,True
C:\Users\dzaki\OneDrive\Dokumen\Bahasa Pemograman\Python\Batik\datasets\raw\dataset_augmented\Jawa_Timur_Pring\aug_0_5907.jpeg,23,Jawa_Timur_Pring,23,Jawa_Timur_Pring,0.91924673,True
C:\Users\dzaki\OneDrive\Dokumen\Bahasa Pemograman\Python\Batik\datasets\raw\dataset_augmented\Jawa_Timur_Pring\aug_0_6154.jpeg,23,Jawa_Timur_Pring,23,Jawa_Timur_Pring,0.95539033,True
C:\Users\dzaki\OneDrive\Dokumen\Bahasa Pemograman\Python\Batik\datasets\raw\dataset_augmented\Jawa_Timur_Pring\aug_0_6244.jpeg,23,Jawa_Timur_Pring,23,Jawa_Timur_Pring,0.97400904,True
C:\Users\dzaki\OneDrive\Dokumen\Bahasa Pemograman\Python\Batik\datasets\raw\dataset_augmented\Jawa_Timur_Pring\aug_0_7154.jpeg,23,Jawa_Timur_Pring,23,Jawa_Timur_Pring,0.95743227,True
C:\Users\dzaki\OneDrive\Dokumen\Bahasa Pemograman\Python\Batik\datasets\raw\dataset_augmented\Jawa_Timur_Pring\aug_0_8161.jpeg,23,Jawa_Timur_Pring,5,batik-cendrawasih,0.6805158,False
C:\Users\dzaki\OneDrive\Dokumen\Bahasa Pemograman\Python\Batik\datasets\raw\dataset_augmented\Jawa_Timur_Pring\aug_0_8263.jpeg,23,Jawa_Timur_Pring,23,Jawa_Timur_Pring,0.9374178,True
C:\Users\dzaki\OneDrive\Dokumen\Bahasa Pemograman\Python\Batik\datasets\raw\dataset_augmented\Jawa_Timur_Pring\aug_0_8374.jpeg,23,Jawa_Timur_Pring,23,Jawa_Timur_Pring,0.80469924,True
C:\Users\dzaki\OneDrive\Dokumen\Bahasa Pemograman\Python\Batik\datasets\raw\dataset_augmented\Jawa_Timur_Pring\aug_0_8490.jpeg,23,Jawa_Timur_Pring,23,Jawa_Timur_Pring,0.9931959,True
C:\Users\dzaki\OneDrive\Dokumen\Bahasa Pemograman\Python\Batik\datasets\raw\dataset_augmented\Jawa_Timur_Pring\aug_0_8805.jpeg,23,Jawa_Timur_Pring,23,Jawa_Timur_Pring,0.9949805,True
C:\Users\dzaki\OneDrive\Dokumen\Bahasa Pemograman\Python\Batik\datasets\raw\dataset_augmented\Jawa_Timur_Pring\aug_0_8898.jpeg,23,Jawa_Timur_Pring,23,Jawa_Timur_Pring,0.99040234,True
C:\Users\dzaki\OneDrive\Dokumen\Bahasa Pemograman\Python\Batik\datasets\raw\dataset_augmented\Jawa_Timur_Pring\aug_0_9157.jpeg,23,Jawa_Timur_Pring,23,Jawa_Timur_Pring,0.9996718,True
C:\Users\dzaki\OneDrive\Dokumen\Bahasa Pemograman\Python\Batik\datasets\raw\dataset_augmented\Jawa_Timur_Pring\aug_0_9191.jpeg,23,Jawa_Timur_Pring,23,Jawa_Timur_Pring,0.9946003,True
C:\Users\dzaki\OneDrive\Dokumen\Bahasa Pemograman\Python\Batik\datasets\raw\dataset_augmented\Jawa_Timur_Pring\aug_0_9260.jpeg,23,Jawa_Timur_Pring,23,Jawa_Timur_Pring,0.9906343,True
C:\Users\dzaki\OneDrive\Dokumen\Bahasa Pemograman\Python\Batik\datasets\raw\dataset_augmented\Jawa_Timur_Pring\aug_0_9434.jpeg,23,Jawa_Timur_Pring,23,Jawa_Timur_Pring,0.9989679,True
C:\Users\dzaki\OneDrive\Dokumen\Bahasa Pemograman\Python\Batik\datasets\raw\dataset_augmented\Jawa_Timur_Pring\aug_0_9439.jpeg,23,Jawa_Timur_Pring,23,Jawa_Timur_Pring,0.98762417,True
C:\Users\dzaki\OneDrive\Dokumen\Bahasa Pemograman\Python\Batik\datasets\raw\dataset_augmented\Jawa_Timur_Pring\aug_0_9447.jpeg,23,Jawa_Timur_Pring,23,Jawa_Timur_Pring,0.88970447,True
C:\Users\dzaki\OneDrive\Dokumen\Bahasa Pemograman\Python\Batik\datasets\raw\dataset_augmented\Jawa_Timur_Pring\aug_0_9542.jpeg,23,Jawa_Timur_Pring,23,Jawa_Timur_Pring,0.99235195,True
C:\Users\dzaki\OneDrive\Dokumen\Bahasa Pemograman\Python\Batik\datasets\raw\dataset_augmented\Kalimantan_Dayak\aug_0_1053.jpeg,24,Kalimantan_Dayak,24,Kalimantan_Dayak,0.99613225,True
C:\Users\dzaki\OneDrive\Dokumen\Bahasa Pemograman\Python\Batik\datasets\raw\dataset_augmented\Kalimantan_Dayak\aug_0_1681.jpeg,24,Kalimantan_Dayak,24,Kalimantan_Dayak,0.99022317,True
C:\Users\dzaki\OneDrive\Dokumen\Bahasa Pemograman\Python\Batik\datasets\raw\dataset_augmented\Kalimantan_Dayak\aug_0_1975.jpeg,24,Kalimantan_Dayak,24,Kalimantan_Dayak,0.99997485,True
C:\Users\dzaki\OneDrive\Dokumen\Bahasa Pemograman\Python\Batik\datasets\raw\dataset_augmented\Kalimantan_Dayak\aug_0_199.jpeg,24,Kalimantan_Dayak,24,Kalimantan_Dayak,0.99965274,True
C:\Users\dzaki\OneDrive\Dokumen\Bahasa Pemograman\Python\Batik\datasets\raw\dataset_augmented\Kalimantan_Dayak\aug_0_2026.jpeg,24,Kalimantan_Dayak,24,Kalimantan_Dayak,0.99993646,True
C:\Users\dzaki\OneDrive\Dokumen\Bahasa Pemograman\Python\Batik\datasets\raw\dataset_augmented\Kalimantan_Dayak\aug_0_2369.jpeg,24,Kalimantan_Dayak,24,Kalimantan_Dayak,0.99181175,True
C:\Users\dzaki\OneDrive\Dokumen\Bahasa Pemograman\Python\Batik\datasets\raw\dataset_augmented\Kalimantan_Dayak\aug_0_2526.jpeg,24,Kalimantan_Dayak,24,Kalimantan_Dayak,0.99988437,True
C:\Users\dzaki\OneDrive\Dokumen\Bahasa Pemograman\Python\Batik\datasets\raw\dataset_augmented\Kalimantan_Dayak\aug_0_2670.jpeg,24,Kalimantan_Dayak,24,Kalimantan_Dayak,0.99917775,True
C:\Users\dzaki\OneDrive\Dokumen\Bahasa Pemograman\Python\Batik\datasets\raw\dataset_augmented\Kalimantan_Dayak\aug_0_3217.jpeg,24,Kalimantan_Dayak,24,Kalimantan_Dayak,0.9977068,True
C:\Users\dzaki\OneDrive\Dokumen\Bahasa Pemograman\Python\Batik\datasets\raw\dataset_augmented\Kalimantan_Dayak\aug_0_3227.jpeg,24,Kalimantan_Dayak,24,Kalimantan_Dayak,0.80934435,True
C:\Users\dzaki\OneDrive\Dokumen\Bahasa Pemograman\Python\Batik\datasets\raw\dataset_augmented\Kalimantan_Dayak\aug_0_3403.jpeg,24,Kalimantan_Dayak,24,Kalimantan_Dayak,0.99366885,True
C:\Users\dzaki\OneDrive\Dokumen\Bahasa Pemograman\Python\Batik\datasets\raw\dataset_augmented\Kalimantan_Dayak\aug_0_3549.jpeg,24,Kalimantan_Dayak,24,Kalimantan_Dayak,0.9984604,True
C:\Users\dzaki\OneDrive\Dokumen\Bahasa Pemograman\Python\Batik\datasets\raw\dataset_augmented\Kalimantan_Dayak\aug_0_3902.jpeg,24,Kalimantan_Dayak,24,Kalimantan_Dayak,0.9898453,True
C:\Users\dzaki\OneDrive\Dokumen\Bahasa Pemograman\Python\Batik\datasets\raw\dataset_augmented\Kalimantan_Dayak\aug_0_4040.jpeg,24,Kalimantan_Dayak,24,Kalimantan_Dayak,0.9952082,True
C:\Users\dzaki\OneDrive\Dokumen\Bahasa Pemograman\Python\Batik\datasets\raw\dataset_augmented\Kalimantan_Dayak\aug_0_432.jpeg,24,Kalimantan_Dayak,24,Kalimantan_Dayak,0.9951113,True
C:\Users\dzaki\OneDrive\Dokumen\Bahasa Pemograman\Python\Batik\datasets\raw\dataset_augmented\Kalimantan_Dayak\aug_0_4325.jpeg,24,Kalimantan_Dayak,24,Kalimantan_Dayak,0.9966761,True
C:\Users\dzaki\OneDrive\Dokumen\Bahasa Pemograman\Python\Batik\datasets\raw\dataset_augmented\Kalimantan_Dayak\aug_0_4526.jpeg,24,Kalimantan_Dayak,24,Kalimantan_Dayak,0.9957782,True
C:\Users\dzaki\OneDrive\Dokumen\Bahasa Pemograman\Python\Batik\datasets\raw\dataset_augmented\Kalimantan_Dayak\aug_0_5133.jpeg,24,Kalimantan_Dayak,24,Kalimantan_Dayak,0.9995473,True
C:\Users\dzaki\OneDrive\Dokumen\Bahasa Pemograman\Python\Batik\datasets\raw\dataset_augmented\Kalimantan_Dayak\aug_0_5161.jpeg,24,Kalimantan_Dayak,24,Kalimantan_Dayak,0.9990546,True
C:\Users\dzaki\OneDrive\Dokumen\Bahasa Pemograman\Python\Batik\datasets\raw\dataset_augmented\Kalimantan_Dayak\aug_0_5398.jpeg,24,Kalimantan_Dayak,24,Kalimantan_Dayak,0.9927401,True
C:\Users\dzaki\OneDrive\Dokumen\Bahasa Pemograman\Python\Batik\datasets\raw\dataset_augmented\Kalimantan_Dayak\aug_0_5513.jpeg,24,Kalimantan_Dayak,24,Kalimantan_Dayak,0.99900275,True
C:\Users\dzaki\OneDrive\Dokumen\Bahasa Pemograman\Python\Batik\datasets\raw\dataset_augmented\Kalimantan_Dayak\aug_0_5537.jpeg,24,Kalimantan_Dayak,24,Kalimantan_Dayak,0.9964168,True
C:\Users\dzaki\OneDrive\Dokumen\Bahasa Pemograman\Python\Batik\datasets\raw\dataset_augmented\Kalimantan_Dayak\aug_0_6018.jpeg,24,Kalimantan_Dayak,24,Kalimantan_Dayak,0.986408,True
C:\Users\dzaki\OneDrive\Dokumen\Bahasa Pemograman\Python\Batik\datasets\raw\dataset_augmented\Kalimantan_Dayak\aug_0_603.jpeg,24,Kalimantan_Dayak,24,Kalimantan_Dayak,0.9990544,True
C:\Users\dzaki\OneDrive\Dokumen\Bahasa Pemograman\Python\Batik\datasets\raw\dataset_augmented\Kalimantan_Dayak\aug_0_6296.jpeg,24,Kalimantan_Dayak,24,Kalimantan_Dayak,0.999894,True
C:\Users\dzaki\OneDrive\Dokumen\Bahasa Pemograman\Python\Batik\datasets\raw\dataset_augmented\Kalimantan_Dayak\aug_0_659.jpeg,24,Kalimantan_Dayak,24,Kalimantan_Dayak,0.9942134,True
C:\Users\dzaki\OneDrive\Dokumen\Bahasa Pemograman\Python\Batik\datasets\raw\dataset_augmented\Kalimantan_Dayak\aug_0_6910.jpeg,24,Kalimantan_Dayak,24,Kalimantan_Dayak,0.9943937,True
C:\Users\dzaki\OneDrive\Dokumen\Bahasa Pemograman\Python\Batik\datasets\raw\dataset_augmented\Kalimantan_Dayak\aug_0_7111.jpeg,24,Kalimantan_Dayak,24,Kalimantan_Dayak,0.9999256,True
C:\Users\dzaki\OneDrive\Dokumen\Bahasa Pemograman\Python\Batik\datasets\raw\dataset_augmented\Kalimantan_Dayak\aug_0_7230.jpeg,24,Kalimantan_Dayak,24,Kalimantan_Dayak,0.99585587,True
C:\Users\dzaki\OneDrive\Dokumen\Bahasa Pemograman\Python\Batik\datasets\raw\dataset_augmented\Kalimantan_Dayak\aug_0_8263.jpeg,24,Kalimantan_Dayak,24,Kalimantan_Dayak,0.99986434,True
C:\Users\dzaki\OneDrive\Dokumen\Bahasa Pemograman\Python\Batik\datasets\raw\dataset_augmented\Kalimantan_Dayak\aug_0_8287.jpeg,24,Kalimantan_Dayak,24,Kalimantan_Dayak,0.9996278,True
C:\Users\dzaki\OneDrive\Dokumen\Bahasa Pemograman\Python\Batik\datasets\raw\dataset_augmented\Kalimantan_Dayak\aug_0_8390.jpeg,24,Kalimantan_Dayak,24,Kalimantan_Dayak,0.99987483,True
C:\Users\dzaki\OneDrive\Dokumen\Bahasa Pemograman\Python\Batik\datasets\raw\dataset_augmented\Kalimantan_Dayak\aug_0_8799.jpeg,24,Kalimantan_Dayak,24,Kalimantan_Dayak,0.9980818,True
C:\Users\dzaki\OneDrive\Dokumen\Bahasa Pemograman\Python\Batik\datasets\raw\dataset_augmented\Kalimantan_Dayak\aug_0_9033.jpeg,24,Kalimantan_Dayak,24,Kalimantan_Dayak,0.99998534,True
C:\Users\dzaki\OneDrive\Dokumen\Bahasa Pemograman\Python\Batik\datasets\raw\dataset_augmented\Kalimantan_Dayak\aug_0_9326.jpeg,24,Kalimantan_Dayak,24,Kalimantan_Dayak,0.9877614,True
C:\Users\dzaki\OneDrive\Dokumen\Bahasa Pemograman\Python\Batik\datasets\raw\dataset_augmented\Kalimantan_Dayak\aug_0_9692.jpeg,24,Kalimantan_Dayak,24,Kalimantan_Dayak,0.9999522,True
C:\Users\dzaki\OneDrive\Dokumen\Bahasa Pemograman\Python\Batik\datasets\raw\dataset_augmented\Kalimantan_Dayak\aug_0_9970.jpeg,24,Kalimantan_Dayak,24,Kalimantan_Dayak,0.99962413,True
C:\Users\dzaki\OneDrive\Dokumen\Bahasa Pemograman\Python\Batik\datasets\raw\dataset_augmented\Lampung_Gajah\aug_0_1361.jpeg,25,Lampung_Gajah,25,Lampung_Gajah,0.9726332,True
C:\Users\dzaki\OneDrive\Dokumen\Bahasa Pemograman\Python\Batik\datasets\raw\dataset_augmented\Lampung_Gajah\aug_0_1404.jpeg,25,Lampung_Gajah,25,Lampung_Gajah,0.9806958,True
C:\Users\dzaki\OneDrive\Dokumen\Bahasa Pemograman\Python\Batik\datasets\raw\dataset_augmented\Lampung_Gajah\aug_0_1493.jpeg,25,Lampung_Gajah,25,Lampung_Gajah,0.93907607,True
C:\Users\dzaki\OneDrive\Dokumen\Bahasa Pemograman\Python\Batik\datasets\raw\dataset_augmented\Lampung_Gajah\aug_0_1539.jpeg,25,Lampung_Gajah,25,Lampung_Gajah,0.99319494,True
C:\Users\dzaki\OneDrive\Dokumen\Bahasa Pemograman\Python\Batik\datasets\raw\dataset_augmented\Lampung_Gajah\aug_0_1788.jpeg,25,Lampung_Gajah,25,Lampung_Gajah,0.909846,True
C:\Users\dzaki\OneDrive\Dokumen\Bahasa Pemograman\Python\Batik\datasets\raw\dataset_augmented\Lampung_Gajah\aug_0_1980.jpeg,25,Lampung_Gajah,25,Lampung_Gajah,0.99788254,True
C:\Users\dzaki\OneDrive\Dokumen\Bahasa Pemograman\Python\Batik\datasets\raw\dataset_augmented\Lampung_Gajah\aug_0_248.jpeg,25,Lampung_Gajah,25,Lampung_Gajah,0.74038386,True
C:\Users\dzaki\OneDrive\Dokumen\Bahasa Pemograman\Python\Batik\datasets\raw\dataset_augmented\Lampung_Gajah\aug_0_3131.jpeg,25,Lampung_Gajah,3,batik-betawi,0.39239174,False
C:\Users\dzaki\OneDrive\Dokumen\Bahasa Pemograman\Python\Batik\datasets\raw\dataset_augmented\Lampung_Gajah\aug_0_3392.jpeg,25,Lampung_Gajah,25,Lampung_Gajah,0.9960764,True
C:\Users\dzaki\OneDrive\Dokumen\Bahasa Pemograman\Python\Batik\datasets\raw\dataset_augmented\Lampung_Gajah\aug_0_3439.jpeg,25,Lampung_Gajah,25,Lampung_Gajah,0.92292404,True
C:\Users\dzaki\OneDrive\Dokumen\Bahasa Pemograman\Python\Batik\datasets\raw\dataset_augmented\Lampung_Gajah\aug_0_347.jpeg,25,Lampung_Gajah,25,Lampung_Gajah,0.98385334,True
C:\Users\dzaki\OneDrive\Dokumen\Bahasa Pemograman\Python\Batik\datasets\raw\dataset_augmented\Lampung_Gajah\aug_0_3729.jpeg,25,Lampung_Gajah,25,Lampung_Gajah,0.99578047,True
C:\Users\dzaki\OneDrive\Dokumen\Bahasa Pemograman\Python\Batik\datasets\raw\dataset_augmented\Lampung_Gajah\aug_0_3820.jpeg,25,Lampung_Gajah,25,Lampung_Gajah,0.6485355,True
C:\Users\dzaki\OneDrive\Dokumen\Bahasa Pemograman\Python\Batik\datasets\raw\dataset_augmented\Lampung_Gajah\aug_0_3861.jpeg,25,Lampung_Gajah,25,Lampung_Gajah,0.95694757,True
C:\Users\dzaki\OneDrive\Dokumen\Bahasa Pemograman\Python\Batik\datasets\raw\dataset_augmented\Lampung_Gajah\aug_0_3938.jpeg,25,Lampung_Gajah,25,Lampung_Gajah,0.85852236,True
C:\Users\dzaki\OneDrive\Dokumen\Bahasa Pemograman\Python\Batik\datasets\raw\dataset_augmented\Lampung_Gajah\aug_0_4508.jpeg,25,Lampung_Gajah,25,Lampung_Gajah,0.55894065,True
C:\Users\dzaki\OneDrive\Dokumen\Bahasa Pemograman\Python\Batik\datasets\raw\dataset_augmented\Lampung_Gajah\aug_0_4853.jpeg,25,Lampung_Gajah,28,NTB_Lumbung,0.77321815,False
C:\Users\dzaki\OneDrive\Dokumen\Bahasa Pemograman\Python\Batik\datasets\raw\dataset_augmented\Lampung_Gajah\aug_0_4893.jpeg,25,Lampung_Gajah,25,Lampung_Gajah,0.9781781,True
C:\Users\dzaki\OneDrive\Dokumen\Bahasa Pemograman\Python\Batik\datasets\raw\dataset_augmented\Lampung_Gajah\aug_0_5059.jpeg,25,Lampung_Gajah,25,Lampung_Gajah,0.8653623,True
C:\Users\dzaki\OneDrive\Dokumen\Bahasa Pemograman\Python\Batik\datasets\raw\dataset_augmented\Lampung_Gajah\aug_0_5228.jpeg,25,Lampung_Gajah,25,Lampung_Gajah,0.40120426,True
C:\Users\dzaki\OneDrive\Dokumen\Bahasa Pemograman\Python\Batik\datasets\raw\dataset_augmented\Lampung_Gajah\aug_0_5527.jpeg,25,Lampung_Gajah,25,Lampung_Gajah,0.9912378,True
C:\Users\dzaki\OneDrive\Dokumen\Bahasa Pemograman\Python\Batik\datasets\raw\dataset_augmented\Lampung_Gajah\aug_0_6492.jpeg,25,Lampung_Gajah,25,Lampung_Gajah,0.7355196,True
C:\Users\dzaki\OneDrive\Dokumen\Bahasa Pemograman\Python\Batik\datasets\raw\dataset_augmented\Lampung_Gajah\aug_0_6524.jpeg,25,Lampung_Gajah,25,Lampung_Gajah,0.9180818,True
C:\Users\dzaki\OneDrive\Dokumen\Bahasa Pemograman\Python\Batik\datasets\raw\dataset_augmented\Lampung_Gajah\aug_0_6592.jpeg,25,Lampung_Gajah,25,Lampung_Gajah,0.9636718,True
C:\Users\dzaki\OneDrive\Dokumen\Bahasa Pemograman\Python\Batik\datasets\raw\dataset_augmented\Lampung_Gajah\aug_0_6631.jpeg,25,Lampung_Gajah,25,Lampung_Gajah,0.9494215,True
C:\Users\dzaki\OneDrive\Dokumen\Bahasa Pemograman\Python\Batik\datasets\raw\dataset_augmented\Lampung_Gajah\aug_0_6843.jpeg,25,Lampung_Gajah,25,Lampung_Gajah,0.9293557,True
C:\Users\dzaki\OneDrive\Dokumen\Bahasa Pemograman\Python\Batik\datasets\raw\dataset_augmented\Lampung_Gajah\aug_0_7115.jpeg,25,Lampung_Gajah,25,Lampung_Gajah,0.9566901,True
C:\Users\dzaki\OneDrive\Dokumen\Bahasa Pemograman\Python\Batik\datasets\raw\dataset_augmented\Lampung_Gajah\aug_0_7173.jpeg,25,Lampung_Gajah,25,Lampung_Gajah,0.8696205,True
C:\Users\dzaki\OneDrive\Dokumen\Bahasa Pemograman\Python\Batik\datasets\raw\dataset_augmented\Lampung_Gajah\aug_0_7234.jpeg,25,Lampung_Gajah,25,Lampung_Gajah,0.74789906,True
C:\Users\dzaki\OneDrive\Dokumen\Bahasa Pemograman\Python\Batik\datasets\raw\dataset_augmented\Lampung_Gajah\aug_0_733.jpeg,25,Lampung_Gajah,25,Lampung_Gajah,0.9943051,True
C:\Users\dzaki\OneDrive\Dokumen\Bahasa Pemograman\Python\Batik\datasets\raw\dataset_augmented\Lampung_Gajah\aug_0_7546.jpeg,25,Lampung_Gajah,25,Lampung_Gajah,0.99909973,True
C:\Users\dzaki\OneDrive\Dokumen\Bahasa Pemograman\Python\Batik\datasets\raw\dataset_augmented\Lampung_Gajah\aug_0_7685.jpeg,25,Lampung_Gajah,25,Lampung_Gajah,0.35414875,True
C:\Users\dzaki\OneDrive\Dokumen\Bahasa Pemograman\Python\Batik\datasets\raw\dataset_augmented\Lampung_Gajah\aug_0_8019.jpeg,25,Lampung_Gajah,25,Lampung_Gajah,0.8952642,True
C:\Users\dzaki\OneDrive\Dokumen\Bahasa Pemograman\Python\Batik\datasets\raw\dataset_augmented\Lampung_Gajah\aug_0_8127.jpeg,25,Lampung_Gajah,25,Lampung_Gajah,0.9704288,True
C:\Users\dzaki\OneDrive\Dokumen\Bahasa Pemograman\Python\Batik\datasets\raw\dataset_augmented\Lampung_Gajah\aug_0_8637.jpeg,25,Lampung_Gajah,25,Lampung_Gajah,0.8446956,True
C:\Users\dzaki\OneDrive\Dokumen\Bahasa Pemograman\Python\Batik\datasets\raw\dataset_augmented\Lampung_Gajah\aug_0_9635.jpeg,25,Lampung_Gajah,25,Lampung_Gajah,0.86424124,True
C:\Users\dzaki\OneDrive\Dokumen\Bahasa Pemograman\Python\Batik\datasets\raw\dataset_augmented\Lampung_Gajah\aug_0_9937.jpeg,25,Lampung_Gajah,25,Lampung_Gajah,0.9609121,True
C:\Users\dzaki\OneDrive\Dokumen\Bahasa Pemograman\Python\Batik\datasets\raw\dataset_augmented\Madura_Mataketeran\aug_0_1077.jpeg,26,Madura_Mataketeran,26,Madura_Mataketeran,0.94298387,True
C:\Users\dzaki\OneDrive\Dokumen\Bahasa Pemograman\Python\Batik\datasets\raw\dataset_augmented\Madura_Mataketeran\aug_0_1275.jpeg,26,Madura_Mataketeran,26,Madura_Mataketeran,0.8205823,True
C:\Users\dzaki\OneDrive\Dokumen\Bahasa Pemograman\Python\Batik\datasets\raw\dataset_augmented\Madura_Mataketeran\aug_0_1996.jpeg,26,Madura_Mataketeran,26,Madura_Mataketeran,0.9513385,True
C:\Users\dzaki\OneDrive\Dokumen\Bahasa Pemograman\Python\Batik\datasets\raw\dataset_augmented\Madura_Mataketeran\aug_0_2011.jpeg,26,Madura_Mataketeran,26,Madura_Mataketeran,0.9987558,True
C:\Users\dzaki\OneDrive\Dokumen\Bahasa Pemograman\Python\Batik\datasets\raw\dataset_augmented\Madura_Mataketeran\aug_0_2234.jpeg,26,Madura_Mataketeran,26,Madura_Mataketeran,0.9972422,True
C:\Users\dzaki\OneDrive\Dokumen\Bahasa Pemograman\Python\Batik\datasets\raw\dataset_augmented\Madura_Mataketeran\aug_0_2381.jpeg,26,Madura_Mataketeran,26,Madura_Mataketeran,0.88477236,True
C:\Users\dzaki\OneDrive\Dokumen\Bahasa Pemograman\Python\Batik\datasets\raw\dataset_augmented\Madura_Mataketeran\aug_0_2855.jpeg,26,Madura_Mataketeran,26,Madura_Mataketeran,0.9997731,True
C:\Users\dzaki\OneDrive\Dokumen\Bahasa Pemograman\Python\Batik\datasets\raw\dataset_augmented\Madura_Mataketeran\aug_0_3250.jpeg,26,Madura_Mataketeran,26,Madura_Mataketeran,0.99462247,True
C:\Users\dzaki\OneDrive\Dokumen\Bahasa Pemograman\Python\Batik\datasets\raw\dataset_augmented\Madura_Mataketeran\aug_0_3871.jpeg,26,Madura_Mataketeran,26,Madura_Mataketeran,0.9566996,True
C:\Users\dzaki\OneDrive\Dokumen\Bahasa Pemograman\Python\Batik\datasets\raw\dataset_augmented\Madura_Mataketeran\aug_0_3921.jpeg,26,Madura_Mataketeran,26,Madura_Mataketeran,0.9919442,True
C:\Users\dzaki\OneDrive\Dokumen\Bahasa Pemograman\Python\Batik\datasets\raw\dataset_augmented\Madura_Mataketeran\aug_0_4081.jpeg,26,Madura_Mataketeran,26,Madura_Mataketeran,0.9379999,True
C:\Users\dzaki\OneDrive\Dokumen\Bahasa Pemograman\Python\Batik\datasets\raw\dataset_augmented\Madura_Mataketeran\aug_0_4126.jpeg,26,Madura_Mataketeran,26,Madura_Mataketeran,0.99722075,True
C:\Users\dzaki\OneDrive\Dokumen\Bahasa Pemograman\Python\Batik\datasets\raw\dataset_augmented\Madura_Mataketeran\aug_0_4216.jpeg,26,Madura_Mataketeran,26,Madura_Mataketeran,0.99895954,True
C:\Users\dzaki\OneDrive\Dokumen\Bahasa Pemograman\Python\Batik\datasets\raw\dataset_augmented\Madura_Mataketeran\aug_0_4480.jpeg,26,Madura_Mataketeran,26,Madura_Mataketeran,0.9930166,True
C:\Users\dzaki\OneDrive\Dokumen\Bahasa Pemograman\Python\Batik\datasets\raw\dataset_augmented\Madura_Mataketeran\aug_0_4535.jpeg,26,Madura_Mataketeran,26,Madura_Mataketeran,0.9901625,True
C:\Users\dzaki\OneDrive\Dokumen\Bahasa Pemograman\Python\Batik\datasets\raw\dataset_augmented\Madura_Mataketeran\aug_0_4688.jpeg,26,Madura_Mataketeran,26,Madura_Mataketeran,0.8484725,True
C:\Users\dzaki\OneDrive\Dokumen\Bahasa Pemograman\Python\Batik\datasets\raw\dataset_augmented\Madura_Mataketeran\aug_0_469.jpeg,26,Madura_Mataketeran,26,Madura_Mataketeran,0.9832056,True
C:\Users\dzaki\OneDrive\Dokumen\Bahasa Pemograman\Python\Batik\datasets\raw\dataset_augmented\Madura_Mataketeran\aug_0_4727.jpeg,26,Madura_Mataketeran,26,Madura_Mataketeran,0.992389,True
C:\Users\dzaki\OneDrive\Dokumen\Bahasa Pemograman\Python\Batik\datasets\raw\dataset_augmented\Madura_Mataketeran\aug_0_4818.jpeg,26,Madura_Mataketeran,26,Madura_Mataketeran,0.99121135,True
C:\Users\dzaki\OneDrive\Dokumen\Bahasa Pemograman\Python\Batik\datasets\raw\dataset_augmented\Madura_Mataketeran\aug_0_5027.jpeg,26,Madura_Mataketeran,26,Madura_Mataketeran,0.984382,True
C:\Users\dzaki\OneDrive\Dokumen\Bahasa Pemograman\Python\Batik\datasets\raw\dataset_augmented\Madura_Mataketeran\aug_0_5752.jpeg,26,Madura_Mataketeran,26,Madura_Mataketeran,0.9996401,True
C:\Users\dzaki\OneDrive\Dokumen\Bahasa Pemograman\Python\Batik\datasets\raw\dataset_augmented\Madura_Mataketeran\aug_0_6414.jpeg,26,Madura_Mataketeran,26,Madura_Mataketeran,0.99287593,True
C:\Users\dzaki\OneDrive\Dokumen\Bahasa Pemograman\Python\Batik\datasets\raw\dataset_augmented\Madura_Mataketeran\aug_0_6701.jpeg,26,Madura_Mataketeran,26,Madura_Mataketeran,0.9972192,True
C:\Users\dzaki\OneDrive\Dokumen\Bahasa Pemograman\Python\Batik\datasets\raw\dataset_augmented\Madura_Mataketeran\aug_0_6784.jpeg,26,Madura_Mataketeran,26,Madura_Mataketeran,0.99936813,True
C:\Users\dzaki\OneDrive\Dokumen\Bahasa Pemograman\Python\Batik\datasets\raw\dataset_augmented\Madura_Mataketeran\aug_0_7408.jpeg,26,Madura_Mataketeran,26,Madura_Mataketeran,0.9735204,True
C:\Users\dzaki\OneDrive\Dokumen\Bahasa Pemograman\Python\Batik\datasets\raw\dataset_augmented\Madura_Mataketeran\aug_0_7440.jpeg,26,Madura_Mataketeran,26,Madura_Mataketeran,0.9918305,True
C:\Users\dzaki\OneDrive\Dokumen\Bahasa Pemograman\Python\Batik\datasets\raw\dataset_augmented\Madura_Mataketeran\aug_0_7547.jpeg,26,Madura_Mataketeran,26,Madura_Mataketeran,0.9898275,True
C:\Users\dzaki\OneDrive\Dokumen\Bahasa Pemograman\Python\Batik\datasets\raw\dataset_augmented\Madura_Mataketeran\aug_0_772.jpeg,26,Madura_Mataketeran,26,Madura_Mataketeran,0.99798524,True
C:\Users\dzaki\OneDrive\Dokumen\Bahasa Pemograman\Python\Batik\datasets\raw\dataset_augmented\Madura_Mataketeran\aug_0_7752.jpeg,26,Madura_Mataketeran,26,Madura_Mataketeran,0.99732614,True
C:\Users\dzaki\OneDrive\Dokumen\Bahasa Pemograman\Python\Batik\datasets\raw\dataset_augmented\Madura_Mataketeran\aug_0_7828.jpeg,26,Madura_Mataketeran,26,Madura_Mataketeran,0.9903234,True
C:\Users\dzaki\OneDrive\Dokumen\Bahasa Pemograman\Python\Batik\datasets\raw\dataset_augmented\Madura_Mataketeran\aug_0_7869.jpeg,26,Madura_Mataketeran,26,Madura_Mataketeran,0.97670513,True
C:\Users\dzaki\OneDrive\Dokumen\Bahasa Pemograman\Python\Batik\datasets\raw\dataset_augmented\Madura_Mataketeran\aug_0_79.jpeg,26,Madura_Mataketeran,26,Madura_Mataketeran,0.9905787,True
C:\Users\dzaki\OneDrive\Dokumen\Bahasa Pemograman\Python\Batik\datasets\raw\dataset_augmented\Madura_Mataketeran\aug_0_8174.jpeg,26,Madura_Mataketeran,26,Madura_Mataketeran,0.9932702,True
C:\Users\dzaki\OneDrive\Dokumen\Bahasa Pemograman\Python\Batik\datasets\raw\dataset_augmented\Madura_Mataketeran\aug_0_8621.jpeg,26,Madura_Mataketeran,26,Madura_Mataketeran,0.96473086,True
C:\Users\dzaki\OneDrive\Dokumen\Bahasa Pemograman\Python\Batik\datasets\raw\dataset_augmented\Madura_Mataketeran\aug_0_941.jpeg,26,Madura_Mataketeran,26,Madura_Mataketeran,0.99940765,True
C:\Users\dzaki\OneDrive\Dokumen\Bahasa Pemograman\Python\Batik\datasets\raw\dataset_augmented\Madura_Mataketeran\aug_0_954.jpeg,26,Madura_Mataketeran,26,Madura_Mataketeran,0.7771479,True
C:\Users\dzaki\OneDrive\Dokumen\Bahasa Pemograman\Python\Batik\datasets\raw\dataset_augmented\Madura_Mataketeran\aug_0_9749.jpeg,26,Madura_Mataketeran,26,Madura_Mataketeran,0.9567833,True
C:\Users\dzaki\OneDrive\Dokumen\Bahasa Pemograman\Python\Batik\datasets\raw\dataset_augmented\Madura_Mataketeran\aug_0_9778.jpeg,26,Madura_Mataketeran,26,Madura_Mataketeran,0.9168596,True
C:\Users\dzaki\OneDrive\Dokumen\Bahasa Pemograman\Python\Batik\datasets\raw\dataset_augmented\Maluku_Pala\aug_0_1093.jpeg,27,Maluku_Pala,27,Maluku_Pala,0.99606663,True
C:\Users\dzaki\OneDrive\Dokumen\Bahasa Pemograman\Python\Batik\datasets\raw\dataset_augmented\Maluku_Pala\aug_0_1105.jpeg,27,Maluku_Pala,27,Maluku_Pala,0.9996289,True
C:\Users\dzaki\OneDrive\Dokumen\Bahasa Pemograman\Python\Batik\datasets\raw\dataset_augmented\Maluku_Pala\aug_0_1571.jpeg,27,Maluku_Pala,27,Maluku_Pala,0.9911034,True
C:\Users\dzaki\OneDrive\Dokumen\Bahasa Pemograman\Python\Batik\datasets\raw\dataset_augmented\Maluku_Pala\aug_0_1737.jpeg,27,Maluku_Pala,27,Maluku_Pala,0.9997514,True
C:\Users\dzaki\OneDrive\Dokumen\Bahasa Pemograman\Python\Batik\datasets\raw\dataset_augmented\Maluku_Pala\aug_0_1850.jpeg,27,Maluku_Pala,27,Maluku_Pala,0.98673403,True
C:\Users\dzaki\OneDrive\Dokumen\Bahasa Pemograman\Python\Batik\datasets\raw\dataset_augmented\Maluku_Pala\aug_0_2180.jpeg,27,Maluku_Pala,27,Maluku_Pala,0.99527633,True
C:\Users\dzaki\OneDrive\Dokumen\Bahasa Pemograman\Python\Batik\datasets\raw\dataset_augmented\Maluku_Pala\aug_0_2552.jpeg,27,Maluku_Pala,27,Maluku_Pala,0.9973404,True
C:\Users\dzaki\OneDrive\Dokumen\Bahasa Pemograman\Python\Batik\datasets\raw\dataset_augmented\Maluku_Pala\aug_0_2685.jpeg,27,Maluku_Pala,27,Maluku_Pala,0.9951853,True
C:\Users\dzaki\OneDrive\Dokumen\Bahasa Pemograman\Python\Batik\datasets\raw\dataset_augmented\Maluku_Pala\aug_0_2823.jpeg,27,Maluku_Pala,27,Maluku_Pala,0.9872803,True
C:\Users\dzaki\OneDrive\Dokumen\Bahasa Pemograman\Python\Batik\datasets\raw\dataset_augmented\Maluku_Pala\aug_0_356.jpeg,27,Maluku_Pala,27,Maluku_Pala,0.6886746,True
C:\Users\dzaki\OneDrive\Dokumen\Bahasa Pemograman\Python\Batik\datasets\raw\dataset_augmented\Maluku_Pala\aug_0_3848.jpeg,27,Maluku_Pala,27,Maluku_Pala,0.9942139,True
C:\Users\dzaki\OneDrive\Dokumen\Bahasa Pemograman\Python\Batik\datasets\raw\dataset_augmented\Maluku_Pala\aug_0_3884.jpeg,27,Maluku_Pala,27,Maluku_Pala,0.99876034,True
C:\Users\dzaki\OneDrive\Dokumen\Bahasa Pemograman\Python\Batik\datasets\raw\dataset_augmented\Maluku_Pala\aug_0_3912.jpeg,27,Maluku_Pala,27,Maluku_Pala,0.9782974,True
C:\Users\dzaki\OneDrive\Dokumen\Bahasa Pemograman\Python\Batik\datasets\raw\dataset_augmented\Maluku_Pala\aug_0_3963.jpeg,27,Maluku_Pala,27,Maluku_Pala,0.96111315,True
C:\Users\dzaki\OneDrive\Dokumen\Bahasa Pemograman\Python\Batik\datasets\raw\dataset_augmented\Maluku_Pala\aug_0_4010.jpeg,27,Maluku_Pala,27,Maluku_Pala,0.99194884,True
C:\Users\dzaki\OneDrive\Dokumen\Bahasa Pemograman\Python\Batik\datasets\raw\dataset_augmented\Maluku_Pala\aug_0_4024.jpeg,27,Maluku_Pala,27,Maluku_Pala,0.99988806,True
C:\Users\dzaki\OneDrive\Dokumen\Bahasa Pemograman\Python\Batik\datasets\raw\dataset_augmented\Maluku_Pala\aug_0_4573.jpeg,27,Maluku_Pala,27,Maluku_Pala,0.9406707,True
C:\Users\dzaki\OneDrive\Dokumen\Bahasa Pemograman\Python\Batik\datasets\raw\dataset_augmented\Maluku_Pala\aug_0_5110.jpeg,27,Maluku_Pala,27,Maluku_Pala,0.95960116,True
C:\Users\dzaki\OneDrive\Dokumen\Bahasa Pemograman\Python\Batik\datasets\raw\dataset_augmented\Maluku_Pala\aug_0_5379.jpeg,27,Maluku_Pala,27,Maluku_Pala,0.996628,True
C:\Users\dzaki\OneDrive\Dokumen\Bahasa Pemograman\Python\Batik\datasets\raw\dataset_augmented\Maluku_Pala\aug_0_5728.jpeg,27,Maluku_Pala,27,Maluku_Pala,0.9765204,True
C:\Users\dzaki\OneDrive\Dokumen\Bahasa Pemograman\Python\Batik\datasets\raw\dataset_augmented\Maluku_Pala\aug_0_5971.jpeg,27,Maluku_Pala,27,Maluku_Pala,0.9960114,True
C:\Users\dzaki\OneDrive\Dokumen\Bahasa Pemograman\Python\Batik\datasets\raw\dataset_augmented\Maluku_Pala\aug_0_6009.jpeg,27,Maluku_Pala,27,Maluku_Pala,0.9992286,True
C:\Users\dzaki\OneDrive\Dokumen\Bahasa Pemograman\Python\Batik\datasets\raw\dataset_augmented\Maluku_Pala\aug_0_6310.jpeg,27,Maluku_Pala,27,Maluku_Pala,0.9955106,True
C:\Users\dzaki\OneDrive\Dokumen\Bahasa Pemograman\Python\Batik\datasets\raw\dataset_augmented\Maluku_Pala\aug_0_6533.jpeg,27,Maluku_Pala,27,Maluku_Pala,0.9939738,True
C:\Users\dzaki\OneDrive\Dokumen\Bahasa Pemograman\Python\Batik\datasets\raw\dataset_augmented\Maluku_Pala\aug_0_668.jpeg,27,Maluku_Pala,27,Maluku_Pala,0.99234384,True
C:\Users\dzaki\OneDrive\Dokumen\Bahasa Pemograman\Python\Batik\datasets\raw\dataset_augmented\Maluku_Pala\aug_0_6781.jpeg,27,Maluku_Pala,27,Maluku_Pala,0.3742341,True
C:\Users\dzaki\OneDrive\Dokumen\Bahasa Pemograman\Python\Batik\datasets\raw\dataset_augmented\Maluku_Pala\aug_0_6903.jpeg,27,Maluku_Pala,27,Maluku_Pala,0.9978409,True
C:\Users\dzaki\OneDrive\Dokumen\Bahasa Pemograman\Python\Batik\datasets\raw\dataset_augmented\Maluku_Pala\aug_0_7441.jpeg,27,Maluku_Pala,27,Maluku_Pala,0.9999502,True
C:\Users\dzaki\OneDrive\Dokumen\Bahasa Pemograman\Python\Batik\datasets\raw\dataset_augmented\Maluku_Pala\aug_0_8051.jpeg,27,Maluku_Pala,27,Maluku_Pala,0.9780804,True
C:\Users\dzaki\OneDrive\Dokumen\Bahasa Pemograman\Python\Batik\datasets\raw\dataset_augmented\Maluku_Pala\aug_0_8632.jpeg,27,Maluku_Pala,27,Maluku_Pala,0.8701489,True
C:\Users\dzaki\OneDrive\Dokumen\Bahasa Pemograman\Python\Batik\datasets\raw\dataset_augmented\Maluku_Pala\aug_0_8879.jpeg,27,Maluku_Pala,27,Maluku_Pala,0.9963013,True
C:\Users\dzaki\OneDrive\Dokumen\Bahasa Pemograman\Python\Batik\datasets\raw\dataset_augmented\Maluku_Pala\aug_0_8885.jpeg,27,Maluku_Pala,27,Maluku_Pala,0.9994136,True
C:\Users\dzaki\OneDrive\Dokumen\Bahasa Pemograman\Python\Batik\datasets\raw\dataset_augmented\Maluku_Pala\aug_0_8913.jpeg,27,Maluku_Pala,27,Maluku_Pala,0.99989533,True
C:\Users\dzaki\OneDrive\Dokumen\Bahasa Pemograman\Python\Batik\datasets\raw\dataset_augmented\Maluku_Pala\aug_0_8947.jpeg,27,Maluku_Pala,27,Maluku_Pala,0.9905538,True
C:\Users\dzaki\OneDrive\Dokumen\Bahasa Pemograman\Python\Batik\datasets\raw\dataset_augmented\Maluku_Pala\aug_0_9318.jpeg,27,Maluku_Pala,27,Maluku_Pala,0.9606325,True
C:\Users\dzaki\OneDrive\Dokumen\Bahasa Pemograman\Python\Batik\datasets\raw\dataset_augmented\Maluku_Pala\aug_0_9664.jpeg,27,Maluku_Pala,27,Maluku_Pala,0.99382,True
C:\Users\dzaki\OneDrive\Dokumen\Bahasa Pemograman\Python\Batik\datasets\raw\dataset_augmented\Maluku_Pala\aug_0_9902.jpeg,27,Maluku_Pala,27,Maluku_Pala,0.28826714,True
C:\Users\dzaki\OneDrive\Dokumen\Bahasa Pemograman\Python\Batik\datasets\raw\dataset_augmented\NTB_Lumbung\aug_0_1131.jpeg,28,NTB_Lumbung,28,NTB_Lumbung,0.9977754,True
C:\Users\dzaki\OneDrive\Dokumen\Bahasa Pemograman\Python\Batik\datasets\raw\dataset_augmented\NTB_Lumbung\aug_0_1589.jpeg,28,NTB_Lumbung,28,NTB_Lumbung,0.97307557,True
C:\Users\dzaki\OneDrive\Dokumen\Bahasa Pemograman\Python\Batik\datasets\raw\dataset_augmented\NTB_Lumbung\aug_0_1879.jpeg,28,NTB_Lumbung,28,NTB_Lumbung,0.9946773,True
C:\Users\dzaki\OneDrive\Dokumen\Bahasa Pemograman\Python\Batik\datasets\raw\dataset_augmented\NTB_Lumbung\aug_0_2058.jpeg,28,NTB_Lumbung,28,NTB_Lumbung,0.9993624,True
C:\Users\dzaki\OneDrive\Dokumen\Bahasa Pemograman\Python\Batik\datasets\raw\dataset_augmented\NTB_Lumbung\aug_0_2149.jpeg,28,NTB_Lumbung,28,NTB_Lumbung,0.7728258,True
C:\Users\dzaki\OneDrive\Dokumen\Bahasa Pemograman\Python\Batik\datasets\raw\dataset_augmented\NTB_Lumbung\aug_0_2190.jpeg,28,NTB_Lumbung,28,NTB_Lumbung,0.9501167,True
C:\Users\dzaki\OneDrive\Dokumen\Bahasa Pemograman\Python\Batik\datasets\raw\dataset_augmented\NTB_Lumbung\aug_0_2278.jpeg,28,NTB_Lumbung,28,NTB_Lumbung,0.9726556,True
C:\Users\dzaki\OneDrive\Dokumen\Bahasa Pemograman\Python\Batik\datasets\raw\dataset_augmented\NTB_Lumbung\aug_0_2637.jpeg,28,NTB_Lumbung,28,NTB_Lumbung,0.9561317,True
C:\Users\dzaki\OneDrive\Dokumen\Bahasa Pemograman\Python\Batik\datasets\raw\dataset_augmented\NTB_Lumbung\aug_0_3006.jpeg,28,NTB_Lumbung,28,NTB_Lumbung,0.9809061,True
C:\Users\dzaki\OneDrive\Dokumen\Bahasa Pemograman\Python\Batik\datasets\raw\dataset_augmented\NTB_Lumbung\aug_0_3420.jpeg,28,NTB_Lumbung,28,NTB_Lumbung,0.99988115,True
C:\Users\dzaki\OneDrive\Dokumen\Bahasa Pemograman\Python\Batik\datasets\raw\dataset_augmented\NTB_Lumbung\aug_0_3517.jpeg,28,NTB_Lumbung,28,NTB_Lumbung,0.9998049,True
C:\Users\dzaki\OneDrive\Dokumen\Bahasa Pemograman\Python\Batik\datasets\raw\dataset_augmented\NTB_Lumbung\aug_0_3910.jpeg,28,NTB_Lumbung,28,NTB_Lumbung,0.98198044,True
C:\Users\dzaki\OneDrive\Dokumen\Bahasa Pemograman\Python\Batik\datasets\raw\dataset_augmented\NTB_Lumbung\aug_0_4016.jpeg,28,NTB_Lumbung,28,NTB_Lumbung,0.9646367,True
C:\Users\dzaki\OneDrive\Dokumen\Bahasa Pemograman\Python\Batik\datasets\raw\dataset_augmented\NTB_Lumbung\aug_0_4358.jpeg,28,NTB_Lumbung,28,NTB_Lumbung,0.9609892,True
C:\Users\dzaki\OneDrive\Dokumen\Bahasa Pemograman\Python\Batik\datasets\raw\dataset_augmented\NTB_Lumbung\aug_0_4359.jpeg,28,NTB_Lumbung,28,NTB_Lumbung,0.90623975,True
C:\Users\dzaki\OneDrive\Dokumen\Bahasa Pemograman\Python\Batik\datasets\raw\dataset_augmented\NTB_Lumbung\aug_0_4412.jpeg,28,NTB_Lumbung,28,NTB_Lumbung,0.98242605,True
C:\Users\dzaki\OneDrive\Dokumen\Bahasa Pemograman\Python\Batik\datasets\raw\dataset_augmented\NTB_Lumbung\aug_0_4516.jpeg,28,NTB_Lumbung,28,NTB_Lumbung,0.8579644,True
C:\Users\dzaki\OneDrive\Dokumen\Bahasa Pemograman\Python\Batik\datasets\raw\dataset_augmented\NTB_Lumbung\aug_0_5124.jpeg,28,NTB_Lumbung,28,NTB_Lumbung,0.5191541,True
C:\Users\dzaki\OneDrive\Dokumen\Bahasa Pemograman\Python\Batik\datasets\raw\dataset_augmented\NTB_Lumbung\aug_0_5528.jpeg,28,NTB_Lumbung,28,NTB_Lumbung,0.9669283,True
C:\Users\dzaki\OneDrive\Dokumen\Bahasa Pemograman\Python\Batik\datasets\raw\dataset_augmented\NTB_Lumbung\aug_0_5664.jpeg,28,NTB_Lumbung,28,NTB_Lumbung,0.8426953,True
C:\Users\dzaki\OneDrive\Dokumen\Bahasa Pemograman\Python\Batik\datasets\raw\dataset_augmented\NTB_Lumbung\aug_0_5809.jpeg,28,NTB_Lumbung,28,NTB_Lumbung,0.9958878,True
C:\Users\dzaki\OneDrive\Dokumen\Bahasa Pemograman\Python\Batik\datasets\raw\dataset_augmented\NTB_Lumbung\aug_0_585.jpeg,28,NTB_Lumbung,28,NTB_Lumbung,0.8713799,True
C:\Users\dzaki\OneDrive\Dokumen\Bahasa Pemograman\Python\Batik\datasets\raw\dataset_augmented\NTB_Lumbung\aug_0_6198.jpeg,28,NTB_Lumbung,28,NTB_Lumbung,0.9062675,True
C:\Users\dzaki\OneDrive\Dokumen\Bahasa Pemograman\Python\Batik\datasets\raw\dataset_augmented\NTB_Lumbung\aug_0_6372.jpeg,28,NTB_Lumbung,28,NTB_Lumbung,0.94372654,True
C:\Users\dzaki\OneDrive\Dokumen\Bahasa Pemograman\Python\Batik\datasets\raw\dataset_augmented\NTB_Lumbung\aug_0_6432.jpeg,28,NTB_Lumbung,28,NTB_Lumbung,0.62391144,True
C:\Users\dzaki\OneDrive\Dokumen\Bahasa Pemograman\Python\Batik\datasets\raw\dataset_augmented\NTB_Lumbung\aug_0_6903.jpeg,28,NTB_Lumbung,28,NTB_Lumbung,0.9987733,True
C:\Users\dzaki\OneDrive\Dokumen\Bahasa Pemograman\Python\Batik\datasets\raw\dataset_augmented\NTB_Lumbung\aug_0_7006.jpeg,28,NTB_Lumbung,28,NTB_Lumbung,0.98898286,True
C:\Users\dzaki\OneDrive\Dokumen\Bahasa Pemograman\Python\Batik\datasets\raw\dataset_augmented\NTB_Lumbung\aug_0_7418.jpeg,28,NTB_Lumbung,28,NTB_Lumbung,0.89654857,True
C:\Users\dzaki\OneDrive\Dokumen\Bahasa Pemograman\Python\Batik\datasets\raw\dataset_augmented\NTB_Lumbung\aug_0_758.jpeg,28,NTB_Lumbung,28,NTB_Lumbung,0.9886796,True
C:\Users\dzaki\OneDrive\Dokumen\Bahasa Pemograman\Python\Batik\datasets\raw\dataset_augmented\NTB_Lumbung\aug_0_7670.jpeg,28,NTB_Lumbung,28,NTB_Lumbung,0.97812974,True
C:\Users\dzaki\OneDrive\Dokumen\Bahasa Pemograman\Python\Batik\datasets\raw\dataset_augmented\NTB_Lumbung\aug_0_8225.jpeg,28,NTB_Lumbung,28,NTB_Lumbung,0.9524848,True
C:\Users\dzaki\OneDrive\Dokumen\Bahasa Pemograman\Python\Batik\datasets\raw\dataset_augmented\NTB_Lumbung\aug_0_8858.jpeg,28,NTB_Lumbung,28,NTB_Lumbung,0.9786427,True
C:\Users\dzaki\OneDrive\Dokumen\Bahasa Pemograman\Python\Batik\datasets\raw\dataset_augmented\NTB_Lumbung\aug_0_8920.jpeg,28,NTB_Lumbung,28,NTB_Lumbung,0.8602201,True
C:\Users\dzaki\OneDrive\Dokumen\Bahasa Pemograman\Python\Batik\datasets\raw\dataset_augmented\NTB_Lumbung\aug_0_9206.jpeg,28,NTB_Lumbung,28,NTB_Lumbung,0.98921305,True
C:\Users\dzaki\OneDrive\Dokumen\Bahasa Pemograman\Python\Batik\datasets\raw\dataset_augmented\NTB_Lumbung\aug_0_9291.jpeg,28,NTB_Lumbung,28,NTB_Lumbung,0.9981969,True
C:\Users\dzaki\OneDrive\Dokumen\Bahasa Pemograman\Python\Batik\datasets\raw\dataset_augmented\NTB_Lumbung\aug_0_9459.jpeg,28,NTB_Lumbung,28,NTB_Lumbung,0.9175922,True
C:\Users\dzaki\OneDrive\Dokumen\Bahasa Pemograman\Python\Batik\datasets\raw\dataset_augmented\NTB_Lumbung\aug_0_9555.jpeg,28,NTB_Lumbung,28,NTB_Lumbung,0.99759823,True
C:\Users\dzaki\OneDrive\Dokumen\Bahasa Pemograman\Python\Batik\datasets\raw\dataset_augmented\NTB_Lumbung\aug_0_9993.jpeg,28,NTB_Lumbung,28,NTB_Lumbung,0.9820374,True
C:\Users\dzaki\OneDrive\Dokumen\Bahasa Pemograman\Python\Batik\datasets\raw\dataset_augmented\Papua_Asmat\aug_0_108.jpeg,29,Papua_Asmat,29,Papua_Asmat,0.91994756,True
C:\Users\dzaki\OneDrive\Dokumen\Bahasa Pemograman\Python\Batik\datasets\raw\dataset_augmented\Papua_Asmat\aug_0_1142.jpeg,29,Papua_Asmat,29,Papua_Asmat,0.99022305,True
C:\Users\dzaki\OneDrive\Dokumen\Bahasa Pemograman\Python\Batik\datasets\raw\dataset_augmented\Papua_Asmat\aug_0_1339.jpeg,29,Papua_Asmat,29,Papua_Asmat,0.9994985,True
C:\Users\dzaki\OneDrive\Dokumen\Bahasa Pemograman\Python\Batik\datasets\raw\dataset_augmented\Papua_Asmat\aug_0_1458.jpeg,29,Papua_Asmat,29,Papua_Asmat,0.98229915,True
C:\Users\dzaki\OneDrive\Dokumen\Bahasa Pemograman\Python\Batik\datasets\raw\dataset_augmented\Papua_Asmat\aug_0_1875.jpeg,29,Papua_Asmat,29,Papua_Asmat,0.9857919,True
C:\Users\dzaki\OneDrive\Dokumen\Bahasa Pemograman\Python\Batik\datasets\raw\dataset_augmented\Papua_Asmat\aug_0_192.jpeg,29,Papua_Asmat,29,Papua_Asmat,0.98572,True
C:\Users\dzaki\OneDrive\Dokumen\Bahasa Pemograman\Python\Batik\datasets\raw\dataset_augmented\Papua_Asmat\aug_0_2347.jpeg,29,Papua_Asmat,29,Papua_Asmat,0.95969987,True
C:\Users\dzaki\OneDrive\Dokumen\Bahasa Pemograman\Python\Batik\datasets\raw\dataset_augmented\Papua_Asmat\aug_0_2504.jpeg,29,Papua_Asmat,29,Papua_Asmat,0.99946815,True
C:\Users\dzaki\OneDrive\Dokumen\Bahasa Pemograman\Python\Batik\datasets\raw\dataset_augmented\Papua_Asmat\aug_0_2654.jpeg,29,Papua_Asmat,29,Papua_Asmat,0.99597496,True
C:\Users\dzaki\OneDrive\Dokumen\Bahasa Pemograman\Python\Batik\datasets\raw\dataset_augmented\Papua_Asmat\aug_0_2820.jpeg,29,Papua_Asmat,29,Papua_Asmat,0.8776945,True
C:\Users\dzaki\OneDrive\Dokumen\Bahasa Pemograman\Python\Batik\datasets\raw\dataset_augmented\Papua_Asmat\aug_0_3024.jpeg,29,Papua_Asmat,29,Papua_Asmat,0.9996449,True
C:\Users\dzaki\OneDrive\Dokumen\Bahasa Pemograman\Python\Batik\datasets\raw\dataset_augmented\Papua_Asmat\aug_0_3185.jpeg,29,Papua_Asmat,29,Papua_Asmat,0.99650276,True
C:\Users\dzaki\OneDrive\Dokumen\Bahasa Pemograman\Python\Batik\datasets\raw\dataset_augmented\Papua_Asmat\aug_0_3212.jpeg,29,Papua_Asmat,29,Papua_Asmat,0.3850592,True
C:\Users\dzaki\OneDrive\Dokumen\Bahasa Pemograman\Python\Batik\datasets\raw\dataset_augmented\Papua_Asmat\aug_0_3303.jpeg,29,Papua_Asmat,29,Papua_Asmat,0.8137094,True
C:\Users\dzaki\OneDrive\Dokumen\Bahasa Pemograman\Python\Batik\datasets\raw\dataset_augmented\Papua_Asmat\aug_0_3341.jpeg,29,Papua_Asmat,29,Papua_Asmat,0.99968374,True
C:\Users\dzaki\OneDrive\Dokumen\Bahasa Pemograman\Python\Batik\datasets\raw\dataset_augmented\Papua_Asmat\aug_0_4069.jpeg,29,Papua_Asmat,29,Papua_Asmat,0.3641591,True
C:\Users\dzaki\OneDrive\Dokumen\Bahasa Pemograman\Python\Batik\datasets\raw\dataset_augmented\Papua_Asmat\aug_0_4110.jpeg,29,Papua_Asmat,29,Papua_Asmat,0.99019486,True
C:\Users\dzaki\OneDrive\Dokumen\Bahasa Pemograman\Python\Batik\datasets\raw\dataset_augmented\Papua_Asmat\aug_0_44.jpeg,29,Papua_Asmat,29,Papua_Asmat,0.9690113,True
C:\Users\dzaki\OneDrive\Dokumen\Bahasa Pemograman\Python\Batik\datasets\raw\dataset_augmented\Papua_Asmat\aug_0_4775.jpeg,29,Papua_Asmat,29,Papua_Asmat,0.84829545,True
C:\Users\dzaki\OneDrive\Dokumen\Bahasa Pemograman\Python\Batik\datasets\raw\dataset_augmented\Papua_Asmat\aug_0_4812.jpeg,29,Papua_Asmat,29,Papua_Asmat,0.998123,True
C:\Users\dzaki\OneDrive\Dokumen\Bahasa Pemograman\Python\Batik\datasets\raw\dataset_augmented\Papua_Asmat\aug_0_5046.jpeg,29,Papua_Asmat,29,Papua_Asmat,0.83730316,True
C:\Users\dzaki\OneDrive\Dokumen\Bahasa Pemograman\Python\Batik\datasets\raw\dataset_augmented\Papua_Asmat\aug_0_5292.jpeg,29,Papua_Asmat,29,Papua_Asmat,0.99910825,True
C:\Users\dzaki\OneDrive\Dokumen\Bahasa Pemograman\Python\Batik\datasets\raw\dataset_augmented\Papua_Asmat\aug_0_6925.jpeg,29,Papua_Asmat,29,Papua_Asmat,0.74032027,True
C:\Users\dzaki\OneDrive\Dokumen\Bahasa Pemograman\Python\Batik\datasets\raw\dataset_augmented\Papua_Asmat\aug_0_6961.jpeg,29,Papua_Asmat,29,Papua_Asmat,0.99969435,True
C:\Users\dzaki\OneDrive\Dokumen\Bahasa Pemograman\Python\Batik\datasets\raw\dataset_augmented\Papua_Asmat\aug_0_6990.jpeg,29,Papua_Asmat,29,Papua_Asmat,0.99623126,True
C:\Users\dzaki\OneDrive\Dokumen\Bahasa Pemograman\Python\Batik\datasets\raw\dataset_augmented\Papua_Asmat\aug_0_7656.jpeg,29,Papua_Asmat,29,Papua_Asmat,0.99827826,True
C:\Users\dzaki\OneDrive\Dokumen\Bahasa Pemograman\Python\Batik\datasets\raw\dataset_augmented\Papua_Asmat\aug_0_8159.jpeg,29,Papua_Asmat,29,Papua_Asmat,0.4713192,True
C:\Users\dzaki\OneDrive\Dokumen\Bahasa Pemograman\Python\Batik\datasets\raw\dataset_augmented\Papua_Asmat\aug_0_8331.jpeg,29,Papua_Asmat,29,Papua_Asmat,0.99995697,True
C:\Users\dzaki\OneDrive\Dokumen\Bahasa Pemograman\Python\Batik\datasets\raw\dataset_augmented\Papua_Asmat\aug_0_8478.jpeg,29,Papua_Asmat,29,Papua_Asmat,0.93700445,True
C:\Users\dzaki\OneDrive\Dokumen\Bahasa Pemograman\Python\Batik\datasets\raw\dataset_augmented\Papua_Asmat\aug_0_9054.jpeg,29,Papua_Asmat,29,Papua_Asmat,0.88905495,True
C:\Users\dzaki\OneDrive\Dokumen\Bahasa Pemograman\Python\Batik\datasets\raw\dataset_augmented\Papua_Asmat\aug_0_9332.jpeg,29,Papua_Asmat,29,Papua_Asmat,0.9997737,True
C:\Users\dzaki\OneDrive\Dokumen\Bahasa Pemograman\Python\Batik\datasets\raw\dataset_augmented\Papua_Asmat\aug_0_9637.jpeg,29,Papua_Asmat,29,Papua_Asmat,0.9988129,True
C:\Users\dzaki\OneDrive\Dokumen\Bahasa Pemograman\Python\Batik\datasets\raw\dataset_augmented\Papua_Asmat\aug_0_969.jpeg,29,Papua_Asmat,29,Papua_Asmat,0.98333585,True
C:\Users\dzaki\OneDrive\Dokumen\Bahasa Pemograman\Python\Batik\datasets\raw\dataset_augmented\Papua_Asmat\aug_0_9913.jpeg,29,Papua_Asmat,29,Papua_Asmat,0.8674826,True
C:\Users\dzaki\OneDrive\Dokumen\Bahasa Pemograman\Python\Batik\datasets\raw\dataset_augmented\Papua_Asmat\aug_0_9930.jpeg,29,Papua_Asmat,29,Papua_Asmat,0.9956482,True
C:\Users\dzaki\OneDrive\Dokumen\Bahasa Pemograman\Python\Batik\datasets\raw\dataset_augmented\Papua_Asmat\aug_0_9948.jpeg,29,Papua_Asmat,29,Papua_Asmat,0.92579865,True
C:\Users\dzaki\OneDrive\Dokumen\Bahasa Pemograman\Python\Batik\datasets\raw\dataset_augmented\Papua_Asmat\aug_0_9984.jpeg,29,Papua_Asmat,29,Papua_Asmat,0.99876654,True
C:\Users\dzaki\OneDrive\Dokumen\Bahasa Pemograman\Python\Batik\datasets\raw\dataset_augmented\Papua_Cendrawasih\aug_0_1099.jpeg,30,Papua_Cendrawasih,30,Papua_Cendrawasih,0.9994868,True
C:\Users\dzaki\OneDrive\Dokumen\Bahasa Pemograman\Python\Batik\datasets\raw\dataset_augmented\Papua_Cendrawasih\aug_0_1125.jpeg,30,Papua_Cendrawasih,30,Papua_Cendrawasih,0.98957705,True
C:\Users\dzaki\OneDrive\Dokumen\Bahasa Pemograman\Python\Batik\datasets\raw\dataset_augmented\Papua_Cendrawasih\aug_0_1333.jpeg,30,Papua_Cendrawasih,30,Papua_Cendrawasih,0.9978836,True
C:\Users\dzaki\OneDrive\Dokumen\Bahasa Pemograman\Python\Batik\datasets\raw\dataset_augmented\Papua_Cendrawasih\aug_0_1541.jpeg,30,Papua_Cendrawasih,30,Papua_Cendrawasih,0.5732259,True
C:\Users\dzaki\OneDrive\Dokumen\Bahasa Pemograman\Python\Batik\datasets\raw\dataset_augmented\Papua_Cendrawasih\aug_0_2044.jpeg,30,Papua_Cendrawasih,30,Papua_Cendrawasih,0.99764156,True
C:\Users\dzaki\OneDrive\Dokumen\Bahasa Pemograman\Python\Batik\datasets\raw\dataset_augmented\Papua_Cendrawasih\aug_0_2061.jpeg,30,Papua_Cendrawasih,30,Papua_Cendrawasih,0.9999521,True
C:\Users\dzaki\OneDrive\Dokumen\Bahasa Pemograman\Python\Batik\datasets\raw\dataset_augmented\Papua_Cendrawasih\aug_0_2298.jpeg,30,Papua_Cendrawasih,30,Papua_Cendrawasih,0.9999778,True
C:\Users\dzaki\OneDrive\Dokumen\Bahasa Pemograman\Python\Batik\datasets\raw\dataset_augmented\Papua_Cendrawasih\aug_0_2386.jpeg,30,Papua_Cendrawasih,30,Papua_Cendrawasih,0.9982741,True
C:\Users\dzaki\OneDrive\Dokumen\Bahasa Pemograman\Python\Batik\datasets\raw\dataset_augmented\Papua_Cendrawasih\aug_0_251.jpeg,30,Papua_Cendrawasih,30,Papua_Cendrawasih,0.9893884,True
C:\Users\dzaki\OneDrive\Dokumen\Bahasa Pemograman\Python\Batik\datasets\raw\dataset_augmented\Papua_Cendrawasih\aug_0_2673.jpeg,30,Papua_Cendrawasih,30,Papua_Cendrawasih,0.97453046,True
C:\Users\dzaki\OneDrive\Dokumen\Bahasa Pemograman\Python\Batik\datasets\raw\dataset_augmented\Papua_Cendrawasih\aug_0_3025.jpeg,30,Papua_Cendrawasih,30,Papua_Cendrawasih,0.99657553,True
C:\Users\dzaki\OneDrive\Dokumen\Bahasa Pemograman\Python\Batik\datasets\raw\dataset_augmented\Papua_Cendrawasih\aug_0_3184.jpeg,30,Papua_Cendrawasih,30,Papua_Cendrawasih,0.9992391,True
C:\Users\dzaki\OneDrive\Dokumen\Bahasa Pemograman\Python\Batik\datasets\raw\dataset_augmented\Papua_Cendrawasih\aug_0_3334.jpeg,30,Papua_Cendrawasih,30,Papua_Cendrawasih,0.9997837,True
C:\Users\dzaki\OneDrive\Dokumen\Bahasa Pemograman\Python\Batik\datasets\raw\dataset_augmented\Papua_Cendrawasih\aug_0_3660.jpeg,30,Papua_Cendrawasih,30,Papua_Cendrawasih,0.9754327,True
C:\Users\dzaki\OneDrive\Dokumen\Bahasa Pemograman\Python\Batik\datasets\raw\dataset_augmented\Papua_Cendrawasih\aug_0_3702.jpeg,30,Papua_Cendrawasih,30,Papua_Cendrawasih,0.9999974,True
C:\Users\dzaki\OneDrive\Dokumen\Bahasa Pemograman\Python\Batik\datasets\raw\dataset_augmented\Papua_Cendrawasih\aug_0_3787.jpeg,30,Papua_Cendrawasih,30,Papua_Cendrawasih,0.9949226,True
C:\Users\dzaki\OneDrive\Dokumen\Bahasa Pemograman\Python\Batik\datasets\raw\dataset_augmented\Papua_Cendrawasih\aug_0_4002.jpeg,30,Papua_Cendrawasih,30,Papua_Cendrawasih,0.95418143,True
C:\Users\dzaki\OneDrive\Dokumen\Bahasa Pemograman\Python\Batik\datasets\raw\dataset_augmented\Papua_Cendrawasih\aug_0_4026.jpeg,30,Papua_Cendrawasih,30,Papua_Cendrawasih,0.9998264,True
C:\Users\dzaki\OneDrive\Dokumen\Bahasa Pemograman\Python\Batik\datasets\raw\dataset_augmented\Papua_Cendrawasih\aug_0_4331.jpeg,30,Papua_Cendrawasih,30,Papua_Cendrawasih,0.943281,True
C:\Users\dzaki\OneDrive\Dokumen\Bahasa Pemograman\Python\Batik\datasets\raw\dataset_augmented\Papua_Cendrawasih\aug_0_4720.jpeg,30,Papua_Cendrawasih,30,Papua_Cendrawasih,0.9975138,True
C:\Users\dzaki\OneDrive\Dokumen\Bahasa Pemograman\Python\Batik\datasets\raw\dataset_augmented\Papua_Cendrawasih\aug_0_4765.jpeg,30,Papua_Cendrawasih,30,Papua_Cendrawasih,0.99988484,True
C:\Users\dzaki\OneDrive\Dokumen\Bahasa Pemograman\Python\Batik\datasets\raw\dataset_augmented\Papua_Cendrawasih\aug_0_502.jpeg,30,Papua_Cendrawasih,30,Papua_Cendrawasih,0.9402376,True
C:\Users\dzaki\OneDrive\Dokumen\Bahasa Pemograman\Python\Batik\datasets\raw\dataset_augmented\Papua_Cendrawasih\aug_0_5035.jpeg,30,Papua_Cendrawasih,30,Papua_Cendrawasih,0.9415339,True
C:\Users\dzaki\OneDrive\Dokumen\Bahasa Pemograman\Python\Batik\datasets\raw\dataset_augmented\Papua_Cendrawasih\aug_0_5115.jpeg,30,Papua_Cendrawasih,30,Papua_Cendrawasih,0.9634978,True
C:\Users\dzaki\OneDrive\Dokumen\Bahasa Pemograman\Python\Batik\datasets\raw\dataset_augmented\Papua_Cendrawasih\aug_0_5470.jpeg,30,Papua_Cendrawasih,5,batik-cendrawasih,0.5457135,False
C:\Users\dzaki\OneDrive\Dokumen\Bahasa Pemograman\Python\Batik\datasets\raw\dataset_augmented\Papua_Cendrawasih\aug_0_5617.jpeg,30,Papua_Cendrawasih,30,Papua_Cendrawasih,0.9950454,True
C:\Users\dzaki\OneDrive\Dokumen\Bahasa Pemograman\Python\Batik\datasets\raw\dataset_augmented\Papua_Cendrawasih\aug_0_5742.jpeg,30,Papua_Cendrawasih,30,Papua_Cendrawasih,0.9584954,True
C:\Users\dzaki\OneDrive\Dokumen\Bahasa Pemograman\Python\Batik\datasets\raw\dataset_augmented\Papua_Cendrawasih\aug_0_5904.jpeg,30,Papua_Cendrawasih,30,Papua_Cendrawasih,0.8483913,True
C:\Users\dzaki\OneDrive\Dokumen\Bahasa Pemograman\Python\Batik\datasets\raw\dataset_augmented\Papua_Cendrawasih\aug_0_5955.jpeg,30,Papua_Cendrawasih,30,Papua_Cendrawasih,0.9832615,True
C:\Users\dzaki\OneDrive\Dokumen\Bahasa Pemograman\Python\Batik\datasets\raw\dataset_augmented\Papua_Cendrawasih\aug_0_6201.jpeg,30,Papua_Cendrawasih,30,Papua_Cendrawasih,0.837445,True
C:\Users\dzaki\OneDrive\Dokumen\Bahasa Pemograman\Python\Batik\datasets\raw\dataset_augmented\Papua_Cendrawasih\aug_0_633.jpeg,30,Papua_Cendrawasih,30,Papua_Cendrawasih,0.9946261,True
C:\Users\dzaki\OneDrive\Dokumen\Bahasa Pemograman\Python\Batik\datasets\raw\dataset_augmented\Papua_Cendrawasih\aug_0_7021.jpeg,30,Papua_Cendrawasih,30,Papua_Cendrawasih,0.99917185,True
C:\Users\dzaki\OneDrive\Dokumen\Bahasa Pemograman\Python\Batik\datasets\raw\dataset_augmented\Papua_Cendrawasih\aug_0_7560.jpeg,30,Papua_Cendrawasih,30,Papua_Cendrawasih,0.99977785,True
C:\Users\dzaki\OneDrive\Dokumen\Bahasa Pemograman\Python\Batik\datasets\raw\dataset_augmented\Papua_Cendrawasih\aug_0_8115.jpeg,30,Papua_Cendrawasih,30,Papua_Cendrawasih,0.999754,True
C:\Users\dzaki\OneDrive\Dokumen\Bahasa Pemograman\Python\Batik\datasets\raw\dataset_augmented\Papua_Cendrawasih\aug_0_8235.jpeg,30,Papua_Cendrawasih,30,Papua_Cendrawasih,0.9990478,True
C:\Users\dzaki\OneDrive\Dokumen\Bahasa Pemograman\Python\Batik\datasets\raw\dataset_augmented\Papua_Cendrawasih\aug_0_8550.jpeg,30,Papua_Cendrawasih,30,Papua_Cendrawasih,0.98716044,True
C:\Users\dzaki\OneDrive\Dokumen\Bahasa Pemograman\Python\Batik\datasets\raw\dataset_augmented\Papua_Cendrawasih\aug_0_9443.jpeg,30,Papua_Cendrawasih,30,Papua_Cendrawasih,0.8283317,True
C:\Users\dzaki\OneDrive\Dokumen\Bahasa Pemograman\Python\Batik\datasets\raw\dataset_augmented\Papua_Cendrawasih\aug_0_9471.jpeg,30,Papua_Cendrawasih,30,Papua_Cendrawasih,0.9690335,True
C:\Users\dzaki\OneDrive\Dokumen\Bahasa Pemograman\Python\Batik\datasets\raw\dataset_augmented\Papua_Tifa\aug_0_1050.jpeg,31,Papua_Tifa,31,Papua_Tifa,0.9996735,True
C:\Users\dzaki\OneDrive\Dokumen\Bahasa Pemograman\Python\Batik\datasets\raw\dataset_augmented\Papua_Tifa\aug_0_1189.jpeg,31,Papua_Tifa,31,Papua_Tifa,0.9935541,True
C:\Users\dzaki\OneDrive\Dokumen\Bahasa Pemograman\Python\Batik\datasets\raw\dataset_augmented\Papua_Tifa\aug_0_1289.jpeg,31,Papua_Tifa,31,Papua_Tifa,0.99502987,True
C:\Users\dzaki\OneDrive\Dokumen\Bahasa Pemograman\Python\Batik\datasets\raw\dataset_augmented\Papua_Tifa\aug_0_135.jpeg,31,Papua_Tifa,31,Papua_Tifa,0.9926005,True
C:\Users\dzaki\OneDrive\Dokumen\Bahasa Pemograman\Python\Batik\datasets\raw\dataset_augmented\Papua_Tifa\aug_0_15.jpeg,31,Papua_Tifa,31,Papua_Tifa,0.7966375,True
C:\Users\dzaki\OneDrive\Dokumen\Bahasa Pemograman\Python\Batik\datasets\raw\dataset_augmented\Papua_Tifa\aug_0_1694.jpeg,31,Papua_Tifa,31,Papua_Tifa,0.85998505,True
C:\Users\dzaki\OneDrive\Dokumen\Bahasa Pemograman\Python\Batik\datasets\raw\dataset_augmented\Papua_Tifa\aug_0_1783.jpeg,31,Papua_Tifa,31,Papua_Tifa,0.5549609,True
C:\Users\dzaki\OneDrive\Dokumen\Bahasa Pemograman\Python\Batik\datasets\raw\dataset_augmented\Papua_Tifa\aug_0_2111.jpeg,31,Papua_Tifa,31,Papua_Tifa,0.98279804,True
C:\Users\dzaki\OneDrive\Dokumen\Bahasa Pemograman\Python\Batik\datasets\raw\dataset_augmented\Papua_Tifa\aug_0_222.jpeg,31,Papua_Tifa,31,Papua_Tifa,0.63200957,True
C:\Users\dzaki\OneDrive\Dokumen\Bahasa Pemograman\Python\Batik\datasets\raw\dataset_augmented\Papua_Tifa\aug_0_227.jpeg,31,Papua_Tifa,31,Papua_Tifa,0.4204065,True
C:\Users\dzaki\OneDrive\Dokumen\Bahasa Pemograman\Python\Batik\datasets\raw\dataset_augmented\Papua_Tifa\aug_0_2359.jpeg,31,Papua_Tifa,31,Papua_Tifa,0.99995446,True
C:\Users\dzaki\OneDrive\Dokumen\Bahasa Pemograman\Python\Batik\datasets\raw\dataset_augmented\Papua_Tifa\aug_0_239.jpeg,31,Papua_Tifa,31,Papua_Tifa,0.9404966,True
C:\Users\dzaki\OneDrive\Dokumen\Bahasa Pemograman\Python\Batik\datasets\raw\dataset_augmented\Papua_Tifa\aug_0_2589.jpeg,31,Papua_Tifa,31,Papua_Tifa,0.9975321,True
C:\Users\dzaki\OneDrive\Dokumen\Bahasa Pemograman\Python\Batik\datasets\raw\dataset_augmented\Papua_Tifa\aug_0_2892.jpeg,31,Papua_Tifa,31,Papua_Tifa,0.9996785,True
C:\Users\dzaki\OneDrive\Dokumen\Bahasa Pemograman\Python\Batik\datasets\raw\dataset_augmented\Papua_Tifa\aug_0_2900.jpeg,31,Papua_Tifa,31,Papua_Tifa,0.97172666,True
C:\Users\dzaki\OneDrive\Dokumen\Bahasa Pemograman\Python\Batik\datasets\raw\dataset_augmented\Papua_Tifa\aug_0_2916.jpeg,31,Papua_Tifa,31,Papua_Tifa,0.99727815,True
C:\Users\dzaki\OneDrive\Dokumen\Bahasa Pemograman\Python\Batik\datasets\raw\dataset_augmented\Papua_Tifa\aug_0_2960.jpeg,31,Papua_Tifa,31,Papua_Tifa,0.9789027,True
C:\Users\dzaki\OneDrive\Dokumen\Bahasa Pemograman\Python\Batik\datasets\raw\dataset_augmented\Papua_Tifa\aug_0_3298.jpeg,31,Papua_Tifa,31,Papua_Tifa,0.9946725,True
C:\Users\dzaki\OneDrive\Dokumen\Bahasa Pemograman\Python\Batik\datasets\raw\dataset_augmented\Papua_Tifa\aug_0_3993.jpeg,31,Papua_Tifa,31,Papua_Tifa,0.9884093,True
C:\Users\dzaki\OneDrive\Dokumen\Bahasa Pemograman\Python\Batik\datasets\raw\dataset_augmented\Papua_Tifa\aug_0_4185.jpeg,31,Papua_Tifa,31,Papua_Tifa,0.99517906,True
C:\Users\dzaki\OneDrive\Dokumen\Bahasa Pemograman\Python\Batik\datasets\raw\dataset_augmented\Papua_Tifa\aug_0_439.jpeg,31,Papua_Tifa,31,Papua_Tifa,0.99718565,True
C:\Users\dzaki\OneDrive\Dokumen\Bahasa Pemograman\Python\Batik\datasets\raw\dataset_augmented\Papua_Tifa\aug_0_4432.jpeg,31,Papua_Tifa,31,Papua_Tifa,0.99951136,True
C:\Users\dzaki\OneDrive\Dokumen\Bahasa Pemograman\Python\Batik\datasets\raw\dataset_augmented\Papua_Tifa\aug_0_4971.jpeg,31,Papua_Tifa,31,Papua_Tifa,0.9767189,True
C:\Users\dzaki\OneDrive\Dokumen\Bahasa Pemograman\Python\Batik\datasets\raw\dataset_augmented\Papua_Tifa\aug_0_5004.jpeg,31,Papua_Tifa,31,Papua_Tifa,0.9872651,True
C:\Users\dzaki\OneDrive\Dokumen\Bahasa Pemograman\Python\Batik\datasets\raw\dataset_augmented\Papua_Tifa\aug_0_5500.jpeg,31,Papua_Tifa,31,Papua_Tifa,0.93500096,True
C:\Users\dzaki\OneDrive\Dokumen\Bahasa Pemograman\Python\Batik\datasets\raw\dataset_augmented\Papua_Tifa\aug_0_5723.jpeg,31,Papua_Tifa,31,Papua_Tifa,0.7216871,True
C:\Users\dzaki\OneDrive\Dokumen\Bahasa Pemograman\Python\Batik\datasets\raw\dataset_augmented\Papua_Tifa\aug_0_5809.jpeg,31,Papua_Tifa,31,Papua_Tifa,0.7609687,True
C:\Users\dzaki\OneDrive\Dokumen\Bahasa Pemograman\Python\Batik\datasets\raw\dataset_augmented\Papua_Tifa\aug_0_5819.jpeg,31,Papua_Tifa,31,Papua_Tifa,0.99885523,True
C:\Users\dzaki\OneDrive\Dokumen\Bahasa Pemograman\Python\Batik\datasets\raw\dataset_augmented\Papua_Tifa\aug_0_5921.jpeg,31,Papua_Tifa,31,Papua_Tifa,0.9982243,True
C:\Users\dzaki\OneDrive\Dokumen\Bahasa Pemograman\Python\Batik\datasets\raw\dataset_augmented\Papua_Tifa\aug_0_690.jpeg,31,Papua_Tifa,31,Papua_Tifa,0.99963796,True
C:\Users\dzaki\OneDrive\Dokumen\Bahasa Pemograman\Python\Batik\datasets\raw\dataset_augmented\Papua_Tifa\aug_0_7919.jpeg,31,Papua_Tifa,31,Papua_Tifa,0.9848756,True
C:\Users\dzaki\OneDrive\Dokumen\Bahasa Pemograman\Python\Batik\datasets\raw\dataset_augmented\Papua_Tifa\aug_0_8394.jpeg,31,Papua_Tifa,31,Papua_Tifa,0.9867372,True
C:\Users\dzaki\OneDrive\Dokumen\Bahasa Pemograman\Python\Batik\datasets\raw\dataset_augmented\Papua_Tifa\aug_0_8439.jpeg,31,Papua_Tifa,31,Papua_Tifa,0.938489,True
C:\Users\dzaki\OneDrive\Dokumen\Bahasa Pemograman\Python\Batik\datasets\raw\dataset_augmented\Papua_Tifa\aug_0_8551.jpeg,31,Papua_Tifa,31,Papua_Tifa,0.9998252,True
C:\Users\dzaki\OneDrive\Dokumen\Bahasa Pemograman\Python\Batik\datasets\raw\dataset_augmented\Papua_Tifa\aug_0_8650.jpeg,31,Papua_Tifa,31,Papua_Tifa,0.99986696,True
C:\Users\dzaki\OneDrive\Dokumen\Bahasa Pemograman\Python\Batik\datasets\raw\dataset_augmented\Papua_Tifa\aug_0_922.jpeg,31,Papua_Tifa,31,Papua_Tifa,0.9999665,True
C:\Users\dzaki\OneDrive\Dokumen\Bahasa Pemograman\Python\Batik\datasets\raw\dataset_augmented\Papua_Tifa\aug_0_9634.jpeg,31,Papua_Tifa,31,Papua_Tifa,0.9912363,True
C:\Users\dzaki\OneDrive\Dokumen\Bahasa Pemograman\Python\Batik\datasets\raw\dataset_augmented\Sulawesi_Selatan_Lontara\aug_0_1027.jpeg,32,Sulawesi_Selatan_Lontara,32,Sulawesi_Selatan_Lontara,0.9889796,True
C:\Users\dzaki\OneDrive\Dokumen\Bahasa Pemograman\Python\Batik\datasets\raw\dataset_augmented\Sulawesi_Selatan_Lontara\aug_0_1289.jpeg,32,Sulawesi_Selatan_Lontara,32,Sulawesi_Selatan_Lontara,0.9998319,True
C:\Users\dzaki\OneDrive\Dokumen\Bahasa Pemograman\Python\Batik\datasets\raw\dataset_augmented\Sulawesi_Selatan_Lontara\aug_0_1360.jpeg,32,Sulawesi_Selatan_Lontara,32,Sulawesi_Selatan_Lontara,0.95474017,True
C:\Users\dzaki\OneDrive\Dokumen\Bahasa Pemograman\Python\Batik\datasets\raw\dataset_augmented\Sulawesi_Selatan_Lontara\aug_0_1587.jpeg,32,Sulawesi_Selatan_Lontara,32,Sulawesi_Selatan_Lontara,0.9937674,True
C:\Users\dzaki\OneDrive\Dokumen\Bahasa Pemograman\Python\Batik\datasets\raw\dataset_augmented\Sulawesi_Selatan_Lontara\aug_0_1672.jpeg,32,Sulawesi_Selatan_Lontara,32,Sulawesi_Selatan_Lontara,0.9807287,True
C:\Users\dzaki\OneDrive\Dokumen\Bahasa Pemograman\Python\Batik\datasets\raw\dataset_augmented\Sulawesi_Selatan_Lontara\aug_0_1760.jpeg,32,Sulawesi_Selatan_Lontara,32,Sulawesi_Selatan_Lontara,0.9828781,True
C:\Users\dzaki\OneDrive\Dokumen\Bahasa Pemograman\Python\Batik\datasets\raw\dataset_augmented\Sulawesi_Selatan_Lontara\aug_0_1791.jpeg,32,Sulawesi_Selatan_Lontara,32,Sulawesi_Selatan_Lontara,0.9994523,True
C:\Users\dzaki\OneDrive\Dokumen\Bahasa Pemograman\Python\Batik\datasets\raw\dataset_augmented\Sulawesi_Selatan_Lontara\aug_0_2115.jpeg,32,Sulawesi_Selatan_Lontara,32,Sulawesi_Selatan_Lontara,0.98752904,True
C:\Users\dzaki\OneDrive\Dokumen\Bahasa Pemograman\Python\Batik\datasets\raw\dataset_augmented\Sulawesi_Selatan_Lontara\aug_0_2260.jpeg,32,Sulawesi_Selatan_Lontara,32,Sulawesi_Selatan_Lontara,0.9962419,True
C:\Users\dzaki\OneDrive\Dokumen\Bahasa Pemograman\Python\Batik\datasets\raw\dataset_augmented\Sulawesi_Selatan_Lontara\aug_0_3249.jpeg,32,Sulawesi_Selatan_Lontara,32,Sulawesi_Selatan_Lontara,0.99704295,True
C:\Users\dzaki\OneDrive\Dokumen\Bahasa Pemograman\Python\Batik\datasets\raw\dataset_augmented\Sulawesi_Selatan_Lontara\aug_0_3298.jpeg,32,Sulawesi_Selatan_Lontara,32,Sulawesi_Selatan_Lontara,0.95837474,True
C:\Users\dzaki\OneDrive\Dokumen\Bahasa Pemograman\Python\Batik\datasets\raw\dataset_augmented\Sulawesi_Selatan_Lontara\aug_0_3326.jpeg,32,Sulawesi_Selatan_Lontara,32,Sulawesi_Selatan_Lontara,0.9989077,True
C:\Users\dzaki\OneDrive\Dokumen\Bahasa Pemograman\Python\Batik\datasets\raw\dataset_augmented\Sulawesi_Selatan_Lontara\aug_0_3709.jpeg,32,Sulawesi_Selatan_Lontara,32,Sulawesi_Selatan_Lontara,0.98090494,True
C:\Users\dzaki\OneDrive\Dokumen\Bahasa Pemograman\Python\Batik\datasets\raw\dataset_augmented\Sulawesi_Selatan_Lontara\aug_0_3821.jpeg,32,Sulawesi_Selatan_Lontara,32,Sulawesi_Selatan_Lontara,0.98535246,True
C:\Users\dzaki\OneDrive\Dokumen\Bahasa Pemograman\Python\Batik\datasets\raw\dataset_augmented\Sulawesi_Selatan_Lontara\aug_0_3838.jpeg,32,Sulawesi_Selatan_Lontara,32,Sulawesi_Selatan_Lontara,0.8845505,True
C:\Users\dzaki\OneDrive\Dokumen\Bahasa Pemograman\Python\Batik\datasets\raw\dataset_augmented\Sulawesi_Selatan_Lontara\aug_0_3873.jpeg,32,Sulawesi_Selatan_Lontara,32,Sulawesi_Selatan_Lontara,0.9988821,True
C:\Users\dzaki\OneDrive\Dokumen\Bahasa Pemograman\Python\Batik\datasets\raw\dataset_augmented\Sulawesi_Selatan_Lontara\aug_0_3912.jpeg,32,Sulawesi_Selatan_Lontara,32,Sulawesi_Selatan_Lontara,0.97458696,True
C:\Users\dzaki\OneDrive\Dokumen\Bahasa Pemograman\Python\Batik\datasets\raw\dataset_augmented\Sulawesi_Selatan_Lontara\aug_0_4155.jpeg,32,Sulawesi_Selatan_Lontara,32,Sulawesi_Selatan_Lontara,0.9968592,True
C:\Users\dzaki\OneDrive\Dokumen\Bahasa Pemograman\Python\Batik\datasets\raw\dataset_augmented\Sulawesi_Selatan_Lontara\aug_0_4580.jpeg,32,Sulawesi_Selatan_Lontara,32,Sulawesi_Selatan_Lontara,0.93501794,True
C:\Users\dzaki\OneDrive\Dokumen\Bahasa Pemograman\Python\Batik\datasets\raw\dataset_augmented\Sulawesi_Selatan_Lontara\aug_0_4786.jpeg,32,Sulawesi_Selatan_Lontara,32,Sulawesi_Selatan_Lontara,0.9919961,True
C:\Users\dzaki\OneDrive\Dokumen\Bahasa Pemograman\Python\Batik\datasets\raw\dataset_augmented\Sulawesi_Selatan_Lontara\aug_0_4909.jpeg,32,Sulawesi_Selatan_Lontara,32,Sulawesi_Selatan_Lontara,0.9984314,True
C:\Users\dzaki\OneDrive\Dokumen\Bahasa Pemograman\Python\Batik\datasets\raw\dataset_augmented\Sulawesi_Selatan_Lontara\aug_0_5381.jpeg,32,Sulawesi_Selatan_Lontara,32,Sulawesi_Selatan_Lontara,0.95817965,True
C:\Users\dzaki\OneDrive\Dokumen\Bahasa Pemograman\Python\Batik\datasets\raw\dataset_augmented\Sulawesi_Selatan_Lontara\aug_0_5496.jpeg,32,Sulawesi_Selatan_Lontara,32,Sulawesi_Selatan_Lontara,0.9992316,True
C:\Users\dzaki\OneDrive\Dokumen\Bahasa Pemograman\Python\Batik\datasets\raw\dataset_augmented\Sulawesi_Selatan_Lontara\aug_0_5505.jpeg,32,Sulawesi_Selatan_Lontara,32,Sulawesi_Selatan_Lontara,0.9858036,True
C:\Users\dzaki\OneDrive\Dokumen\Bahasa Pemograman\Python\Batik\datasets\raw\dataset_augmented\Sulawesi_Selatan_Lontara\aug_0_5599.jpeg,32,Sulawesi_Selatan_Lontara,32,Sulawesi_Selatan_Lontara,0.9844094,True
C:\Users\dzaki\OneDrive\Dokumen\Bahasa Pemograman\Python\Batik\datasets\raw\dataset_augmented\Sulawesi_Selatan_Lontara\aug_0_6326.jpeg,32,Sulawesi_Selatan_Lontara,32,Sulawesi_Selatan_Lontara,0.9980987,True
C:\Users\dzaki\OneDrive\Dokumen\Bahasa Pemograman\Python\Batik\datasets\raw\dataset_augmented\Sulawesi_Selatan_Lontara\aug_0_6329.jpeg,32,Sulawesi_Selatan_Lontara,32,Sulawesi_Selatan_Lontara,0.99712497,True
C:\Users\dzaki\OneDrive\Dokumen\Bahasa Pemograman\Python\Batik\datasets\raw\dataset_augmented\Sulawesi_Selatan_Lontara\aug_0_6340.jpeg,32,Sulawesi_Selatan_Lontara,32,Sulawesi_Selatan_Lontara,0.98021436,True
C:\Users\dzaki\OneDrive\Dokumen\Bahasa Pemograman\Python\Batik\datasets\raw\dataset_augmented\Sulawesi_Selatan_Lontara\aug_0_6579.jpeg,32,Sulawesi_Selatan_Lontara,32,Sulawesi_Selatan_Lontara,0.98963565,True
C:\Users\dzaki\OneDrive\Dokumen\Bahasa Pemograman\Python\Batik\datasets\raw\dataset_augmented\Sulawesi_Selatan_Lontara\aug_0_6629.jpeg,32,Sulawesi_Selatan_Lontara,32,Sulawesi_Selatan_Lontara,0.9816512,True
C:\Users\dzaki\OneDrive\Dokumen\Bahasa Pemograman\Python\Batik\datasets\raw\dataset_augmented\Sulawesi_Selatan_Lontara\aug_0_6920.jpeg,32,Sulawesi_Selatan_Lontara,32,Sulawesi_Selatan_Lontara,0.9614397,True
C:\Users\dzaki\OneDrive\Dokumen\Bahasa Pemograman\Python\Batik\datasets\raw\dataset_augmented\Sulawesi_Selatan_Lontara\aug_0_7638.jpeg,32,Sulawesi_Selatan_Lontara,32,Sulawesi_Selatan_Lontara,0.99518615,True
C:\Users\dzaki\OneDrive\Dokumen\Bahasa Pemograman\Python\Batik\datasets\raw\dataset_augmented\Sulawesi_Selatan_Lontara\aug_0_8055.jpeg,32,Sulawesi_Selatan_Lontara,32,Sulawesi_Selatan_Lontara,0.9963787,True
C:\Users\dzaki\OneDrive\Dokumen\Bahasa Pemograman\Python\Batik\datasets\raw\dataset_augmented\Sulawesi_Selatan_Lontara\aug_0_8141.jpeg,32,Sulawesi_Selatan_Lontara,32,Sulawesi_Selatan_Lontara,0.99580944,True
C:\Users\dzaki\OneDrive\Dokumen\Bahasa Pemograman\Python\Batik\datasets\raw\dataset_augmented\Sulawesi_Selatan_Lontara\aug_0_8146.jpeg,32,Sulawesi_Selatan_Lontara,32,Sulawesi_Selatan_Lontara,0.9740838,True
C:\Users\dzaki\OneDrive\Dokumen\Bahasa Pemograman\Python\Batik\datasets\raw\dataset_augmented\Sulawesi_Selatan_Lontara\aug_0_8219.jpeg,32,Sulawesi_Selatan_Lontara,32,Sulawesi_Selatan_Lontara,0.9127275,True
C:\Users\dzaki\OneDrive\Dokumen\Bahasa Pemograman\Python\Batik\datasets\raw\dataset_augmented\Sulawesi_Selatan_Lontara\aug_0_8451.jpeg,32,Sulawesi_Selatan_Lontara,32,Sulawesi_Selatan_Lontara,0.9999862,True
C:\Users\dzaki\OneDrive\Dokumen\Bahasa Pemograman\Python\Batik\datasets\raw\dataset_augmented\Sulawesi_Selatan_Lontara\aug_0_8497.jpeg,32,Sulawesi_Selatan_Lontara,16,batik-priangan,0.5256944,False
C:\Users\dzaki\OneDrive\Dokumen\Bahasa Pemograman\Python\Batik\datasets\raw\dataset_augmented\Sumatera_Barat_Rumah_Minang\aug_0_1208.jpeg,33,Sumatera_Barat_Rumah_Minang,33,Sumatera_Barat_Rumah_Minang,0.8230798,True
C:\Users\dzaki\OneDrive\Dokumen\Bahasa Pemograman\Python\Batik\datasets\raw\dataset_augmented\Sumatera_Barat_Rumah_Minang\aug_0_1349.jpeg,33,Sumatera_Barat_Rumah_Minang,33,Sumatera_Barat_Rumah_Minang,0.99885595,True
C:\Users\dzaki\OneDrive\Dokumen\Bahasa Pemograman\Python\Batik\datasets\raw\dataset_augmented\Sumatera_Barat_Rumah_Minang\aug_0_1534.jpeg,33,Sumatera_Barat_Rumah_Minang,33,Sumatera_Barat_Rumah_Minang,0.8469946,True
C:\Users\dzaki\OneDrive\Dokumen\Bahasa Pemograman\Python\Batik\datasets\raw\dataset_augmented\Sumatera_Barat_Rumah_Minang\aug_0_1562.jpeg,33,Sumatera_Barat_Rumah_Minang,33,Sumatera_Barat_Rumah_Minang,0.9446015,True
C:\Users\dzaki\OneDrive\Dokumen\Bahasa Pemograman\Python\Batik\datasets\raw\dataset_augmented\Sumatera_Barat_Rumah_Minang\aug_0_167.jpeg,33,Sumatera_Barat_Rumah_Minang,33,Sumatera_Barat_Rumah_Minang,0.881568,True
C:\Users\dzaki\OneDrive\Dokumen\Bahasa Pemograman\Python\Batik\datasets\raw\dataset_augmented\Sumatera_Barat_Rumah_Minang\aug_0_1673.jpeg,33,Sumatera_Barat_Rumah_Minang,33,Sumatera_Barat_Rumah_Minang,0.9804207,True
C:\Users\dzaki\OneDrive\Dokumen\Bahasa Pemograman\Python\Batik\datasets\raw\dataset_augmented\Sumatera_Barat_Rumah_Minang\aug_0_2231.jpeg,33,Sumatera_Barat_Rumah_Minang,33,Sumatera_Barat_Rumah_Minang,0.9044385,True
C:\Users\dzaki\OneDrive\Dokumen\Bahasa Pemograman\Python\Batik\datasets\raw\dataset_augmented\Sumatera_Barat_Rumah_Minang\aug_0_228.jpeg,33,Sumatera_Barat_Rumah_Minang,33,Sumatera_Barat_Rumah_Minang,0.9787288,True
C:\Users\dzaki\OneDrive\Dokumen\Bahasa Pemograman\Python\Batik\datasets\raw\dataset_augmented\Sumatera_Barat_Rumah_Minang\aug_0_2602.jpeg,33,Sumatera_Barat_Rumah_Minang,33,Sumatera_Barat_Rumah_Minang,0.8206555,True
C:\Users\dzaki\OneDrive\Dokumen\Bahasa Pemograman\Python\Batik\datasets\raw\dataset_augmented\Sumatera_Barat_Rumah_Minang\aug_0_273.jpeg,33,Sumatera_Barat_Rumah_Minang,33,Sumatera_Barat_Rumah_Minang,0.9504849,True
C:\Users\dzaki\OneDrive\Dokumen\Bahasa Pemograman\Python\Batik\datasets\raw\dataset_augmented\Sumatera_Barat_Rumah_Minang\aug_0_2973.jpeg,33,Sumatera_Barat_Rumah_Minang,33,Sumatera_Barat_Rumah_Minang,0.9732782,True
C:\Users\dzaki\OneDrive\Dokumen\Bahasa Pemograman\Python\Batik\datasets\raw\dataset_augmented\Sumatera_Barat_Rumah_Minang\aug_0_3259.jpeg,33,Sumatera_Barat_Rumah_Minang,33,Sumatera_Barat_Rumah_Minang,0.8141614,True
C:\Users\dzaki\OneDrive\Dokumen\Bahasa Pemograman\Python\Batik\datasets\raw\dataset_augmented\Sumatera_Barat_Rumah_Minang\aug_0_3485.jpeg,33,Sumatera_Barat_Rumah_Minang,33,Sumatera_Barat_Rumah_Minang,0.96498126,True
C:\Users\dzaki\OneDrive\Dokumen\Bahasa Pemograman\Python\Batik\datasets\raw\dataset_augmented\Sumatera_Barat_Rumah_Minang\aug_0_3707.jpeg,33,Sumatera_Barat_Rumah_Minang,33,Sumatera_Barat_Rumah_Minang,0.98514336,True
C:\Users\dzaki\OneDrive\Dokumen\Bahasa Pemograman\Python\Batik\datasets\raw\dataset_augmented\Sumatera_Barat_Rumah_Minang\aug_0_3717.jpeg,33,Sumatera_Barat_Rumah_Minang,33,Sumatera_Barat_Rumah_Minang,0.9532172,True
C:\Users\dzaki\OneDrive\Dokumen\Bahasa Pemograman\Python\Batik\datasets\raw\dataset_augmented\Sumatera_Barat_Rumah_Minang\aug_0_4084.jpeg,33,Sumatera_Barat_Rumah_Minang,33,Sumatera_Barat_Rumah_Minang,0.8660789,True
C:\Users\dzaki\OneDrive\Dokumen\Bahasa Pemograman\Python\Batik\datasets\raw\dataset_augmented\Sumatera_Barat_Rumah_Minang\aug_0_4430.jpeg,33,Sumatera_Barat_Rumah_Minang,33,Sumatera_Barat_Rumah_Minang,0.72941464,True
C:\Users\dzaki\OneDrive\Dokumen\Bahasa Pemograman\Python\Batik\datasets\raw\dataset_augmented\Sumatera_Barat_Rumah_Minang\aug_0_4579.jpeg,33,Sumatera_Barat_Rumah_Minang,33,Sumatera_Barat_Rumah_Minang,0.88387406,True
C:\Users\dzaki\OneDrive\Dokumen\Bahasa Pemograman\Python\Batik\datasets\raw\dataset_augmented\Sumatera_Barat_Rumah_Minang\aug_0_4918.jpeg,33,Sumatera_Barat_Rumah_Minang,33,Sumatera_Barat_Rumah_Minang,0.76340806,True
C:\Users\dzaki\OneDrive\Dokumen\Bahasa Pemograman\Python\Batik\datasets\raw\dataset_augmented\Sumatera_Barat_Rumah_Minang\aug_0_5053.jpeg,33,Sumatera_Barat_Rumah_Minang,33,Sumatera_Barat_Rumah_Minang,0.99898225,True
C:\Users\dzaki\OneDrive\Dokumen\Bahasa Pemograman\Python\Batik\datasets\raw\dataset_augmented\Sumatera_Barat_Rumah_Minang\aug_0_5159.jpeg,33,Sumatera_Barat_Rumah_Minang,33,Sumatera_Barat_Rumah_Minang,0.93748903,True
C:\Users\dzaki\OneDrive\Dokumen\Bahasa Pemograman\Python\Batik\datasets\raw\dataset_augmented\Sumatera_Barat_Rumah_Minang\aug_0_5176.jpeg,33,Sumatera_Barat_Rumah_Minang,33,Sumatera_Barat_Rumah_Minang,0.37735936,True
C:\Users\dzaki\OneDrive\Dokumen\Bahasa Pemograman\Python\Batik\datasets\raw\dataset_augmented\Sumatera_Barat_Rumah_Minang\aug_0_5209.jpeg,33,Sumatera_Barat_Rumah_Minang,33,Sumatera_Barat_Rumah_Minang,0.99717474,True
C:\Users\dzaki\OneDrive\Dokumen\Bahasa Pemograman\Python\Batik\datasets\raw\dataset_augmented\Sumatera_Barat_Rumah_Minang\aug_0_521.jpeg,33,Sumatera_Barat_Rumah_Minang,33,Sumatera_Barat_Rumah_Minang,0.90399635,True
C:\Users\dzaki\OneDrive\Dokumen\Bahasa Pemograman\Python\Batik\datasets\raw\dataset_augmented\Sumatera_Barat_Rumah_Minang\aug_0_5301.jpeg,33,Sumatera_Barat_Rumah_Minang,33,Sumatera_Barat_Rumah_Minang,0.9825408,True
C:\Users\dzaki\OneDrive\Dokumen\Bahasa Pemograman\Python\Batik\datasets\raw\dataset_augmented\Sumatera_Barat_Rumah_Minang\aug_0_5657.jpeg,33,Sumatera_Barat_Rumah_Minang,33,Sumatera_Barat_Rumah_Minang,0.7190226,True
C:\Users\dzaki\OneDrive\Dokumen\Bahasa Pemograman\Python\Batik\datasets\raw\dataset_augmented\Sumatera_Barat_Rumah_Minang\aug_0_5666.jpeg,33,Sumatera_Barat_Rumah_Minang,23,Jawa_Timur_Pring,0.50273585,False
C:\Users\dzaki\OneDrive\Dokumen\Bahasa Pemograman\Python\Batik\datasets\raw\dataset_augmented\Sumatera_Barat_Rumah_Minang\aug_0_5786.jpeg,33,Sumatera_Barat_Rumah_Minang,33,Sumatera_Barat_Rumah_Minang,0.90992385,True
C:\Users\dzaki\OneDrive\Dokumen\Bahasa Pemograman\Python\Batik\datasets\raw\dataset_augmented\Sumatera_Barat_Rumah_Minang\aug_0_5885.jpeg,33,Sumatera_Barat_Rumah_Minang,33,Sumatera_Barat_Rumah_Minang,0.9592255,True
C:\Users\dzaki\OneDrive\Dokumen\Bahasa Pemograman\Python\Batik\datasets\raw\dataset_augmented\Sumatera_Barat_Rumah_Minang\aug_0_605.jpeg,33,Sumatera_Barat_Rumah_Minang,33,Sumatera_Barat_Rumah_Minang,0.813903,True
C:\Users\dzaki\OneDrive\Dokumen\Bahasa Pemograman\Python\Batik\datasets\raw\dataset_augmented\Sumatera_Barat_Rumah_Minang\aug_0_6153.jpeg,33,Sumatera_Barat_Rumah_Minang,33,Sumatera_Barat_Rumah_Minang,0.88165605,True
C:\Users\dzaki\OneDrive\Dokumen\Bahasa Pemograman\Python\Batik\datasets\raw\dataset_augmented\Sumatera_Barat_Rumah_Minang\aug_0_6334.jpeg,33,Sumatera_Barat_Rumah_Minang,33,Sumatera_Barat_Rumah_Minang,0.9925546,True
C:\Users\dzaki\OneDrive\Dokumen\Bahasa Pemograman\Python\Batik\datasets\raw\dataset_augmented\Sumatera_Barat_Rumah_Minang\aug_0_6349.jpeg,33,Sumatera_Barat_Rumah_Minang,33,Sumatera_Barat_Rumah_Minang,0.8068444,True
C:\Users\dzaki\OneDrive\Dokumen\Bahasa Pemograman\Python\Batik\datasets\raw\dataset_augmented\Sumatera_Barat_Rumah_Minang\aug_0_7150.jpeg,33,Sumatera_Barat_Rumah_Minang,33,Sumatera_Barat_Rumah_Minang,0.999548,True
C:\Users\dzaki\OneDrive\Dokumen\Bahasa Pemograman\Python\Batik\datasets\raw\dataset_augmented\Sumatera_Barat_Rumah_Minang\aug_0_7705.jpeg,33,Sumatera_Barat_Rumah_Minang,33,Sumatera_Barat_Rumah_Minang,0.86782336,True
C:\Users\dzaki\OneDrive\Dokumen\Bahasa Pemograman\Python\Batik\datasets\raw\dataset_augmented\Sumatera_Barat_Rumah_Minang\aug_0_9008.jpeg,33,Sumatera_Barat_Rumah_Minang,33,Sumatera_Barat_Rumah_Minang,0.58804387,True
C:\Users\dzaki\OneDrive\Dokumen\Bahasa Pemograman\Python\Batik\datasets\raw\dataset_augmented\Sumatera_Barat_Rumah_Minang\aug_0_9698.jpeg,33,Sumatera_Barat_Rumah_Minang,33,Sumatera_Barat_Rumah_Minang,0.99202275,True
C:\Users\dzaki\OneDrive\Dokumen\Bahasa Pemograman\Python\Batik\datasets\raw\dataset_augmented\Sumatera_Barat_Rumah_Minang\aug_0_9831.jpeg,33,Sumatera_Barat_Rumah_Minang,33,Sumatera_Barat_Rumah_Minang,0.9653607,True
C:\Users\dzaki\OneDrive\Dokumen\Bahasa Pemograman\Python\Batik\datasets\raw\dataset_augmented\Sumatera_Utara_Boraspati\aug_0_108.jpeg,34,Sumatera_Utara_Boraspati,34,Sumatera_Utara_Boraspati,0.9995542,True
C:\Users\dzaki\OneDrive\Dokumen\Bahasa Pemograman\Python\Batik\datasets\raw\dataset_augmented\Sumatera_Utara_Boraspati\aug_0_1281.jpeg,34,Sumatera_Utara_Boraspati,34,Sumatera_Utara_Boraspati,0.99989235,True
C:\Users\dzaki\OneDrive\Dokumen\Bahasa Pemograman\Python\Batik\datasets\raw\dataset_augmented\Sumatera_Utara_Boraspati\aug_0_1408.jpeg,34,Sumatera_Utara_Boraspati,34,Sumatera_Utara_Boraspati,0.96861345,True
C:\Users\dzaki\OneDrive\Dokumen\Bahasa Pemograman\Python\Batik\datasets\raw\dataset_augmented\Sumatera_Utara_Boraspati\aug_0_1602.jpeg,34,Sumatera_Utara_Boraspati,34,Sumatera_Utara_Boraspati,0.9983907,True
C:\Users\dzaki\OneDrive\Dokumen\Bahasa Pemograman\Python\Batik\datasets\raw\dataset_augmented\Sumatera_Utara_Boraspati\aug_0_2046.jpeg,34,Sumatera_Utara_Boraspati,34,Sumatera_Utara_Boraspati,0.99198145,True
C:\Users\dzaki\OneDrive\Dokumen\Bahasa Pemograman\Python\Batik\datasets\raw\dataset_augmented\Sumatera_Utara_Boraspati\aug_0_2319.jpeg,34,Sumatera_Utara_Boraspati,34,Sumatera_Utara_Boraspati,0.9983399,True
C:\Users\dzaki\OneDrive\Dokumen\Bahasa Pemograman\Python\Batik\datasets\raw\dataset_augmented\Sumatera_Utara_Boraspati\aug_0_267.jpeg,34,Sumatera_Utara_Boraspati,34,Sumatera_Utara_Boraspati,0.99493295,True
C:\Users\dzaki\OneDrive\Dokumen\Bahasa Pemograman\Python\Batik\datasets\raw\dataset_augmented\Sumatera_Utara_Boraspati\aug_0_3354.jpeg,34,Sumatera_Utara_Boraspati,34,Sumatera_Utara_Boraspati,0.9986135,True
C:\Users\dzaki\OneDrive\Dokumen\Bahasa Pemograman\Python\Batik\datasets\raw\dataset_augmented\Sumatera_Utara_Boraspati\aug_0_4035.jpeg,34,Sumatera_Utara_Boraspati,34,Sumatera_Utara_Boraspati,0.9923113,True
C:\Users\dzaki\OneDrive\Dokumen\Bahasa Pemograman\Python\Batik\datasets\raw\dataset_augmented\Sumatera_Utara_Boraspati\aug_0_4130.jpeg,34,Sumatera_Utara_Boraspati,34,Sumatera_Utara_Boraspati,0.9996728,True
C:\Users\dzaki\OneDrive\Dokumen\Bahasa Pemograman\Python\Batik\datasets\raw\dataset_augmented\Sumatera_Utara_Boraspati\aug_0_4516.jpeg,34,Sumatera_Utara_Boraspati,34,Sumatera_Utara_Boraspati,0.9437514,True
C:\Users\dzaki\OneDrive\Dokumen\Bahasa Pemograman\Python\Batik\datasets\raw\dataset_augmented\Sumatera_Utara_Boraspati\aug_0_4944.jpeg,34,Sumatera_Utara_Boraspati,34,Sumatera_Utara_Boraspati,0.9900781,True
C:\Users\dzaki\OneDrive\Dokumen\Bahasa Pemograman\Python\Batik\datasets\raw\dataset_augmented\Sumatera_Utara_Boraspati\aug_0_4963.jpeg,34,Sumatera_Utara_Boraspati,34,Sumatera_Utara_Boraspati,0.9929174,True
C:\Users\dzaki\OneDrive\Dokumen\Bahasa Pemograman\Python\Batik\datasets\raw\dataset_augmented\Sumatera_Utara_Boraspati\aug_0_5059.jpeg,34,Sumatera_Utara_Boraspati,34,Sumatera_Utara_Boraspati,0.9972717,True
C:\Users\dzaki\OneDrive\Dokumen\Bahasa Pemograman\Python\Batik\datasets\raw\dataset_augmented\Sumatera_Utara_Boraspati\aug_0_5551.jpeg,34,Sumatera_Utara_Boraspati,34,Sumatera_Utara_Boraspati,0.96482676,True
C:\Users\dzaki\OneDrive\Dokumen\Bahasa Pemograman\Python\Batik\datasets\raw\dataset_augmented\Sumatera_Utara_Boraspati\aug_0_5660.jpeg,34,Sumatera_Utara_Boraspati,34,Sumatera_Utara_Boraspati,0.99947935,True
C:\Users\dzaki\OneDrive\Dokumen\Bahasa Pemograman\Python\Batik\datasets\raw\dataset_augmented\Sumatera_Utara_Boraspati\aug_0_578.jpeg,34,Sumatera_Utara_Boraspati,34,Sumatera_Utara_Boraspati,0.9997433,True
C:\Users\dzaki\OneDrive\Dokumen\Bahasa Pemograman\Python\Batik\datasets\raw\dataset_augmented\Sumatera_Utara_Boraspati\aug_0_6043.jpeg,34,Sumatera_Utara_Boraspati,34,Sumatera_Utara_Boraspati,0.9784454,True
C:\Users\dzaki\OneDrive\Dokumen\Bahasa Pemograman\Python\Batik\datasets\raw\dataset_augmented\Sumatera_Utara_Boraspati\aug_0_6196.jpeg,34,Sumatera_Utara_Boraspati,34,Sumatera_Utara_Boraspati,0.9879204,True
C:\Users\dzaki\OneDrive\Dokumen\Bahasa Pemograman\Python\Batik\datasets\raw\dataset_augmented\Sumatera_Utara_Boraspati\aug_0_6220.jpeg,34,Sumatera_Utara_Boraspati,34,Sumatera_Utara_Boraspati,0.9979273,True
C:\Users\dzaki\OneDrive\Dokumen\Bahasa Pemograman\Python\Batik\datasets\raw\dataset_augmented\Sumatera_Utara_Boraspati\aug_0_656.jpeg,34,Sumatera_Utara_Boraspati,34,Sumatera_Utara_Boraspati,0.998978,True
C:\Users\dzaki\OneDrive\Dokumen\Bahasa Pemograman\Python\Batik\datasets\raw\dataset_augmented\Sumatera_Utara_Boraspati\aug_0_6731.jpeg,34,Sumatera_Utara_Boraspati,34,Sumatera_Utara_Boraspati,0.9997907,True
C:\Users\dzaki\OneDrive\Dokumen\Bahasa Pemograman\Python\Batik\datasets\raw\dataset_augmented\Sumatera_Utara_Boraspati\aug_0_6752.jpeg,34,Sumatera_Utara_Boraspati,34,Sumatera_Utara_Boraspati,0.98836505,True
C:\Users\dzaki\OneDrive\Dokumen\Bahasa Pemograman\Python\Batik\datasets\raw\dataset_augmented\Sumatera_Utara_Boraspati\aug_0_6843.jpeg,34,Sumatera_Utara_Boraspati,34,Sumatera_Utara_Boraspati,0.9795116,True
C:\Users\dzaki\OneDrive\Dokumen\Bahasa Pemograman\Python\Batik\datasets\raw\dataset_augmented\Sumatera_Utara_Boraspati\aug_0_6938.jpeg,34,Sumatera_Utara_Boraspati,34,Sumatera_Utara_Boraspati,0.79565483,True
C:\Users\dzaki\OneDrive\Dokumen\Bahasa Pemograman\Python\Batik\datasets\raw\dataset_augmented\Sumatera_Utara_Boraspati\aug_0_7068.jpeg,34,Sumatera_Utara_Boraspati,34,Sumatera_Utara_Boraspati,0.9784468,True
C:\Users\dzaki\OneDrive\Dokumen\Bahasa Pemograman\Python\Batik\datasets\raw\dataset_augmented\Sumatera_Utara_Boraspati\aug_0_715.jpeg,34,Sumatera_Utara_Boraspati,34,Sumatera_Utara_Boraspati,0.99646217,True
C:\Users\dzaki\OneDrive\Dokumen\Bahasa Pemograman\Python\Batik\datasets\raw\dataset_augmented\Sumatera_Utara_Boraspati\aug_0_7353.jpeg,34,Sumatera_Utara_Boraspati,34,Sumatera_Utara_Boraspati,0.98527247,True
C:\Users\dzaki\OneDrive\Dokumen\Bahasa Pemograman\Python\Batik\datasets\raw\dataset_augmented\Sumatera_Utara_Boraspati\aug_0_7376.jpeg,34,Sumatera_Utara_Boraspati,34,Sumatera_Utara_Boraspati,0.9995974,True
C:\Users\dzaki\OneDrive\Dokumen\Bahasa Pemograman\Python\Batik\datasets\raw\dataset_augmented\Sumatera_Utara_Boraspati\aug_0_7637.jpeg,34,Sumatera_Utara_Boraspati,34,Sumatera_Utara_Boraspati,0.9995363,True
C:\Users\dzaki\OneDrive\Dokumen\Bahasa Pemograman\Python\Batik\datasets\raw\dataset_augmented\Sumatera_Utara_Boraspati\aug_0_7773.jpeg,34,Sumatera_Utara_Boraspati,34,Sumatera_Utara_Boraspati,0.8399479,True
C:\Users\dzaki\OneDrive\Dokumen\Bahasa Pemograman\Python\Batik\datasets\raw\dataset_augmented\Sumatera_Utara_Boraspati\aug_0_8262.jpeg,34,Sumatera_Utara_Boraspati,34,Sumatera_Utara_Boraspati,0.9804883,True
C:\Users\dzaki\OneDrive\Dokumen\Bahasa Pemograman\Python\Batik\datasets\raw\dataset_augmented\Sumatera_Utara_Boraspati\aug_0_8480.jpeg,34,Sumatera_Utara_Boraspati,34,Sumatera_Utara_Boraspati,0.99713194,True
C:\Users\dzaki\OneDrive\Dokumen\Bahasa Pemograman\Python\Batik\datasets\raw\dataset_augmented\Sumatera_Utara_Boraspati\aug_0_8547.jpeg,34,Sumatera_Utara_Boraspati,34,Sumatera_Utara_Boraspati,0.99802065,True
C:\Users\dzaki\OneDrive\Dokumen\Bahasa Pemograman\Python\Batik\datasets\raw\dataset_augmented\Sumatera_Utara_Boraspati\aug_0_8572.jpeg,34,Sumatera_Utara_Boraspati,34,Sumatera_Utara_Boraspati,0.9905199,True
C:\Users\dzaki\OneDrive\Dokumen\Bahasa Pemograman\Python\Batik\datasets\raw\dataset_augmented\Sumatera_Utara_Boraspati\aug_0_8663.jpeg,34,Sumatera_Utara_Boraspati,34,Sumatera_Utara_Boraspati,0.997315,True
C:\Users\dzaki\OneDrive\Dokumen\Bahasa Pemograman\Python\Batik\datasets\raw\dataset_augmented\Sumatera_Utara_Boraspati\aug_0_9749.jpeg,34,Sumatera_Utara_Boraspati,34,Sumatera_Utara_Boraspati,0.9919835,True
C:\Users\dzaki\OneDrive\Dokumen\Bahasa Pemograman\Python\Batik\datasets\raw\dataset_augmented\Sumatera_Utara_Boraspati\aug_0_9959.jpeg,34,Sumatera_Utara_Boraspati,34,Sumatera_Utara_Boraspati,0.9333168,True
